text,category,priority
There is a large pothole on the main road,Road/Pothole,Low
The road near my house is broken,Road/Pothole,Medium
Garbage has not been collected for three days,Garbage,Medium
The dustbin is overflowing,Garbage,High
There is no water supply since morning,Water,High
Water pipeline is leaking,Water,Medium
The drainage is blocked,Drainage,High
Sewage water is overflowing on the road,Drainage,High
The streetlight is not working,Streetlight,Medium
The lamp near my house is broken,Streetlight,Medium
Smoke and air pollution is affecting the area,Pollution,Low
There is too much pollution near the school,Pollution,High
Road has many potholes and needs repair,Road/Pothole,Medium
Waste is dumped near the residential area,Garbage,Low
Water pipe has burst,Water,High
Drain is overflowing,Drainage,High
Street light has stopped working,Streetlight,Medium
Heavy smoke is coming from the factory,Pollution,Low
Road surface is damaged badly,Road/Pothole,Medium
Garbage is scattered everywhere,Garbage,Low
Tap water is not available,Water,Low
Blocked drain is causing dirty water,Drainage,High
The street lamp is not working at night,Streetlight,Medium
Air quality is very poor because of smoke,Pollution,Low
Several potholes are making the road unsafe,Road/Pothole,Low
Uncollected waste is creating a bad smell,Garbage,Medium
Low water pressure in our area,Water,Low
Drainage water is entering the street,Drainage,Low
Streetlight near the bus stop is broken,Streetlight,Medium
Smoke pollution is increasing in our locality,Pollution,Low
Broken road is causing problems for vehicles,Road/Pothole,Medium
Overflowing garbage bin needs cleaning,Garbage,High
No drinking water supply in the area,Water,Low
Blocked sewage line is causing overflow,Drainage,High
Street lights are not working on our road,Streetlight,Medium
Pollution caused by smoke is very high,Pollution,Low
Deep potholes have appeared on the road,Road/Pothole,Low
Garbage collection vehicle did not come,Garbage,Low
Water supply has been stopped,Water,Low
Drain is completely blocked,Drainage,High
Street lamp is damaged,Streetlight,Medium
There is excessive smoke and pollution,Pollution,Low
Road repair is urgently needed,Road/Pothole,Low
Trash is lying on the roadside,Garbage,Low
Pipeline damage has stopped water supply,Water,Low
Sewage is leaking onto the road,Drainage,High
Streetlight pole is damaged,Streetlight,Medium
Air pollution is causing problems,Pollution,Low
Many potholes are present near the college,Road/Pothole,Low
Garbage bins are overflowing in the locality,Garbage,High
Water is not coming from the taps,Water,Low
Drainage system is overflowing,Drainage,High
Streetlights are completely dark at night,Streetlight,Low
Factory smoke is causing pollution,Pollution,Low
Road is damaged after heavy rain,Road/Pothole,Medium
Waste has been dumped illegally,Garbage,Low
Water pipeline is broken,Water,Medium
Dirty sewage water is flowing outside,Drainage,High
Street lamp stopped working,Streetlight,Medium
Bad air pollution due to smoke,Pollution,Low
Large pothole near the bus stop,Road/Pothole,Low
Garbage is not being collected,Garbage,Low
Water supply is irregular,Water,Low
Drain is clogged with waste,Drainage,Low
Streetlight is flickering and not working,Streetlight,Medium
Smoke from vehicles is causing pollution,Pollution,Low
Road needs immediate repair,Road/Pothole,Low
Overflowing waste is blocking the area,Garbage,High
No water in our locality,Water,High
Drainage pipe is blocked,Drainage,High
Street light is broken near the market,Streetlight,Medium
Severe air pollution in the city,Pollution,Low
Road has cracks and potholes,Road/Pothole,Low
Unclean garbage is attracting insects,Garbage,Low
Water pipeline leakage is wasting water,Water,Medium
Open drainage is overflowing,Drainage,High
Streetlight is broken and area is dark,Streetlight,Medium
Smoke is making the air unhealthy,Pollution,Low
Road is full of potholes,Road/Pothole,Low
Garbage is piling up near houses,Garbage,Low
Water shortage in our neighborhood,Water,Low
Sewage drain is blocked,Drainage,High
Street lamp near the school is not working,Streetlight,High
Air is polluted due to industrial smoke,Pollution,Low
Damaged road is dangerous for commuters,Road/Pothole,High
Trash collection is delayed,Garbage,Low
Water supply problem in the neighborhood,Water,Low
Drainage overflow is causing bad smell,Drainage,Medium
No streetlight on the road,Streetlight,Low
Polluted air due to excessive smoke,Pollution,Low
Road potholes are causing accidents,Road/Pothole,Critical
Garbage is overflowing from bins,Garbage,High
Water connection is not working,Water,Medium
Drainage blockage is causing flooding,Drainage,High
Streetlight stopped functioning,Streetlight,Low
Smoke pollution is affecting residents,Pollution,Low
Badly damaged pothole on the main road,Road/Pothole,Medium
Garbage has accumulated for many days,Garbage,Medium
Water shortage has affected our area,Water,Low
Blocked drain is overflowing with sewage,Drainage,High
Streetlights are not functioning,Streetlight,Low
Heavy air pollution near the highway,Pollution,Low
Road is broken and full of potholes,Road/Pothole,Medium
Garbage collection has not happened,Garbage,Low
Water supply is unavailable,Water,Low
Drain is blocked and overflowing,Drainage,High
Streetlight is not functioning at night,Streetlight,Low
Smoke is causing serious air pollution,Pollution,Low
Road repair required because of potholes,Road/Pothole,Medium
Waste is accumulating near the road,Garbage,Low
Water pipeline has a leak,Water,Medium
Sewage overflow is blocking the road,Drainage,High
Broken street lamp needs replacement,Streetlight,Medium
Pollution levels are very high,Pollution,Low
Several potholes are present,Road/Pothole,Low
Garbage disposal problem in our locality,Garbage,Low
Water is not supplied regularly,Water,Low
Drainage line needs cleaning,Drainage,Low
Streetlight needs repair,Streetlight,Medium
Smoke pollution is getting worse,Pollution,Low
Damaged potholes on the street,Road/Pothole,Medium
Garbage is lying on the street,Garbage,Low
Water pipe is damaged,Water,Medium
Blocked drainage is causing waterlogging,Drainage,High
Street lamp is broken,Streetlight,Medium
Air pollution from traffic is high,Pollution,Low
Road has dangerous potholes,Road/Pothole,High
Garbage is not removed regularly,Garbage,Low
Water supply has been interrupted,Water,Low
Drainage water is overflowing,Drainage,High
Streetlight near my house is damaged,Streetlight,Medium
Industrial smoke is polluting the area,Pollution,Low
Road needs pothole repair,Road/Pothole,Low
Overflowing garbage needs immediate removal,Garbage,High
Water shortage needs urgent attention,Water,Low
Blocked drainage needs cleaning,Drainage,High
Streetlights need immediate repair,Streetlight,Low
Smoke and pollution are affecting people,Pollution,Low
Multiple potholes on the road,Road/Pothole,Low
Garbage collection is not happening,Garbage,Low
Water supply has stopped,Water,Low
Drain blockage is causing overflow,Drainage,Low
Streetlight is broken,Streetlight,Medium
Severe pollution caused by smoke,Pollution,Low
Road damage needs urgent repair,Road/Pothole,Low
Garbage is scattered around the area,Garbage,Low
No water supply since yesterday,Water,High
Sewage is overflowing from the drain,Drainage,High
Street lamp is not working,Streetlight,Medium
Air pollution is very severe,Pollution,Low
Road pothole needs immediate attention,Road/Pothole,Low
Garbage has not been collected,Garbage,Low
Water pipeline problem in our area,Water,Low
Drain is overflowing with dirty water,Drainage,High
Streetlight is not working properly,Streetlight,Medium
Smoke is causing poor air quality,Pollution,Low
Broken potholes are damaging vehicles,Road/Pothole,Medium
Trash is piling up,Garbage,Low
Water supply is very poor,Water,Low
Drainage is clogged,Drainage,Low
Streetlight is off at night,Streetlight,Low
Pollution from vehicles is increasing,Pollution,Low
Road is unsafe because of potholes,Road/Pothole,Low
Garbage bins need immediate cleaning,Garbage,Low
Water is unavailable in our locality,Water,Low
Drainage overflow is causing problems,Drainage,Low
Streetlight pole needs repair,Streetlight,Medium
Smoke pollution is affecting the neighborhood,Pollution,Low
Road surface has many potholes,Road/Pothole,Low
Garbage is being dumped on the roadside,Garbage,Low
Water pipeline is leaking badly,Water,Medium
Drain is blocked with garbage,Drainage,High
Street light near the road is broken,Streetlight,Medium
Air pollution is increasing,Pollution,Low
Road repair is required,Road/Pothole,Low
Garbage collection problem,Garbage,Low
Water supply problem,Water,Low
Drainage problem in our area,Drainage,Low
Streetlight problem near our house,Streetlight,Low
Pollution problem due to smoke,Pollution,Low
Large potholes are present on the road,Road/Pothole,Low
Uncollected garbage is piling up,Garbage,Low
Water shortage in the area,Water,Low
Drainage is blocked and overflowing,Drainage,High
Streetlights are not working properly,Streetlight,Medium
Excessive smoke pollution in the area,Pollution,Low
Damaged road requires repair,Road/Pothole,Medium
Waste is accumulating,Garbage,Low
Water is not coming,Water,Low
Sewage drain is overflowing,Drainage,High
Streetlight needs replacement,Streetlight,Low
Air quality is poor due to pollution,Pollution,Low
Road potholes are dangerous,Road/Pothole,High
Garbage needs to be removed,Garbage,Low
Water supply is not available,Water,Low
Blocked drain needs urgent attention,Drainage,High
Street lamp needs repair,Streetlight,Medium
Smoke is polluting the air,Pollution,Low
Road is badly damaged,Road/Pothole,Medium
Garbage is overflowing,Garbage,High
Water supply is disrupted,Water,Low
Drainage is overflowing,Drainage,High
Streetlight is damaged,Streetlight,Medium
Pollution is affecting the locality,Pollution,Low
Many potholes on the main road,Road/Pothole,Low
Garbage is not collected,Garbage,Low
Water supply has stopped,Water,Low
Drain is blocked,Drainage,High
Streetlight is not working,Streetlight,Medium
Smoke pollution is severe,Pollution,Low
Road is full of dangerous potholes,Road/Pothole,High
Garbage is piling up,Garbage,Low
No water supply,Water,High
Drainage blockage,Drainage,Low
Streetlight failure,Streetlight,Low
Severe air pollution,Pollution,Low
Road damage complaint,Road/Pothole,Low
Garbage collection complaint,Garbage,Low
Water supply complaint,Water,Low
Drainage complaint,Drainage,Low
Streetlight complaint,Streetlight,Low
Air pollution complaint,Pollution,Low
Road has potholes,Road/Pothole,Low
Waste collection issue,Garbage,Low
Water supply issue,Water,Low
Drain blockage issue,Drainage,Low
Streetlight issue,Streetlight,Low
Pollution issue,Pollution,Low
Road maintenance problem,Road/Pothole,Low
Garbage disposal issue,Garbage,Low
Water pipeline issue,Water,Low
Sewage problem,Drainage,High
Street lamp issue,Streetlight,Low
Air quality issue,Pollution,Low
Damaged road near my home,Road/Pothole,Medium
Garbage problem near my home,Garbage,Low
Water problem near my home,Water,Low
Drainage problem near my home,Drainage,Low
Streetlight problem near my home,Streetlight,Low
Pollution problem near my home,Pollution,Low
Road needs maintenance,Road/Pothole,Low
Garbage needs collection,Garbage,Low
Water needs to be supplied,Water,Low
Drain needs cleaning,Drainage,Low
Streetlight needs fixing,Streetlight,Low
Pollution needs attention,Pollution,Low
Road pothole complaint,Road/Pothole,Low
Garbage overflow complaint,Garbage,Low
Water shortage complaint,Water,Low
Drainage overflow complaint,Drainage,Low
Streetlight failure complaint,Streetlight,Low
Pollution complaint,Pollution,Low
Road repair complaint,Road/Pothole,Low
Garbage removal complaint,Garbage,Low
Water supply complaint,Water,Low
Drainage repair complaint,Drainage,Low
Streetlight repair complaint,Streetlight,Low
Air pollution complaint,Pollution,Low
Road condition is poor,Road/Pothole,Low
Garbage condition is poor,Garbage,Low
Water supply is poor,Water,Low
Drainage condition is poor,Drainage,Low
Street lighting is poor,Streetlight,Low
Air quality is poor,Pollution,Low
Road is damaged,Road/Pothole,Medium
Garbage is overflowing,Garbage,High
Water is unavailable,Water,Low
Drain is clogged,Drainage,Low
Streetlight is broken,Streetlight,Medium
Air is polluted,Pollution,Low
Road potholes need repair,Road/Pothole,Low
Waste needs removal,Garbage,Low
Water pipeline needs repair,Water,Medium
Drain needs repair,Drainage,Medium
Streetlight needs repair,Streetlight,Medium
Pollution needs control,Pollution,Low
Road complaint from residents,Road/Pothole,Low
Garbage complaint from residents,Garbage,Low
Water complaint from residents,Water,Low
Drainage complaint from residents,Drainage,Low
Streetlight complaint from residents,Streetlight,Low
Pollution complaint from residents,Pollution,Low
Road issue reported by citizen,Road/Pothole,Low
Garbage issue reported by citizen,Garbage,Low
Water issue reported by citizen,Water,Low
Drainage issue reported by citizen,Drainage,Low
Streetlight issue reported by citizen,Streetlight,Low
Pollution issue reported by citizen,Pollution,Low
Road problem reported in our area,Road/Pothole,Low
Garbage problem reported in our area,Garbage,Low
Water problem reported in our area,Water,Low
Drainage problem reported in our area,Drainage,Low
Streetlight problem reported in our area,Streetlight,Low
Pollution problem reported in our area,Pollution,Low
Road infrastructure issue,Road/Pothole,Low
Garbage management issue,Garbage,Low
Water infrastructure issue,Water,Low
Drainage infrastructure issue,Drainage,Low
Streetlight infrastructure issue,Streetlight,Low
Air pollution issue,Pollution,Low
Road infrastructure needs repair,Road/Pothole,Medium
Garbage management needs improvement,Garbage,Low
Water infrastructure needs improvement,Water,Low
Drainage infrastructure needs repair,Drainage,Medium
Streetlight infrastructure needs repair,Streetlight,Medium
Air pollution needs control,Pollution,Low
Road service complaint,Road/Pothole,Low
Garbage service complaint,Garbage,Low
Water service complaint,Water,Low
Drainage service complaint,Drainage,Low
Streetlight service complaint,Streetlight,Low
Pollution service complaint,Pollution,Low
Road maintenance complaint,Road/Pothole,Low
Garbage maintenance complaint,Garbage,Low
Water maintenance complaint,Water,Low
Drainage maintenance complaint,Drainage,Low
Streetlight maintenance complaint,Streetlight,Low
Pollution control complaint,Pollution,Low
Road-related civic complaint,Road/Pothole,Low
Garbage-related civic complaint,Garbage,Low
Water-related civic complaint,Water,Low
Drainage-related civic complaint,Drainage,Low
Streetlight-related civic complaint,Streetlight,Low
Pollution-related civic complaint,Pollution,Low
Complaint about road,Road/Pothole,Low
Complaint about garbage,Garbage,Low
Complaint about water,Water,Low
Complaint about drainage,Drainage,Low
Complaint about streetlight,Streetlight,Low
Complaint about pollution,Pollution,Low
Please repair the road,Road/Pothole,Low
Please collect the garbage,Garbage,Low
Please restore water supply,Water,Low
Please clean the drain,Drainage,Low
Please repair the streetlight,Streetlight,Low
Please address the pollution,Pollution,Low
Urgent road repair required,Road/Pothole,Medium
Urgent garbage removal required,Garbage,Low
Urgent water supply required,Water,Low
Urgent drainage repair required,Drainage,Medium
Urgent streetlight repair required,Streetlight,Medium
Urgent pollution control required,Pollution,Low
Citizens are facing road problems,Road/Pothole,Low
Citizens are facing garbage problems,Garbage,Low
Citizens are facing water problems,Water,Low
Citizens are facing drainage problems,Drainage,Low
Citizens are facing streetlight problems,Streetlight,Low
Citizens are facing pollution problems,Pollution,Low
Public road is damaged,Road/Pothole,Medium
Public garbage problem,Garbage,Low
Public water supply problem,Water,Low
Public drainage problem,Drainage,Low
Public streetlight problem,Streetlight,Low
Public pollution problem,Pollution,Low
Road issue requires attention,Road/Pothole,Low
Garbage issue requires attention,Garbage,Low
Water issue requires attention,Water,Low
Drainage issue requires attention,Drainage,Low
Streetlight issue requires attention,Streetlight,Low
Pollution issue requires attention,Pollution,Low
Road complaint needs action,Road/Pothole,Low
Garbage complaint needs action,Garbage,Low
Water complaint needs action,Water,Low
Drainage complaint needs action,Drainage,Low
Streetlight complaint needs action,Streetlight,Low
Pollution complaint needs action,Pollution,Low
Road problem needs action,Road/Pothole,Low
Garbage problem needs action,Garbage,Low
Water problem needs action,Water,Low
Drainage problem needs action,Drainage,Low
Streetlight problem needs action,Streetlight,Low
Pollution problem needs action,Pollution,Low
Road problem is getting worse,Road/Pothole,Low
Garbage problem is getting worse,Garbage,Low
Water problem is getting worse,Water,Low
Drainage problem is getting worse,Drainage,Low
Streetlight problem is getting worse,Streetlight,Low
Pollution problem is getting worse,Pollution,Low
Road issue is affecting residents,Road/Pothole,Low
Garbage issue is affecting residents,Garbage,Low
Water issue is affecting residents,Water,Low
Drainage issue is affecting residents,Drainage,Low
Streetlight issue is affecting residents,Streetlight,Low
Pollution issue is affecting residents,Pollution,Low
Road issue is affecting commuters,Road/Pothole,Low
Garbage issue is affecting the neighborhood,Garbage,Low
Water issue is affecting households,Water,Low
Drainage issue is affecting the neighborhood,Drainage,Low
Streetlight issue is affecting pedestrians,Streetlight,Low
Pollution issue is affecting residents,Pollution,Low
Road issue reported by residents,Road/Pothole,Low
Garbage issue reported by residents,Garbage,Low
Water issue reported by residents,Water,Low
Drainage issue reported by residents,Drainage,Low
Streetlight issue reported by residents,Streetlight,Low
Pollution issue reported by residents,Pollution,Low
Road complaint reported by residents,Road/Pothole,Low
Garbage complaint reported by residents,Garbage,Low
Water complaint reported by residents,Water,Low
Drainage complaint reported by residents,Drainage,Low
Streetlight complaint reported by residents,Streetlight,Low
Pollution complaint reported by residents,Pollution,Low
Road service needs improvement,Road/Pothole,Low
Garbage service needs improvement,Garbage,Low
Water service needs improvement,Water,Low
Drainage service needs improvement,Drainage,Low
Streetlight service needs improvement,Streetlight,Low
Pollution control needs improvement,Pollution,Low
Road infrastructure is poor,Road/Pothole,Low
Garbage infrastructure is poor,Garbage,Low
Water infrastructure is poor,Water,Low
Drainage infrastructure is poor,Drainage,Low
Streetlight infrastructure is poor,Streetlight,Low
Air quality is poor in our area,Pollution,Low
Road repair needed in our area,Road/Pothole,Low
Garbage removal needed in our area,Garbage,Low
Water supply needed in our area,Water,Low
Drain cleaning needed in our area,Drainage,Low
Streetlight repair needed in our area,Streetlight,Low
Pollution control needed in our area,Pollution,Low
Road is creating traffic problems,Road/Pothole,Low
Garbage is creating hygiene problems,Garbage,Low
Water shortage is affecting families,Water,Low
Drainage is creating flooding problems,Drainage,High
Streetlight is creating safety problems,Streetlight,Low
Pollution is creating health concerns,Pollution,Low
Road damage is creating safety concerns,Road/Pothole,Low
Garbage accumulation is creating hygiene concerns,Garbage,Low
Water shortage is creating difficulties,Water,Low
Drainage overflow is creating difficulties,Drainage,Low
Streetlight failure is creating safety concerns,Streetlight,Low
Air pollution is creating concerns,Pollution,Low
Road pothole is dangerous,Road/Pothole,High
Garbage overflow is unhygienic,Garbage,Low
Water shortage is serious,Water,Low
Drainage overflow is serious,Drainage,Low
Streetlight failure is serious,Streetlight,Low
Air pollution is serious,Pollution,Low
Road repair should be done,Road/Pothole,Low
Garbage should be collected,Garbage,Low
Water supply should be restored,Water,Low
Drain should be cleaned,Drainage,Low
Streetlight should be repaired,Streetlight,Low
Pollution should be controlled,Pollution,Low
Road needs immediate action,Road/Pothole,Low
Garbage needs immediate action,Garbage,Low
Water needs immediate action,Water,Low
Drainage needs immediate action,Drainage,Low
Streetlight needs immediate action,Streetlight,Low
Pollution needs immediate action,Pollution,Low
Road complaint is urgent,Road/Pothole,Low
Garbage complaint is urgent,Garbage,Low
Water complaint is urgent,Water,Low
Drainage complaint is urgent,Drainage,Low
Streetlight complaint is urgent,Streetlight,Low
Pollution complaint is urgent,Pollution,Low
Road issue is urgent,Road/Pothole,Low
Garbage issue is urgent,Garbage,Low
Water issue is urgent,Water,Low
Drainage issue is urgent,Drainage,Low
Streetlight issue is urgent,Streetlight,Low
Pollution issue is urgent,Pollution,Low
Road problem is urgent,Road/Pothole,Low
Garbage problem is urgent,Garbage,Low
Water problem is urgent,Water,Low
Drainage problem is urgent,Drainage,Low
Streetlight problem is urgent,Streetlight,Low
Pollution problem is urgent,Pollution,Low
Road issue needs urgent attention,Road/Pothole,Low
Garbage issue needs urgent attention,Garbage,Low
Water issue needs urgent attention,Water,Low
Drainage issue needs urgent attention,Drainage,Low
Streetlight issue needs urgent attention,Streetlight,Low
Pollution issue needs urgent attention,Pollution,Low
Road problem needs urgent attention,Road/Pothole,Low
Garbage problem needs urgent attention,Garbage,Low
Water problem needs urgent attention,Water,Low
Drainage problem needs urgent attention,Drainage,Low
Streetlight problem needs urgent attention,Streetlight,Low
Pollution problem needs urgent attention,Pollution,Low
Road complaint requires urgent action,Road/Pothole,Low
Garbage complaint requires urgent action,Garbage,Low
Water complaint requires urgent action,Water,Low
Drainage complaint requires urgent action,Drainage,Low
Streetlight complaint requires urgent action,Streetlight,Low
Pollution complaint requires urgent action,Pollution,Low
Road service is poor,Road/Pothole,Low
Garbage service is poor,Garbage,Low
Water service is poor,Water,Low
Drainage service is poor,Drainage,Low
Streetlight service is poor,Streetlight,Low
Pollution control service is poor,Pollution,Low
Road condition needs improvement,Road/Pothole,Low
Garbage management needs improvement,Garbage,Low
Water supply needs improvement,Water,Low
Drainage system needs improvement,Drainage,Low
Street lighting needs improvement,Streetlight,Low
Pollution control needs improvement,Pollution,Low
Road problem in residential area,Road/Pothole,Low
Garbage problem in residential area,Garbage,Low
Water problem in residential area,Water,Low
Drainage problem in residential area,Drainage,Low
Streetlight problem in residential area,Streetlight,Low
Pollution problem in residential area,Pollution,Low
Road problem near school,Road/Pothole,High
Garbage problem near school,Garbage,High
Water problem near school,Water,High
Drainage problem near school,Drainage,High
Streetlight problem near school,Streetlight,High
Pollution problem near school,Pollution,High
Road problem near hospital,Road/Pothole,High
Garbage problem near hospital,Garbage,High
Water problem near hospital,Water,High
Drainage problem near hospital,Drainage,High
Streetlight problem near hospital,Streetlight,High
Pollution problem near hospital,Pollution,High
Road problem near market,Road/Pothole,Low
Garbage problem near market,Garbage,Low
Water problem near market,Water,Low
Drainage problem near market,Drainage,Low
Streetlight problem near market,Streetlight,Low
Pollution problem near market,Pollution,Low
Road problem near bus stop,Road/Pothole,Low
Garbage problem near bus stop,Garbage,Low
Water problem near bus stop,Water,Low
Drainage problem near bus stop,Drainage,Low
Streetlight problem near bus stop,Streetlight,Low
Pollution problem near bus stop,Pollution,Low
Road problem near college,Road/Pothole,Low
Garbage problem near college,Garbage,Low
Water problem near college,Water,Low
Drainage problem near college,Drainage,Low
Streetlight problem near college,Streetlight,Low
Pollution problem near college,Pollution,Low
Road issue near school,Road/Pothole,High
Garbage issue near school,Garbage,High
Water issue near school,Water,High
Drainage issue near school,Drainage,High
Streetlight issue near school,Streetlight,High
Pollution issue near school,Pollution,High
Road issue near hospital,Road/Pothole,High
Garbage issue near hospital,Garbage,High
Water issue near hospital,Water,High
Drainage issue near hospital,Drainage,High
Streetlight issue near hospital,Streetlight,High
Pollution issue near hospital,Pollution,High
Road issue near market,Road/Pothole,Low
Garbage issue near market,Garbage,Low
Water issue near market,Water,Low
Drainage issue near market,Drainage,Low
Streetlight issue near market,Streetlight,Low
Pollution issue near market,Pollution,Low
Road issue near bus stop,Road/Pothole,Low
Garbage issue near bus stop,Garbage,Low
Water issue near bus stop,Water,Low
Drainage issue near bus stop,Drainage,Low
Streetlight issue near bus stop,Streetlight,Low
Pollution issue near bus stop,Pollution,Low
Road issue near college,Road/Pothole,Low
Garbage issue near college,Garbage,Low
Water issue near college,Water,Low
Drainage issue near college,Drainage,Low
Streetlight issue near college,Streetlight,Low
Pollution issue near college,Pollution,Low
Road complaint near school,Road/Pothole,High
Garbage complaint near school,Garbage,High
Water complaint near school,Water,High
Drainage complaint near school,Drainage,High
Streetlight complaint near school,Streetlight,High
Pollution complaint near school,Pollution,High
Road complaint near hospital,Road/Pothole,High
Garbage complaint near hospital,Garbage,High
Water complaint near hospital,Water,High
Drainage complaint near hospital,Drainage,High
Streetlight complaint near hospital,Streetlight,High
Pollution complaint near hospital,Pollution,High
Road complaint near market,Road/Pothole,Low
Garbage complaint near market,Garbage,Low
Water complaint near market,Water,Low
Drainage complaint near market,Drainage,Low
Streetlight complaint near market,Streetlight,Low
Pollution complaint near market,Pollution,Low
Road complaint near bus stop,Road/Pothole,Low
Garbage complaint near bus stop,Garbage,Low
Water complaint near bus stop,Water,Low
Drainage complaint near bus stop,Drainage,Low
Streetlight complaint near bus stop,Streetlight,Low
Pollution complaint near bus stop,Pollution,Low
Road complaint near college,Road/Pothole,Low
Garbage complaint near college,Garbage,Low
Water complaint near college,Water,Low
Drainage complaint near college,Drainage,Low
Streetlight complaint near college,Streetlight,Low
Pollution complaint near college,Pollution,Low
Road problem near my location,Road/Pothole,Low
Garbage problem near my location,Garbage,Low
Water problem near my location,Water,Low
Drainage problem near my location,Drainage,Low
Streetlight problem near my location,Streetlight,Low
Pollution problem near my location,Pollution,Low
Road complaint from my area,Road/Pothole,Low
Garbage complaint from my area,Garbage,Low
Water complaint from my area,Water,Low
Drainage complaint from my area,Drainage,Low
Streetlight complaint from my area,Streetlight,Low
Pollution complaint from my area,Pollution,Low
Road issue in my locality,Road/Pothole,Low
Garbage issue in my locality,Garbage,Low
Water issue in my locality,Water,Low
Drainage issue in my locality,Drainage,Low
Streetlight issue in my locality,Streetlight,Low
Pollution issue in my locality,Pollution,Low
Road issue in my neighborhood,Road/Pothole,Low
Garbage issue in my neighborhood,Garbage,Low
Water issue in my neighborhood,Water,Low
Drainage issue in my neighborhood,Drainage,Low
Streetlight issue in my neighborhood,Streetlight,Low
Pollution issue in my neighborhood,Pollution,Low
Road problem in my neighborhood,Road/Pothole,Low
Garbage problem in my neighborhood,Garbage,Low
Water problem in my neighborhood,Water,Low
Drainage problem in my neighborhood,Drainage,Low
Streetlight problem in my neighborhood,Streetlight,Low
Pollution problem in my neighborhood,Pollution,Low
Road complaint in my neighborhood,Road/Pothole,Low
Garbage complaint in my neighborhood,Garbage,Low
Water complaint in my neighborhood,Water,Low
Drainage complaint in my neighborhood,Drainage,Low
Streetlight complaint in my neighborhood,Streetlight,Low
Pollution complaint in my neighborhood,Pollution,Low
Road complaint in our locality,Road/Pothole,Low
Garbage complaint in our locality,Garbage,Low
Water complaint in our locality,Water,Low
Drainage complaint in our locality,Drainage,Low
Streetlight complaint in our locality,Streetlight,Low
Pollution complaint in our locality,Pollution,Low
Road issue in our locality,Road/Pothole,Low
Garbage issue in our locality,Garbage,Low
Water issue in our locality,Water,Low
Drainage issue in our locality,Drainage,Low
Streetlight issue in our locality,Streetlight,Low
Pollution issue in our locality,Pollution,Low
Road problem in our locality,Road/Pothole,Low
Garbage problem in our locality,Garbage,Low
Water problem in our locality,Water,Low
Drainage problem in our locality,Drainage,Low
Streetlight problem in our locality,Streetlight,Low
Pollution problem in our locality,Pollution,Low
Road complaint from our locality,Road/Pothole,Low
Garbage complaint from our locality,Garbage,Low
Water complaint from our locality,Water,Low
Drainage complaint from our locality,Drainage,Low
Streetlight complaint from our locality,Streetlight,Low
Pollution complaint from our locality,Pollution,Low
Road issue reported from locality,Road/Pothole,Low
Garbage issue reported from locality,Garbage,Low
Water issue reported from locality,Water,Low
Drainage issue reported from locality,Drainage,Low
Streetlight issue reported from locality,Streetlight,Low
Pollution issue reported from locality,Pollution,Low
Road problem reported from locality,Road/Pothole,Low
Garbage problem reported from locality,Garbage,Low
Water problem reported from locality,Water,Low
Drainage problem reported from locality,Drainage,Low
Streetlight problem reported from locality,Streetlight,Low
Pollution problem reported from locality,Pollution,Low
Road issue reported by citizen,Road/Pothole,Low
Garbage issue reported by citizen,Garbage,Low
Water issue reported by citizen,Water,Low
Drainage issue reported by citizen,Drainage,Low
Streetlight issue reported by citizen,Streetlight,Low
Pollution issue reported by citizen,Pollution,Low
Road complaint submitted,Road/Pothole,Low
Garbage complaint submitted,Garbage,Low
Water complaint submitted,Water,Low
Drainage complaint submitted,Drainage,Low
Streetlight complaint submitted,Streetlight,Low
Pollution complaint submitted,Pollution,Low
Road complaint needs resolution,Road/Pothole,Low
Garbage complaint needs resolution,Garbage,Low
Water complaint needs resolution,Water,Low
Drainage complaint needs resolution,Drainage,Low
Streetlight complaint needs resolution,Streetlight,Low
Pollution complaint needs resolution,Pollution,Low
Road issue needs resolution,Road/Pothole,Low
Garbage issue needs resolution,Garbage,Low
Water issue needs resolution,Water,Low
Drainage issue needs resolution,Drainage,Low
Streetlight issue needs resolution,Streetlight,Low
Pollution issue needs resolution,Pollution,Low
Road problem needs resolution,Road/Pothole,Low
Garbage problem needs resolution,Garbage,Low
Water problem needs resolution,Water,Low
Drainage problem needs resolution,Drainage,Low
Streetlight problem needs resolution,Streetlight,Low
Pollution problem needs resolution,Pollution,Low
Road maintenance required,Road/Pothole,Low
Garbage management required,Garbage,Low
Water supply required,Water,Low
Drainage maintenance required,Drainage,Low
Streetlight maintenance required,Streetlight,Low
Pollution control required,Pollution,Low
Road repair requested,Road/Pothole,Low
Garbage removal requested,Garbage,Low
Water supply requested,Water,Low
Drainage cleaning requested,Drainage,Low
Streetlight repair requested,Streetlight,Low
Pollution control requested,Pollution,Low
Road issue needs municipal action,Road/Pothole,Low
Garbage issue needs municipal action,Garbage,Low
Water issue needs municipal action,Water,Low
Drainage issue needs municipal action,Drainage,Low
Streetlight issue needs municipal action,Streetlight,Low
Pollution issue needs municipal action,Pollution,Low
Road complaint needs municipal action,Road/Pothole,Low
Garbage complaint needs municipal action,Garbage,Low
Water complaint needs municipal action,Water,Low
Drainage complaint needs municipal action,Drainage,Low
Streetlight complaint needs municipal action,Streetlight,Low
Pollution complaint needs municipal action,Pollution,Low
Road issue needs government action,Road/Pothole,Low
Garbage issue needs government action,Garbage,Low
Water issue needs government action,Water,Low
Drainage issue needs government action,Drainage,Low
Streetlight issue needs government action,Streetlight,Low
Pollution issue needs government action,Pollution,Low
Road complaint needs government action,Road/Pothole,Low
Garbage complaint needs government action,Garbage,Low
Water complaint needs government action,Water,Low
Drainage complaint needs government action,Drainage,Low
Streetlight complaint needs government action,Streetlight,Low
Pollution complaint needs government action,Pollution,Low
Road infrastructure complaint,Road/Pothole,Low
Garbage infrastructure complaint,Garbage,Low
Water infrastructure complaint,Water,Low
Drainage infrastructure complaint,Drainage,Low
Streetlight infrastructure complaint,Streetlight,Low
Pollution infrastructure complaint,Pollution,Low
Road maintenance issue,Road/Pothole,Low
Garbage maintenance issue,Garbage,Low
Water maintenance issue,Water,Low
Drainage maintenance issue,Drainage,Low
Streetlight maintenance issue,Streetlight,Low
Pollution control issue,Pollution,Low
Road repair issue,Road/Pothole,Low
Garbage removal issue,Garbage,Low
Water supply issue,Water,Low
Drainage cleaning issue,Drainage,Low
Streetlight repair issue,Streetlight,Low
Pollution control issue,Pollution,Low
Road condition complaint,Road/Pothole,Low
Garbage condition complaint,Garbage,Low
Water supply condition complaint,Water,Low
Drainage condition complaint,Drainage,Low
Streetlight condition complaint,Streetlight,Low
Air quality complaint,Pollution,Low
Road safety complaint,Road/Pothole,Low
Garbage hygiene complaint,Garbage,Low
Water shortage issue,Water,Low
Drainage flooding complaint,Drainage,High
Streetlight safety complaint,Streetlight,Low
Air pollution safety complaint,Pollution,Low
Road emergency complaint,Road/Pothole,Critical
Garbage emergency complaint,Garbage,Critical
Water emergency complaint,Water,Critical
Drainage emergency complaint,Drainage,Critical
Streetlight emergency complaint,Streetlight,Critical
Pollution emergency complaint,Pollution,Critical
Road civic issue,Road/Pothole,Low
Garbage civic issue,Garbage,Low
Water civic issue,Water,Low
Drainage civic issue,Drainage,Low
Streetlight civic issue,Streetlight,Low
Pollution civic issue,Pollution,Low
Road civic complaint,Road/Pothole,Low
Garbage civic complaint,Garbage,Low
Water civic complaint,Water,Low
Drainage civic complaint,Drainage,Low
Streetlight civic complaint,Streetlight,Low
Pollution civic complaint,Pollution,Low
Road-related issue,Road/Pothole,Low
Garbage-related issue,Garbage,Low
Water-related issue,Water,Low
Drainage-related issue,Drainage,Low
Streetlight-related issue,Streetlight,Low
Pollution-related issue,Pollution,Low
Road issue,Road/Pothole,Low
Garbage issue,Garbage,Low
Water issue,Water,Low
Drainage issue,Drainage,Low
Streetlight issue,Streetlight,Low
Pollution issue,Pollution,Low
Road complaint,Road/Pothole,Low
Garbage complaint,Garbage,Low
Water complaint,Water,Low
Drainage complaint,Drainage,Low
Streetlight complaint,Streetlight,Low
Pollution complaint,Pollution,Low
Road problem,Road/Pothole,Low
Garbage problem,Garbage,Low
Water problem,Water,Low
Drainage problem,Drainage,Low
Streetlight problem,Streetlight,Low
Pollution problem,Pollution,Low
Road maintenance,Road/Pothole,Low
Garbage collection,Garbage,Low
Water supply,Water,Low
Drainage,Drainage,Low
Streetlight,Streetlight,Low
Pollution,Pollution,Low
Road pothole,Road/Pothole,Low
Garbage waste,Garbage,Low
Water pipeline,Water,Low
Sewage drain,Drainage,High
Street lamp,Streetlight,Low
Air pollution,Pollution,Low
Road pothole near my house,Road/Pothole,Low
Garbage waste near my house,Garbage,Low
Water pipeline near my house,Water,Low
Sewage drain near my house,Drainage,High
Street lamp near my house,Streetlight,Low
Air pollution near my house,Pollution,Low
Road pothole near school,Road/Pothole,High
Garbage waste near school,Garbage,High
Water pipeline near school,Water,High
Sewage drain near school,Drainage,High
Street lamp near school,Streetlight,High
Air pollution near school,Pollution,High
Road pothole near hospital,Road/Pothole,High
Garbage waste near hospital,Garbage,High
Water pipeline near hospital,Water,High
Sewage drain near hospital,Drainage,High
Street lamp near hospital,Streetlight,High
Air pollution near hospital,Pollution,High
Road pothole near market,Road/Pothole,Low
Garbage waste near market,Garbage,Low
Water pipeline near market,Water,Low
Sewage drain near market,Drainage,High
Street lamp near market,Streetlight,Low
Air pollution near market,Pollution,Low
Road pothole near bus stop,Road/Pothole,Low
Garbage waste near bus stop,Garbage,Low
Water pipeline near bus stop,Water,Low
Sewage drain near bus stop,Drainage,High
Street lamp near bus stop,Streetlight,Low
Air pollution near bus stop,Pollution,Low
Road pothole near college,Road/Pothole,Low
Garbage waste near college,Garbage,Low
Water pipeline near college,Water,Low
Sewage drain near college,Drainage,High
Street lamp near college,Streetlight,Low
Air pollution near college,Pollution,Low
Road pothole in locality,Road/Pothole,Low
Garbage waste in locality,Garbage,Low
Water pipeline in locality,Water,Low
Sewage drain in locality,Drainage,High
Street lamp in locality,Streetlight,Low
Air pollution in locality,Pollution,Low
Road pothole in neighborhood,Road/Pothole,Low
Garbage waste in neighborhood,Garbage,Low
Water pipeline in neighborhood,Water,Low
Sewage drain in neighborhood,Drainage,High
Street lamp in neighborhood,Streetlight,Low
Air pollution in neighborhood,Pollution,Low
Road pothole in our area,Road/Pothole,Low
Garbage waste in our area,Garbage,Low
Water pipeline in our area,Water,Low
Sewage drain in our area,Drainage,High
Street lamp in our area,Streetlight,Low
Air pollution in our area,Pollution,Low
Road pothole complaint from residents,Road/Pothole,Low
Garbage complaint from residents,Garbage,Low
Water complaint from residents,Water,Low
Drainage complaint from residents,Drainage,Low
Streetlight complaint from residents,Streetlight,Low
Pollution complaint from residents,Pollution,Low
Road pothole complaint submitted,Road/Pothole,Low
Garbage complaint submitted,Garbage,Low
Water complaint submitted,Water,Low
Drainage complaint submitted,Drainage,Low
Streetlight complaint submitted,Streetlight,Low
Pollution complaint submitted,Pollution,Low
Road pothole needs action,Road/Pothole,Low
Garbage needs action,Garbage,Low
Water needs action,Water,Low
Drainage needs action,Drainage,Low
Streetlight needs action,Streetlight,Low
Pollution needs action,Pollution,Low
Road pothole requires repair,Road/Pothole,Low
Garbage requires removal,Garbage,Low
Water requires restoration,Water,Low
Drainage requires cleaning,Drainage,Low
Streetlight requires repair,Streetlight,Low
Pollution requires control,Pollution,Low
Road pothole requires immediate repair,Road/Pothole,Low
Garbage requires immediate removal,Garbage,Low
Water requires immediate restoration,Water,Low
Drainage requires immediate cleaning,Drainage,Low
Streetlight requires immediate repair,Streetlight,Low
Pollution requires immediate control,Pollution,Low
Road pothole is affecting traffic,Road/Pothole,Low
Garbage is affecting cleanliness,Garbage,Low
Water shortage is affecting residents,Water,Low
Drainage overflow is affecting residents,Drainage,Low
Streetlight failure is affecting residents,Streetlight,Low
Pollution is affecting residents,Pollution,Low
Road pothole is affecting vehicles,Road/Pothole,Low
Garbage is affecting cleanliness of the area,Garbage,Low
Water shortage is affecting households,Water,Low
Drainage overflow is affecting households,Drainage,Low
Streetlight failure is affecting pedestrians,Streetlight,Low
Pollution is affecting households,Pollution,Low
Road pothole is causing accidents,Road/Pothole,Critical
Garbage is causing bad smell,Garbage,Medium
Water shortage is causing difficulties,Water,Low
Drainage overflow is causing flooding,Drainage,High
Streetlight failure is causing darkness,Streetlight,Low
Pollution is causing breathing difficulty,Pollution,Low
Road pothole is dangerous for commuters,Road/Pothole,High
Garbage accumulation is unhygienic,Garbage,Low
Water shortage is critical,Water,Low
Drainage overflow is critical,Drainage,Low
Streetlight failure is critical,Streetlight,Low
Air pollution is critical,Pollution,Low
Road repair is critical,Road/Pothole,Low
Garbage removal is critical,Garbage,Low
Water restoration is critical,Water,Low
Drainage repair is critical,Drainage,Low
Streetlight repair is critical,Streetlight,Low
Pollution control is critical,Pollution,Low
Road complaint from public,Road/Pothole,Low
Garbage complaint from public,Garbage,Low
Water complaint from public,Water,Low
Drainage complaint from public,Drainage,Low
Streetlight complaint from public,Streetlight,Low
Pollution complaint from public,Pollution,Low
Road problem from public,Road/Pothole,Low
Garbage problem from public,Garbage,Low
Water problem from public,Water,Low
Drainage problem from public,Drainage,Low
Streetlight problem from public,Streetlight,Low
Pollution problem from public,Pollution,Low
Road issue from public,Road/Pothole,Low
Garbage issue from public,Garbage,Low
Water issue from public,Water,Low
Drainage issue from public,Drainage,Low
Streetlight issue from public,Streetlight,Low
Pollution issue from public,Pollution,Low
Road complaint by citizen,Road/Pothole,Low
Garbage complaint by citizen,Garbage,Low
Water complaint by citizen,Water,Low
Drainage complaint by citizen,Drainage,Low
Streetlight complaint by citizen,Streetlight,Low
Pollution complaint by citizen,Pollution,Low
Road problem by citizen,Road/Pothole,Low
Garbage problem by citizen,Garbage,Low
Water problem by citizen,Water,Low
Drainage problem by citizen,Drainage,Low
Streetlight problem by citizen,Streetlight,Low
Pollution problem by citizen,Pollution,Low
Road issue by citizen,Road/Pothole,Low
Garbage issue by citizen,Garbage,Low
Water issue by citizen,Water,Low
Drainage issue by citizen,Drainage,Low
Streetlight issue by citizen,Streetlight,Low
Pollution issue by citizen,Pollution,Low
Road problem reported,Road/Pothole,Low
Garbage problem reported,Garbage,Low
Water problem reported,Water,Low
Drainage problem reported,Drainage,Low
Streetlight problem reported,Streetlight,Low
Pollution problem reported,Pollution,Low
Road issue reported,Road/Pothole,Low
Garbage issue reported,Garbage,Low
Water issue reported,Water,Low
Drainage issue reported,Drainage,Low
Streetlight issue reported,Streetlight,Low
Pollution issue reported,Pollution,Low
Road complaint reported,Road/Pothole,Low
Garbage complaint reported,Garbage,Low
Water complaint reported,Water,Low
Drainage complaint reported,Drainage,Low
Streetlight complaint reported,Streetlight,Low
Pollution complaint reported,Pollution,Low
Road problem needs fixing,Road/Pothole,Low
Garbage problem needs fixing,Garbage,Low
Water problem needs fixing,Water,Low
Drainage problem needs fixing,Drainage,Low
Streetlight problem needs fixing,Streetlight,Low
Pollution problem needs fixing,Pollution,Low
Road issue needs fixing,Road/Pothole,Low
Garbage issue needs fixing,Garbage,Low
Water issue needs fixing,Water,Low
Drainage issue needs fixing,Drainage,Low
Streetlight issue needs fixing,Streetlight,Low
Pollution issue needs fixing,Pollution,Low
Road complaint needs fixing,Road/Pothole,Low
Garbage complaint needs fixing,Garbage,Low
Water complaint needs fixing,Water,Low
Drainage complaint needs fixing,Drainage,Low
Streetlight complaint needs fixing,Streetlight,Low
Pollution complaint needs fixing,Pollution,Low
Road requires maintenance,Road/Pothole,Low
Garbage requires maintenance,Garbage,Low
Water system requires maintenance,Water,Low
Drainage system requires maintenance,Drainage,Low
Streetlight system requires maintenance,Streetlight,Low
Pollution control requires maintenance,Pollution,Low
Road maintenance required urgently,Road/Pothole,Low
Garbage collection required urgently,Garbage,Low
Water supply required urgently,Water,Low
Drainage cleaning required urgently,Drainage,Low
Streetlight repair required urgently,Streetlight,Medium
Pollution control required urgently,Pollution,Low
Road repair requested by residents,Road/Pothole,Low
Garbage removal requested by residents,Garbage,Low
Water supply requested by residents,Water,Low
Drainage cleaning requested by residents,Drainage,Low
Streetlight repair requested by residents,Streetlight,Low
Pollution control requested by residents,Pollution,Low
Road repair requested by citizen,Road/Pothole,Low
Garbage removal requested by citizen,Garbage,Low
Water supply requested by citizen,Water,Low
Drainage cleaning requested by citizen,Drainage,Low
Streetlight repair requested by citizen,Streetlight,Low
Pollution control requested by citizen,Pollution,Low
Road problem requires government action,Road/Pothole,Low
Garbage problem requires government action,Garbage,Low
Water problem requires government action,Water,Low
Drainage problem requires government action,Drainage,Low
Streetlight problem requires government action,Streetlight,Low
Pollution problem requires government action,Pollution,Low
Road problem requires municipal action,Road/Pothole,Low
Garbage problem requires municipal action,Garbage,Low
Water problem requires municipal action,Water,Low
Drainage problem requires municipal action,Drainage,Low
Streetlight problem requires municipal action,Streetlight,Low
Pollution problem requires municipal action,Pollution,Low
Road issue requires municipal action,Road/Pothole,Low
Garbage issue requires municipal action,Garbage,Low
Water issue requires municipal action,Water,Low
Drainage issue requires municipal action,Drainage,Low
Streetlight issue requires municipal action,Streetlight,Low
Pollution issue requires municipal action,Pollution,Low
Road complaint requires municipal action,Road/Pothole,Low
Garbage complaint requires municipal action,Garbage,Low
Water complaint requires municipal action,Water,Low
Drainage complaint requires municipal action,Drainage,Low
Streetlight complaint requires municipal action,Streetlight,Low
Pollution complaint requires municipal action,Pollution,Low
Road problem requires resolution,Road/Pothole,Low
Garbage problem requires resolution,Garbage,Low
Water problem requires resolution,Water,Low
Drainage problem requires resolution,Drainage,Low
Streetlight problem requires resolution,Streetlight,Low
Pollution problem requires resolution,Pollution,Low
Road issue requires resolution,Road/Pothole,Low
Garbage issue requires resolution,Garbage,Low
Water issue requires resolution,Water,Low
Drainage issue requires resolution,Drainage,Low
Streetlight issue requires resolution,Streetlight,Low
Pollution issue requires resolution,Pollution,Low
Road complaint requires resolution,Road/Pothole,Low
Garbage complaint requires resolution,Garbage,Low
Water complaint requires resolution,Water,Low
Drainage complaint requires resolution,Drainage,Low
Streetlight complaint requires resolution,Streetlight,Low
Pollution complaint requires resolution,Pollution,Low
Road problem requires attention,Road/Pothole,Low
Garbage problem requires attention,Garbage,Low
Water problem requires attention,Water,Low
Drainage problem requires attention,Drainage,Low
Streetlight problem requires attention,Streetlight,Low
Pollution problem requires attention,Pollution,Low
Road issue requires attention,Road/Pothole,Low
Garbage issue requires attention,Garbage,Low
Water issue requires attention,Water,Low
Drainage issue requires attention,Drainage,Low
Streetlight issue requires attention,Streetlight,Low
Pollution issue requires attention,Pollution,Low
Road complaint requires attention,Road/Pothole,Low
Garbage complaint requires attention,Garbage,Low
Water complaint requires attention,Water,Low
Drainage complaint requires attention,Drainage,Low
Streetlight complaint requires attention,Streetlight,Low
Pollution complaint requires attention,Pollution,Low
Road problem reported by residents,Road/Pothole,Low
Garbage problem reported by residents,Garbage,Low
Water problem reported by residents,Water,Low
Drainage problem reported by residents,Drainage,Low
Streetlight problem reported by residents,Streetlight,Low
Pollution problem reported by residents,Pollution,Low
Road problem reported by citizens,Road/Pothole,Low
Garbage problem reported by citizens,Garbage,Low
Water problem reported by citizens,Water,Low
Drainage problem reported by citizens,Drainage,Low
Streetlight problem reported by citizens,Streetlight,Low
Pollution problem reported by citizens,Pollution,Low
Road issue reported by citizens,Road/Pothole,Low
Garbage issue reported by citizens,Garbage,Low
Water issue reported by citizens,Water,Low
Drainage issue reported by citizens,Drainage,Low
Streetlight issue reported by citizens,Streetlight,Low
Pollution issue reported by citizens,Pollution,Low
Road complaint reported by citizens,Road/Pothole,Low
Garbage complaint reported by citizens,Garbage,Low
Water complaint reported by citizens,Water,Low
Drainage complaint reported by citizens,Drainage,Low
Streetlight complaint reported by citizens,Streetlight,Low
Pollution complaint reported by citizens,Pollution,Low
Road problem reported in city,Road/Pothole,Low
Garbage problem reported in city,Garbage,Low
Water problem reported in city,Water,Low
Drainage problem reported in city,Drainage,Low
Streetlight problem reported in city,Streetlight,Low
Pollution problem reported in city,Pollution,Low
Road issue reported in city,Road/Pothole,Low
Garbage issue reported in city,Garbage,Low
Water issue reported in city,Water,Low
Drainage issue reported in city,Drainage,Low
Streetlight issue reported in city,Streetlight,Low
Pollution issue reported in city,Pollution,Low
Road complaint reported in city,Road/Pothole,Low
Garbage complaint reported in city,Garbage,Low
Water complaint reported in city,Water,Low
Drainage complaint reported in city,Drainage,Low
Streetlight complaint reported in city,Streetlight,Low
Pollution complaint reported in city,Pollution,Low
Road problem reported in district,Road/Pothole,Low
Garbage problem reported in district,Garbage,Low
Water problem reported in district,Water,Low
Drainage problem reported in district,Drainage,Low
Streetlight problem reported in district,Streetlight,Low
Pollution problem reported in district,Pollution,Low
Road issue reported in district,Road/Pothole,Low
Garbage issue reported in district,Garbage,Low
Water issue reported in district,Water,Low
Drainage issue reported in district,Drainage,Low
Streetlight issue reported in district,Streetlight,Low
Pollution issue reported in district,Pollution,Low
Road complaint reported in district,Road/Pothole,Low
Garbage complaint reported in district,Garbage,Low
Water complaint reported in district,Water,Low
Drainage complaint reported in district,Drainage,Low
Streetlight complaint reported in district,Streetlight,Low
Pollution complaint reported in district,Pollution,Low
Road problem reported in neighborhood,Road/Pothole,Low
Garbage problem reported in neighborhood,Garbage,Low
Water problem reported in neighborhood,Water,Low
Drainage problem reported in neighborhood,Drainage,Low
Streetlight problem reported in neighborhood,Streetlight,Low
Pollution problem reported in neighborhood,Pollution,Low
Road issue reported in neighborhood,Road/Pothole,Low
Garbage issue reported in neighborhood,Garbage,Low
Water issue reported in neighborhood,Water,Low
Drainage issue reported in neighborhood,Drainage,Low
Streetlight issue reported in neighborhood,Streetlight,Low
Pollution issue reported in neighborhood,Pollution,Low
Road complaint reported in neighborhood,Road/Pothole,Low
Garbage complaint reported in neighborhood,Garbage,Low
Water complaint reported in neighborhood,Water,Low
Drainage complaint reported in neighborhood,Drainage,Low
Streetlight complaint reported in neighborhood,Streetlight,Low
Pollution complaint reported in neighborhood,Pollution,Low
Road problem reported near my home,Road/Pothole,Low
Garbage problem reported near my home,Garbage,Low
Water problem reported near my home,Water,Low
Drainage problem reported near my home,Drainage,Low
Streetlight problem reported near my home,Streetlight,Low
Pollution problem reported near my home,Pollution,Low
Road issue reported near my home,Road/Pothole,Low
Garbage issue reported near my home,Garbage,Low
Water issue reported near my home,Water,Low
Drainage issue reported near my home,Drainage,Low
Streetlight issue reported near my home,Streetlight,Low
Pollution issue reported near my home,Pollution,Low
Road complaint reported near my home,Road/Pothole,Low
Garbage complaint reported near my home,Garbage,Low
Water complaint reported near my home,Water,Low
Drainage complaint reported near my home,Drainage,Low
Streetlight complaint reported near my home,Streetlight,Low
Pollution complaint reported near my home,Pollution,Low
Road repair needed near my home,Road/Pothole,Low
Garbage removal needed near my home,Garbage,Low
Water supply needed near my home,Water,Low
Drain cleaning needed near my home,Drainage,Low
Streetlight repair needed near my home,Streetlight,Low
Pollution control needed near my home,Pollution,Low
Road repair needed near school,Road/Pothole,High
Garbage removal needed near school,Garbage,High
Water supply needed near school,Water,High
Drain cleaning needed near school,Drainage,High
Streetlight repair needed near school,Streetlight,High
Pollution control needed near school,Pollution,High
Road repair needed near hospital,Road/Pothole,High
Garbage removal needed near hospital,Garbage,High
Water supply needed near hospital,Water,High
Drain cleaning needed near hospital,Drainage,High
Streetlight repair needed near hospital,Streetlight,High
Pollution control needed near hospital,Pollution,High
Road repair needed near market,Road/Pothole,Low
Garbage removal needed near market,Garbage,Low
Water supply needed near market,Water,Low
Drain cleaning needed near market,Drainage,Low
Streetlight repair needed near market,Streetlight,Low
Pollution control needed near market,Pollution,Low
Road repair needed near bus stop,Road/Pothole,Low
Garbage removal needed near bus stop,Garbage,Low
Water supply needed near bus stop,Water,Low
Drain cleaning needed near bus stop,Drainage,Low
Streetlight repair needed near bus stop,Streetlight,Low
Pollution control needed near bus stop,Pollution,Low
Road repair needed near college,Road/Pothole,Low
Garbage removal needed near college,Garbage,Low
Water supply needed near college,Water,Low
Drain cleaning needed near college,Drainage,Low
Streetlight repair needed near college,Streetlight,Low
Pollution control needed near college,Pollution,Low
Road repair needed in locality,Road/Pothole,Low
Garbage removal needed in locality,Garbage,Low
Water supply needed in locality,Water,Low
Drain cleaning needed in locality,Drainage,Low
Streetlight repair needed in locality,Streetlight,Low
Pollution control needed in locality,Pollution,Low
Road repair needed in neighborhood,Road/Pothole,Low
Garbage removal needed in neighborhood,Garbage,Low
Water supply needed in neighborhood,Water,Low
Drain cleaning needed in neighborhood,Drainage,Low
Streetlight repair needed in neighborhood,Streetlight,Low
Pollution control needed in neighborhood,Pollution,Low
Road repair needed in our area,Road/Pothole,Low
Garbage removal needed in our area,Garbage,Low
Water supply needed in our area,Water,Low
Drain cleaning needed in our area,Drainage,Low
Streetlight repair needed in our area,Streetlight,Low
Pollution control needed in our area,Pollution,Low
Road repair needed in our locality,Road/Pothole,Low
Garbage removal needed in our locality,Garbage,Low
Water supply needed in our locality,Water,Low
Drain cleaning needed in our locality,Drainage,Low
Streetlight repair needed in our locality,Streetlight,Low
Pollution control needed in our locality,Pollution,Low
Road repair needed in city,Road/Pothole,Low
Garbage removal needed in city,Garbage,Low
Water supply needed in city,Water,Low
Drain cleaning needed in city,Drainage,Low
Streetlight repair needed in city,Streetlight,Low
Pollution control needed in city,Pollution,Low
Road repair needed in district,Road/Pothole,Low
Garbage removal needed in district,Garbage,Low
Water supply needed in district,Water,Low
Drain cleaning needed in district,Drainage,Low
Streetlight repair needed in district,Streetlight,Low
Pollution control needed in district,Pollution,Low
Road complaint needs to be resolved,Road/Pothole,Low
Garbage complaint needs to be resolved,Garbage,Low
Water complaint needs to be resolved,Water,Low
Drainage complaint needs to be resolved,Drainage,Low
Streetlight complaint needs to be resolved,Streetlight,Low
Pollution complaint needs to be resolved,Pollution,Low
Road issue needs to be resolved,Road/Pothole,Low
Garbage issue needs to be resolved,Garbage,Low
Water issue needs to be resolved,Water,Low
Drainage issue needs to be resolved,Drainage,Low
Streetlight issue needs to be resolved,Streetlight,Low
Pollution issue needs to be resolved,Pollution,Low
Road problem needs to be resolved,Road/Pothole,Low
Garbage problem needs to be resolved,Garbage,Low
Water problem needs to be resolved,Water,Low
Drainage problem needs to be resolved,Drainage,Low
Streetlight problem needs to be resolved,Streetlight,Low
Pollution problem needs to be resolved,Pollution,Low
Road issue requires immediate resolution,Road/Pothole,Low
Garbage issue requires immediate resolution,Garbage,Low
Water issue requires immediate resolution,Water,Low
Drainage issue requires immediate resolution,Drainage,Low
Streetlight issue requires immediate resolution,Streetlight,Low
Pollution issue requires immediate resolution,Pollution,Low
Road complaint requires immediate resolution,Road/Pothole,Low
Garbage complaint requires immediate resolution,Garbage,Low
Water complaint requires immediate resolution,Water,Low
Drainage complaint requires immediate resolution,Drainage,Low
Streetlight complaint requires immediate resolution,Streetlight,Low
Pollution complaint requires immediate resolution,Pollution,Low
Road problem requires immediate resolution,Road/Pothole,Low
Garbage problem requires immediate resolution,Garbage,Low
Water problem requires immediate resolution,Water,Low
Drainage problem requires immediate resolution,Drainage,Low
Streetlight problem requires immediate resolution,Streetlight,Low
Pollution problem requires immediate resolution,Pollution,Low
Road pothole requires immediate attention,Road/Pothole,Low
Garbage overflow requires immediate attention,Garbage,Low
Water shortage requires immediate attention,Water,Low
Drainage overflow requires immediate attention,Drainage,Low
Streetlight failure requires immediate attention,Streetlight,Low
Pollution requires immediate attention,Pollution,Low
Road complaint from my neighborhood,Road/Pothole,Low
Garbage complaint from my neighborhood,Garbage,Low
Water complaint from my neighborhood,Water,Low
Drainage complaint from my neighborhood,Drainage,Low
Streetlight complaint from my neighborhood,Streetlight,Low
Pollution complaint from my neighborhood,Pollution,Low
Road complaint from my locality,Road/Pothole,Low
Garbage complaint from my locality,Garbage,Low
Water complaint from my locality,Water,Low
Drainage complaint from my locality,Drainage,Low
Streetlight complaint from my locality,Streetlight,Low
Pollution complaint from my locality,Pollution,Low
Road complaint from my city,Road/Pothole,Low
Garbage complaint from my city,Garbage,Low
Water complaint from my city,Water,Low
Drainage complaint from my city,Drainage,Low
Streetlight complaint from my city,Streetlight,Low
Pollution complaint from my city,Pollution,Low
Road complaint from my district,Road/Pothole,Low
Garbage complaint from my district,Garbage,Low
Water complaint from my district,Water,Low
Drainage complaint from my district,Drainage,Low
Streetlight complaint from my district,Streetlight,Low
Pollution complaint from my district,Pollution,Low
Road issue from my neighborhood,Road/Pothole,Low
Garbage issue from my neighborhood,Garbage,Low
Water issue from my neighborhood,Water,Low
Drainage issue from my neighborhood,Drainage,Low
Streetlight issue from my neighborhood,Streetlight,Low
Pollution issue from my neighborhood,Pollution,Low
Road issue from my locality,Road/Pothole,Low
Garbage issue from my locality,Garbage,Low
Water issue from my locality,Water,Low
Drainage issue from my locality,Drainage,Low
Streetlight issue from my locality,Streetlight,Low
Pollution issue from my locality,Pollution,Low
Road issue from my city,Road/Pothole,Low
Garbage issue from my city,Garbage,Low
Water issue from my city,Water,Low
Drainage issue from my city,Drainage,Low
Streetlight issue from my city,Streetlight,Low
Pollution issue from my city,Pollution,Low
Road issue from my district,Road/Pothole,Low
Garbage issue from my district,Garbage,Low
Water issue from my district,Water,Low
Drainage issue from my district,Drainage,Low
Streetlight issue from my district,Streetlight,Low
Pollution issue from my district,Pollution,Low
Road problem from my neighborhood,Road/Pothole,Low
Garbage problem from my neighborhood,Garbage,Low
Water problem from my neighborhood,Water,Low
Drainage problem from my neighborhood,Drainage,Low
Streetlight problem from my neighborhood,Streetlight,Low
Pollution problem from my neighborhood,Pollution,Low
Road problem from my locality,Road/Pothole,Low
Garbage problem from my locality,Garbage,Low
Water problem from my locality,Water,Low
Drainage problem from my locality,Drainage,Low
Streetlight problem from my locality,Streetlight,Low
Pollution problem from my locality,Pollution,Low
Road problem from my city,Road/Pothole,Low
Garbage problem from my city,Garbage,Low
Water problem from my city,Water,Low
Drainage problem from my city,Drainage,Low
Streetlight problem from my city,Streetlight,Low
Pollution problem from my city,Pollution,Low
Road problem from my district,Road/Pothole,Low
Garbage problem from my district,Garbage,Low
Water problem from my district,Water,Low
Drainage problem from my district,Drainage,Low
Streetlight problem from my district,Streetlight,Low
Pollution problem from my district,Pollution,Low
Road issue in the city,Road/Pothole,Low
Garbage issue in the city,Garbage,Low
Water issue in the city,Water,Low
Drainage issue in the city,Drainage,Low
Streetlight issue in the city,Streetlight,Low
Pollution issue in the city,Pollution,Low
Road issue in the district,Road/Pothole,Low
Garbage issue in the district,Garbage,Low
Water issue in the district,Water,Low
Drainage issue in the district,Drainage,Low
Streetlight issue in the district,Streetlight,Low
Pollution issue in the district,Pollution,Low
Road problem in the city,Road/Pothole,Low
Garbage problem in the city,Garbage,Low
Water problem in the city,Water,Low
Drainage problem in the city,Drainage,Low
Streetlight problem in the city,Streetlight,Low
Pollution problem in the city,Pollution,Low
Road problem in the district,Road/Pothole,Low
Garbage problem in the district,Garbage,Low
Water problem in the district,Water,Low
Drainage problem in the district,Drainage,Low
Streetlight problem in the district,Streetlight,Low
Pollution problem in the district,Pollution,Low
Road maintenance problem in the city,Road/Pothole,Low
Garbage management problem in the city,Garbage,Low
Water supply problem in the city,Water,Low
Drainage problem in the city,Drainage,Low
Streetlight problem in the city,Streetlight,Low
Pollution problem in the city,Pollution,Low
Road maintenance problem in the district,Road/Pothole,Low
Garbage management problem in the district,Garbage,Low
Water supply problem in the district,Water,Low
Drainage problem in the district,Drainage,Low
Streetlight problem in the district,Streetlight,Low
Pollution problem in the district,Pollution,Low
Road complaint from citizens in the city,Road/Pothole,Low
Garbage complaint from citizens in the city,Garbage,Low
Water complaint from citizens in the city,Water,Low
Drainage complaint from citizens in the city,Drainage,Low
Streetlight complaint from citizens in the city,Streetlight,Low
Pollution complaint from citizens in the city,Pollution,Low
Road complaint from citizens in the district,Road/Pothole,Low
Garbage complaint from citizens in the district,Garbage,Low
Water complaint from citizens in the district,Water,Low
Drainage complaint from citizens in the district,Drainage,Low
Streetlight complaint from citizens in the district,Streetlight,Low
Pollution complaint from citizens in the district,Pollution,Low
Road issue reported by residents in the city,Road/Pothole,Low
Garbage issue reported by residents in the city,Garbage,Low
Water issue reported by residents in the city,Water,Low
Drainage issue reported by residents in the city,Drainage,Low
Streetlight issue reported by residents in the city,Streetlight,Low
Pollution issue reported by residents in the city,Pollution,Low
Road issue reported by residents in the district,Road/Pothole,Low
Garbage issue reported by residents in the district,Garbage,Low
Water issue reported by residents in the district,Water,Low
Drainage issue reported by residents in the district,Drainage,Low
Streetlight issue reported by residents in the district,Streetlight,Low
Pollution issue reported by residents in the district,Pollution,Low
Road complaint needs urgent repair,Road/Pothole,Low
Garbage complaint needs urgent removal,Garbage,Low
Water complaint needs urgent restoration,Water,Low
Drainage complaint needs urgent cleaning,Drainage,Low
Streetlight complaint needs urgent repair,Streetlight,Low
Pollution complaint needs urgent control,Pollution,Low
Road problem needs urgent repair,Road/Pothole,Low
Garbage problem needs urgent removal,Garbage,Low
Water problem needs urgent restoration,Water,Low
Drainage problem needs urgent cleaning,Drainage,Low
Streetlight problem needs urgent repair,Streetlight,Low
Pollution problem needs urgent control,Pollution,Low
Road issue needs urgent repair,Road/Pothole,Low
Garbage issue needs urgent removal,Garbage,Low
Water issue needs urgent restoration,Water,Low
Drainage issue needs urgent cleaning,Drainage,Low
Streetlight issue needs urgent repair,Streetlight,Low
Pollution issue needs urgent control,Pollution,Low
Road requires urgent repair,Road/Pothole,Low
Garbage requires urgent removal,Garbage,Low
Water requires urgent restoration,Water,Low
Drainage requires urgent cleaning,Drainage,Low
Streetlight requires urgent repair,Streetlight,Low
Pollution requires urgent control,Pollution,Low
Road needs urgent repair,Road/Pothole,Low
Garbage needs urgent removal,Garbage,Low
Water needs urgent restoration,Water,Low
Drainage needs urgent cleaning,Drainage,Low
Streetlight needs urgent repair,Streetlight,Low
Pollution needs urgent control,Pollution,Low
Road issue is getting worse and needs repair,Road/Pothole,Medium
Garbage issue is getting worse and needs removal,Garbage,Low
Water issue is getting worse and needs restoration,Water,Low
Drainage issue is getting worse and needs cleaning,Drainage,Low
Streetlight issue is getting worse and needs repair,Streetlight,Medium
Pollution issue is getting worse and needs control,Pollution,Low
Road problem is worsening,Road/Pothole,Low
Garbage problem is worsening,Garbage,Low
Water problem is worsening,Water,Low
Drainage problem is worsening,Drainage,Low
Streetlight problem is worsening,Streetlight,Low
Pollution problem is worsening,Pollution,Low
Road issue is worsening,Road/Pothole,Low
Garbage issue is worsening,Garbage,Low
Water issue is worsening,Water,Low
Drainage issue is worsening,Drainage,Low
Streetlight issue is worsening,Streetlight,Low
Pollution issue is worsening,Pollution,Low
Road complaint is worsening,Road/Pothole,Low
Garbage complaint is worsening,Garbage,Low
Water complaint is worsening,Water,Low
Drainage complaint is worsening,Drainage,Low
Streetlight complaint is worsening,Streetlight,Low
Pollution complaint is worsening,Pollution,Low
Road problem is unresolved,Road/Pothole,Low
Garbage problem is unresolved,Garbage,Low
Water problem is unresolved,Water,Low
Drainage problem is unresolved,Drainage,Low
Streetlight problem is unresolved,Streetlight,Low
Pollution problem is unresolved,Pollution,Low
Road issue is unresolved,Road/Pothole,Low
Garbage issue is unresolved,Garbage,Low
Water issue is unresolved,Water,Low
Drainage issue is unresolved,Drainage,Low
Streetlight issue is unresolved,Streetlight,Low
Pollution issue is unresolved,Pollution,Low
Road complaint is unresolved,Road/Pothole,Low
Garbage complaint is unresolved,Garbage,Low
Water complaint is unresolved,Water,Low
Drainage complaint is unresolved,Drainage,Low
Streetlight complaint is unresolved,Streetlight,Low
Pollution complaint is unresolved,Pollution,Low
Road issue remains unresolved,Road/Pothole,Low
Garbage issue remains unresolved,Garbage,Low
Water issue remains unresolved,Water,Low
Drainage issue remains unresolved,Drainage,Low
Streetlight issue remains unresolved,Streetlight,Low
Pollution issue remains unresolved,Pollution,Low
Road problem remains unresolved,Road/Pothole,Low
Garbage problem remains unresolved,Garbage,Low
Water problem remains unresolved,Water,Low
Drainage problem remains unresolved,Drainage,Low
Streetlight problem remains unresolved,Streetlight,Low
Pollution problem remains unresolved,Pollution,Low
Road complaint remains unresolved,Road/Pothole,Low
Garbage complaint remains unresolved,Garbage,Low
Water complaint remains unresolved,Water,Low
Drainage complaint remains unresolved,Drainage,Low
Streetlight complaint remains unresolved,Streetlight,Low
Pollution complaint remains unresolved,Pollution,Low
Road issue has not been resolved,Road/Pothole,Low
Garbage issue has not been resolved,Garbage,Low
Water issue has not been resolved,Water,Low
Drainage issue has not been resolved,Drainage,Low
Streetlight issue has not been resolved,Streetlight,Low
Pollution issue has not been resolved,Pollution,Low
Road complaint has not been resolved,Road/Pothole,Low
Garbage complaint has not been resolved,Garbage,Low
Water complaint has not been resolved,Water,Low
Drainage complaint has not been resolved,Drainage,Low
Streetlight complaint has not been resolved,Streetlight,Low
Pollution complaint has not been resolved,Pollution,Low
Road problem has not been resolved,Road/Pothole,Low
Garbage problem has not been resolved,Garbage,Low
Water problem has not been resolved,Water,Low
Drainage problem has not been resolved,Drainage,Low
Streetlight problem has not been resolved,Streetlight,Low
Pollution problem has not been resolved,Pollution,Low
Road issue continues,Road/Pothole,Low
Garbage issue continues,Garbage,Low
Water issue continues,Water,Low
Drainage issue continues,Drainage,Low
Streetlight issue continues,Streetlight,Low
Pollution issue continues,Pollution,Low
Road problem continues,Road/Pothole,Low
Garbage problem continues,Garbage,Low
Water problem continues,Water,Low
Drainage problem continues,Drainage,Low
Streetlight problem continues,Streetlight,Low
Pollution problem continues,Pollution,Low
Road complaint continues,Road/Pothole,Low
Garbage complaint continues,Garbage,Low
Water complaint continues,Water,Low
Drainage complaint continues,Drainage,Low
Streetlight complaint continues,Streetlight,Low
Pollution complaint continues,Pollution,Low
Road issue still exists,Road/Pothole,Low
Garbage issue still exists,Garbage,Low
Water issue still exists,Water,Low
Drainage issue still exists,Drainage,Low
Streetlight issue still exists,Streetlight,Low
Pollution issue still exists,Pollution,Low
Road problem still exists,Road/Pothole,Low
Garbage problem still exists,Garbage,Low
Water problem still exists,Water,Low
Drainage problem still exists,Drainage,Low
Streetlight problem still exists,Streetlight,Low
Pollution problem still exists,Pollution,Low
Road complaint still exists,Road/Pothole,Low
Garbage complaint still exists,Garbage,Low
Water complaint still exists,Water,Low
Drainage complaint still exists,Drainage,Low
Streetlight complaint still exists,Streetlight,Low
Pollution complaint still exists,Pollution,Low
Road issue needs follow up,Road/Pothole,Low
Garbage issue needs follow up,Garbage,Low
Water issue needs follow up,Water,Low
Drainage issue needs follow up,Drainage,Low
Streetlight issue needs follow up,Streetlight,Low
Pollution issue needs follow up,Pollution,Low
Road complaint needs follow up,Road/Pothole,Low
Garbage complaint needs follow up,Garbage,Low
Water complaint needs follow up,Water,Low
Drainage complaint needs follow up,Drainage,Low
Streetlight complaint needs follow up,Streetlight,Low
Pollution complaint needs follow up,Pollution,Low
Road problem needs follow up,Road/Pothole,Low
Garbage problem needs follow up,Garbage,Low
Water problem needs follow up,Water,Low
Drainage problem needs follow up,Drainage,Low
Streetlight problem needs follow up,Streetlight,Low
Pollution problem needs follow up,Pollution,Low
Road issue requires follow up,Road/Pothole,Low
Garbage issue requires follow up,Garbage,Low
Water issue requires follow up,Water,Low
Drainage issue requires follow up,Drainage,Low
Streetlight issue requires follow up,Streetlight,Low
Pollution issue requires follow up,Pollution,Low
Road complaint requires follow up,Road/Pothole,Low
Garbage complaint requires follow up,Garbage,Low
Water complaint requires follow up,Water,Low
Drainage complaint requires follow up,Drainage,Low
Streetlight complaint requires follow up,Streetlight,Low
Pollution complaint requires follow up,Pollution,Low
Road problem requires follow up,Road/Pothole,Low
Garbage problem requires follow up,Garbage,Low
Water problem requires follow up,Water,Low
Drainage problem requires follow up,Drainage,Low
Streetlight problem requires follow up,Streetlight,Low
Pollution problem requires follow up,Pollution,Low
Road complaint needs monitoring,Road/Pothole,Low
Garbage complaint needs monitoring,Garbage,Low
Water complaint needs monitoring,Water,Low
Drainage complaint needs monitoring,Drainage,Low
Streetlight complaint needs monitoring,Streetlight,Low
Pollution complaint needs monitoring,Pollution,Low
Road issue needs monitoring,Road/Pothole,Low
Garbage issue needs monitoring,Garbage,Low
Water issue needs monitoring,Water,Low
Drainage issue needs monitoring,Drainage,Low
Streetlight issue needs monitoring,Streetlight,Low
Pollution issue needs monitoring,Pollution,Low
Road problem needs monitoring,Road/Pothole,Low
Garbage problem needs monitoring,Garbage,Low
Water problem needs monitoring,Water,Low
Drainage problem needs monitoring,Drainage,Low
Streetlight problem needs monitoring,Streetlight,Low
Pollution problem needs monitoring,Pollution,Low
Road complaint needs tracking,Road/Pothole,Low
Garbage complaint needs tracking,Garbage,Low
Water complaint needs tracking,Water,Low
Drainage complaint needs tracking,Drainage,Low
Streetlight complaint needs tracking,Streetlight,Low
Pollution complaint needs tracking,Pollution,Low
Road issue needs tracking,Road/Pothole,Low
Garbage issue needs tracking,Garbage,Low
Water issue needs tracking,Water,Low
Drainage issue needs tracking,Drainage,Low
Streetlight issue needs tracking,Streetlight,Low
Pollution issue needs tracking,Pollution,Low
Road problem needs tracking,Road/Pothole,Low
Garbage problem needs tracking,Garbage,Low
Water problem needs tracking,Water,Low
Drainage problem needs tracking,Drainage,Low
Streetlight problem needs tracking,Streetlight,Low
Pollution problem needs tracking,Pollution,Low
Road complaint needs tracking,Road/Pothole,Low
Garbage complaint needs tracking,Garbage,Low
Water complaint needs tracking,Water,Low
Drainage complaint needs tracking,Drainage,Low
Streetlight complaint needs tracking,Streetlight,Low
Pollution complaint needs tracking,Pollution,Low
Road issue needs status,Road/Pothole,Low
Garbage issue needs status,Garbage,Low
Water issue needs status,Water,Low
Drainage issue needs status,Drainage,Low
Streetlight issue needs status,Streetlight,Low
Pollution issue needs status,Pollution,Low
Road complaint needs status,Road/Pothole,Low
Garbage complaint needs status,Garbage,Low
Water complaint needs status,Water,Low
Drainage complaint needs status,Drainage,Low
Streetlight complaint needs status,Streetlight,Low
Pollution complaint needs status,Pollution,Low
Road problem needs status,Road/Pothole,Low
Garbage problem needs status,Garbage,Low
Water problem needs status,Water,Low
Drainage problem needs status,Drainage,Low
Streetlight problem needs status,Streetlight,Low
Pollution problem needs status,Pollution,Low
Road complaint status,Road/Pothole,Low
Garbage complaint status,Garbage,Low
Water complaint status,Water,Low
Drainage complaint status,Drainage,Low
Streetlight complaint status,Streetlight,Low
Pollution complaint status,Pollution,Low
Road issue status,Road/Pothole,Low
Garbage issue status,Garbage,Low
Water issue status,Water,Low
Drainage issue status,Drainage,Low
Streetlight issue status,Streetlight,Low
Pollution issue status,Pollution,Low
Road problem status,Road/Pothole,Low
Garbage problem status,Garbage,Low
Water problem status,Water,Low
Drainage problem status,Drainage,Low
Streetlight problem status,Streetlight,Low
Pollution problem status,Pollution,Low
Road complaint follow-up,Road/Pothole,Low
Garbage complaint follow-up,Garbage,Low
Water complaint follow-up,Water,Low
Drainage complaint follow-up,Drainage,Low
Streetlight complaint follow-up,Streetlight,Low
Pollution complaint follow-up,Pollution,Low
Road issue follow-up,Road/Pothole,Low
Garbage issue follow-up,Garbage,Low
Water issue follow-up,Water,Low
Drainage issue follow-up,Drainage,Low
Streetlight issue follow-up,Streetlight,Low
Pollution issue follow-up,Pollution,Low
Road problem follow-up,Road/Pothole,Low
Garbage problem follow-up,Garbage,Low
Water problem follow-up,Water,Low
Drainage problem follow-up,Drainage,Low
Streetlight problem follow-up,Streetlight,Low
Pollution problem follow-up,Pollution,Low
Road complaint needs action,Road/Pothole,Low
Garbage complaint needs action,Garbage,Low
Water complaint needs action,Water,Low
Drainage complaint needs action,Drainage,Low
Streetlight complaint needs action,Streetlight,Low
Pollution complaint needs action,Pollution,Low
Road issue needs action,Road/Pothole,Low
Garbage issue needs action,Garbage,Low
Water issue needs action,Water,Low
Drainage issue needs action,Drainage,Low
Streetlight issue needs action,Streetlight,Low
Pollution issue needs action,Pollution,Low
Road problem needs action,Road/Pothole,Low
Garbage problem needs action,Garbage,Low
Water problem needs action,Water,Low
Drainage problem needs action,Drainage,Low
Streetlight problem needs action,Streetlight,Low
Pollution problem needs action,Pollution,Low
Road complaint needs municipal response,Road/Pothole,Low
Garbage complaint needs municipal response,Garbage,Low
Water complaint needs municipal response,Water,Low
Drainage complaint needs municipal response,Drainage,Low
Streetlight complaint needs municipal response,Streetlight,Low
Pollution complaint needs municipal response,Pollution,Low
Road issue needs municipal response,Road/Pothole,Low
Garbage issue needs municipal response,Garbage,Low
Water issue needs municipal response,Water,Low
Drainage issue needs municipal response,Drainage,Low
Streetlight issue needs municipal response,Streetlight,Low
Pollution issue needs municipal response,Pollution,Low
Road problem needs municipal response,Road/Pothole,Low
Garbage problem needs municipal response,Garbage,Low
Water problem needs municipal response,Water,Low
Drainage problem needs municipal response,Drainage,Low
Streetlight problem needs municipal response,Streetlight,Low
Pollution problem needs municipal response,Pollution,Low
Road complaint needs government response,Road/Pothole,Low
Garbage complaint needs government response,Garbage,Low
Water complaint needs government response,Water,Low
Drainage complaint needs government response,Drainage,Low
Streetlight complaint needs government response,Streetlight,Low
Pollution complaint needs government response,Pollution,Low
Road issue needs government response,Road/Pothole,Low
Garbage issue needs government response,Garbage,Low
Water issue needs government response,Water,Low
Drainage issue needs government response,Drainage,Low
Streetlight issue needs government response,Streetlight,Low
Pollution issue needs government response,Pollution,Low
Road problem needs government response,Road/Pothole,Low
Garbage problem needs government response,Garbage,Low
Water problem needs government response,Water,Low
Drainage problem needs government response,Drainage,Low
Streetlight problem needs government response,Streetlight,Low
Pollution problem needs government response,Pollution,Low
Road complaint needs authority response,Road/Pothole,Low
Garbage complaint needs authority response,Garbage,Low
Water complaint needs authority response,Water,Low
Drainage complaint needs authority response,Drainage,Low
Streetlight complaint needs authority response,Streetlight,Low
Pollution complaint needs authority response,Pollution,Low
Road issue needs authority response,Road/Pothole,Low
Garbage issue needs authority response,Garbage,Low
Water issue needs authority response,Water,Low
Drainage issue needs authority response,Drainage,Low
Streetlight issue needs authority response,Streetlight,Low
Pollution issue needs authority response,Pollution,Low
Road problem needs authority response,Road/Pothole,Low
Garbage problem needs authority response,Garbage,Low
Water problem needs authority response,Water,Low
Drainage problem needs authority response,Drainage,Low
Streetlight problem needs authority response,Streetlight,Low
Pollution problem needs authority response,Pollution,Low
Road complaint needs civic response,Road/Pothole,Low
Garbage complaint needs civic response,Garbage,Low
Water complaint needs civic response,Water,Low
Drainage complaint needs civic response,Drainage,Low
Streetlight complaint needs civic response,Streetlight,Low
Pollution complaint needs civic response,Pollution,Low
Road issue needs civic response,Road/Pothole,Low
Garbage issue needs civic response,Garbage,Low
Water issue needs civic response,Water,Low
Drainage issue needs civic response,Drainage,Low
Streetlight issue needs civic response,Streetlight,Low
Pollution issue needs civic response,Pollution,Low
Road problem needs civic response,Road/Pothole,Low
Garbage problem needs civic response,Garbage,Low
Water problem needs civic response,Water,Low
Drainage problem needs civic response,Drainage,Low
Streetlight problem needs civic response,Streetlight,Low
Pollution problem needs civic response,Pollution,Low
Road complaint requires civic action,Road/Pothole,Low
Garbage complaint requires civic action,Garbage,Low
Water complaint requires civic action,Water,Low
Drainage complaint requires civic action,Drainage,Low
Streetlight complaint requires civic action,Streetlight,Low
Pollution complaint requires civic action,Pollution,Low
Road issue requires civic action,Road/Pothole,Low
Garbage issue requires civic action,Garbage,Low
Water issue requires civic action,Water,Low
Drainage issue requires civic action,Drainage,Low
Streetlight issue requires civic action,Streetlight,Low
Pollution issue requires civic action,Pollution,Low
Road problem requires civic action,Road/Pothole,Low
Garbage problem requires civic action,Garbage,Low
Water problem requires civic action,Water,Low
Drainage problem requires civic action,Drainage,Low
Streetlight problem requires civic action,Streetlight,Low
Pollution problem requires civic action,Pollution,Low
Road complaint requires attention,Road/Pothole,Low
Garbage complaint requires attention,Garbage,Low
Water complaint requires attention,Water,Low
Drainage complaint requires attention,Drainage,Low
Streetlight complaint requires attention,Streetlight,Low
Pollution complaint requires attention,Pollution,Low
Road issue requires attention,Road/Pothole,Low
Garbage issue requires attention,Garbage,Low
Water issue requires attention,Water,Low
Drainage issue requires attention,Drainage,Low
Streetlight issue requires attention,Streetlight,Low
Pollution issue requires attention,Pollution,Low
Road problem requires attention,Road/Pothole,Low
Garbage problem requires attention,Garbage,Low
Water problem requires attention,Water,Low
Drainage problem requires attention,Drainage,Low
Streetlight problem requires attention,Streetlight,Low
Pollution problem requires attention,Pollution,Low
Road complaint requires follow-up,Road/Pothole,Low
Garbage complaint requires follow-up,Garbage,Low
Water complaint requires follow-up,Water,Low
Drainage complaint requires follow-up,Drainage,Low
Streetlight complaint requires follow-up,Streetlight,Low
Pollution complaint requires follow-up,Pollution,Low
Road issue requires follow-up,Road/Pothole,Low
Garbage issue requires follow-up,Garbage,Low
Water issue requires follow-up,Water,Low
Drainage issue requires follow-up,Drainage,Low
Streetlight issue requires follow-up,Streetlight,Low
Pollution issue requires follow-up,Pollution,Low
Road problem requires follow-up,Road/Pothole,Low
Garbage problem requires follow-up,Garbage,Low
Water problem requires follow-up,Water,Low
Drainage problem requires follow-up,Drainage,Low
Streetlight problem requires follow-up,Streetlight,Low
Pollution problem requires follow-up,Pollution,Low
Road complaint requires tracking,Road/Pothole,Low
Garbage complaint requires tracking,Garbage,Low
Water complaint requires tracking,Water,Low
Drainage complaint requires tracking,Drainage,Low
Streetlight complaint requires tracking,Streetlight,Low
Pollution complaint requires tracking,Pollution,Low
Road issue requires tracking,Road/Pothole,Low
Garbage issue requires tracking,Garbage,Low
Water issue requires tracking,Water,Low
Drainage issue requires tracking,Drainage,Low
Streetlight issue requires tracking,Streetlight,Low
Pollution issue requires tracking,Pollution,Low
Road problem requires tracking,Road/Pothole,Low
Garbage problem requires tracking,Garbage,Low
Water problem requires tracking,Water,Low
Drainage problem requires tracking,Drainage,Low
Streetlight problem requires tracking,Streetlight,Low
Pollution problem requires tracking,Pollution,Low
Road complaint requires monitoring,Road/Pothole,Low
Garbage complaint requires monitoring,Garbage,Low
Water complaint requires monitoring,Water,Low
Drainage complaint requires monitoring,Drainage,Low
Streetlight complaint requires monitoring,Streetlight,Low
Pollution complaint requires monitoring,Pollution,Low
Road issue requires monitoring,Road/Pothole,Low
Garbage issue requires monitoring,Garbage,Low
Water issue requires monitoring,Water,Low
Drainage issue requires monitoring,Drainage,Low
Streetlight issue requires monitoring,Streetlight,Low
Pollution issue requires monitoring,Pollution,Low
Road problem requires monitoring,Road/Pothole,Low
Garbage problem requires monitoring,Garbage,Low
Water problem requires monitoring,Water,Low
Drainage problem requires monitoring,Drainage,Low
Streetlight problem requires monitoring,Streetlight,Low
Pollution problem requires monitoring,Pollution,Low
Road complaint needs status update,Road/Pothole,Low
Garbage complaint needs status update,Garbage,Low
Water complaint needs status update,Water,Low
Drainage complaint needs status update,Drainage,Low
Streetlight complaint needs status update,Streetlight,Low
Pollution complaint needs status update,Pollution,Low
Road issue needs status update,Road/Pothole,Low
Garbage issue needs status update,Garbage,Low
Water issue needs status update,Water,Low
Drainage issue needs status update,Drainage,Low
Streetlight issue needs status update,Streetlight,Low
Pollution issue needs status update,Pollution,Low
Road problem needs status update,Road/Pothole,Low
Garbage problem needs status update,Garbage,Low
Water problem needs status update,Water,Low
Drainage problem needs status update,Drainage,Low
Streetlight problem needs status update,Streetlight,Low
Pollution problem needs status update,Pollution,Low
Road complaint status update,Road/Pothole,Low
Garbage complaint status update,Garbage,Low
Water complaint status update,Water,Low
Drainage complaint status update,Drainage,Low
Streetlight complaint status update,Streetlight,Low
Pollution complaint status update,Pollution,Low
Road issue status update,Road/Pothole,Low
Garbage issue status update,Garbage,Low
Water issue status update,Water,Low
Drainage issue status update,Drainage,Low
Streetlight issue status update,Streetlight,Low
Pollution issue status update,Pollution,Low
Road problem status update,Road/Pothole,Low
Garbage problem status update,Garbage,Low
Water problem status update,Water,Low
Drainage problem status update,Drainage,Low
Streetlight problem status update,Streetlight,Low
Pollution problem status update,Pollution,Low
Road complaint follow up required,Road/Pothole,Low
Garbage complaint follow up required,Garbage,Low
Water complaint follow up required,Water,Low
Drainage complaint follow up required,Drainage,Low
Streetlight complaint follow up required,Streetlight,Low
Pollution complaint follow up required,Pollution,Low
Road issue follow up required,Road/Pothole,Low
Garbage issue follow up required,Garbage,Low
Water issue follow up required,Water,Low
Drainage issue follow up required,Drainage,Low
Streetlight issue follow up required,Streetlight,Low
Pollution issue follow up required,Pollution,Low
Road problem follow up required,Road/Pothole,Low
Garbage problem follow up required,Garbage,Low
Water problem follow up required,Water,Low
Drainage problem follow up required,Drainage,Low
Streetlight problem follow up required,Streetlight,Low
Pollution problem follow up required,Pollution,Low
Road complaint follow up,Road/Pothole,Low
Garbage complaint follow up,Garbage,Low
Water complaint follow up,Water,Low
Drainage complaint follow up,Drainage,Low
Streetlight complaint follow up,Streetlight,Low
Pollution complaint follow up,Pollution,Low
Road issue follow up,Road/Pothole,Low
Garbage issue follow up,Garbage,Low
Water issue follow up,Water,Low
Drainage issue follow up,Drainage,Low
Streetlight issue follow up,Streetlight,Low
Pollution issue follow up,Pollution,Low
Road problem follow up,Road/Pothole,Low
Garbage problem follow up,Garbage,Low
Water problem follow up,Water,Low
Drainage problem follow up,Drainage,Low
Streetlight problem follow up,Streetlight,Low
Pollution problem follow up,Pollution,Low
Road complaint tracking,Road/Pothole,Low
Garbage complaint tracking,Garbage,Low
Water complaint tracking,Water,Low
Drainage complaint tracking,Drainage,Low
Streetlight complaint tracking,Streetlight,Low
Pollution complaint tracking,Pollution,Low
Road issue tracking,Road/Pothole,Low
Garbage issue tracking,Garbage,Low
Water issue tracking,Water,Low
Drainage issue tracking,Drainage,Low
Streetlight issue tracking,Streetlight,Low
Pollution issue tracking,Pollution,Low
Road problem tracking,Road/Pothole,Low
Garbage problem tracking,Garbage,Low
Water problem tracking,Water,Low
Drainage problem tracking,Drainage,Low
Streetlight problem tracking,Streetlight,Low
Pollution problem tracking,Pollution,Low
Road complaint monitoring,Road/Pothole,Low
Garbage complaint monitoring,Garbage,Low
Water complaint monitoring,Water,Low
Drainage complaint monitoring,Drainage,Low
Streetlight complaint monitoring,Streetlight,Low
Pollution complaint monitoring,Pollution,Low
Road issue monitoring,Road/Pothole,Low
Garbage issue monitoring,Garbage,Low
Water issue monitoring,Water,Low
Drainage issue monitoring,Drainage,Low
Streetlight issue monitoring,Streetlight,Low
Pollution issue monitoring,Pollution,Low
Road problem monitoring,Road/Pothole,Low
Garbage problem monitoring,Garbage,Low
Water problem monitoring,Water,Low
Drainage problem monitoring,Drainage,Low
Streetlight problem monitoring,Streetlight,Low
Pollution problem monitoring,Pollution,Low
Road complaint unresolved,Road/Pothole,Low
Garbage complaint unresolved,Garbage,Low
Water complaint unresolved,Water,Low
Drainage complaint unresolved,Drainage,Low
Streetlight complaint unresolved,Streetlight,Low
Pollution complaint unresolved,Pollution,Low
Road issue unresolved,Road/Pothole,Low
Garbage issue unresolved,Garbage,Low
Water issue unresolved,Water,Low
Drainage issue unresolved,Drainage,Low
Streetlight issue unresolved,Streetlight,Low
Pollution issue unresolved,Pollution,Low
Road problem unresolved,Road/Pothole,Low
Garbage problem unresolved,Garbage,Low
Water problem unresolved,Water,Low
Drainage problem unresolved,Drainage,Low
Streetlight problem unresolved,Streetlight,Low
Pollution problem unresolved,Pollution,Low
Road complaint still pending,Road/Pothole,Low
Garbage complaint still pending,Garbage,Low
Water complaint still pending,Water,Low
Drainage complaint still pending,Drainage,Low
Streetlight complaint still pending,Streetlight,Low
Pollution complaint still pending,Pollution,Low
Road issue still pending,Road/Pothole,Low
Garbage issue still pending,Garbage,Low
Water issue still pending,Water,Low
Drainage issue still pending,Drainage,Low
Streetlight issue still pending,Streetlight,Low
Pollution issue still pending,Pollution,Low
Road problem still pending,Road/Pothole,Low
Garbage problem still pending,Garbage,Low
Water problem still pending,Water,Low
Drainage problem still pending,Drainage,Low
Streetlight problem still pending,Streetlight,Low
Pollution problem still pending,Pollution,Low
Road complaint pending,Road/Pothole,Low
Garbage complaint pending,Garbage,Low
Water complaint pending,Water,Low
Drainage complaint pending,Drainage,Low
Streetlight complaint pending,Streetlight,Low
Pollution complaint pending,Pollution,Low
Road issue pending,Road/Pothole,Low
Garbage issue pending,Garbage,Low
Water issue pending,Water,Low
Drainage issue pending,Drainage,Low
Streetlight issue pending,Streetlight,Low
Pollution issue pending,Pollution,Low
Road problem pending,Road/Pothole,Low
Garbage problem pending,Garbage,Low
Water problem pending,Water,Low
Drainage problem pending,Drainage,Low
Streetlight problem pending,Streetlight,Low
Pollution problem pending,Pollution,Low
Road complaint submitted by citizen,Road/Pothole,Low
Garbage complaint submitted by citizen,Garbage,Low
Water complaint submitted by citizen,Water,Low
Drainage complaint submitted by citizen,Drainage,Low
Streetlight complaint submitted by citizen,Streetlight,Low
Pollution complaint submitted by citizen,Pollution,Low
Road issue submitted by citizen,Road/Pothole,Low
Garbage issue submitted by citizen,Garbage,Low
Water issue submitted by citizen,Water,Low
Drainage issue submitted by citizen,Drainage,Low
Streetlight issue submitted by citizen,Streetlight,Low
Pollution issue submitted by citizen,Pollution,Low
Road problem submitted by citizen,Road/Pothole,Low
Garbage problem submitted by citizen,Garbage,Low
Water problem submitted by citizen,Water,Low
Drainage problem submitted by citizen,Drainage,Low
Streetlight problem submitted by citizen,Streetlight,Low
Pollution problem submitted by citizen,Pollution,Low
Road complaint submitted by resident,Road/Pothole,Low
Garbage complaint submitted by resident,Garbage,Low
Water complaint submitted by resident,Water,Low
Drainage complaint submitted by resident,Drainage,Low
Streetlight complaint submitted by resident,Streetlight,Low
Pollution complaint submitted by resident,Pollution,Low
Road issue submitted by resident,Road/Pothole,Low
Garbage issue submitted by resident,Garbage,Low
Water issue submitted by resident,Water,Low
Drainage issue submitted by resident,Drainage,Low
Streetlight issue submitted by resident,Streetlight,Low
Pollution issue submitted by resident,Pollution,Low
Road problem submitted by resident,Road/Pothole,Low
Garbage problem submitted by resident,Garbage,Low
Water problem submitted by resident,Water,Low
Drainage problem submitted by resident,Drainage,Low
Streetlight problem submitted by resident,Streetlight,Low
Pollution problem submitted by resident,Pollution,Low
Road complaint submitted by public,Road/Pothole,Low
Garbage complaint submitted by public,Garbage,Low
Water complaint submitted by public,Water,Low
Drainage complaint submitted by public,Drainage,Low
Streetlight complaint submitted by public,Streetlight,Low
Pollution complaint submitted by public,Pollution,Low
Road issue submitted by public,Road/Pothole,Low
Garbage issue submitted by public,Garbage,Low
Water issue submitted by public,Water,Low
Drainage issue submitted by public,Drainage,Low
Streetlight issue submitted by public,Streetlight,Low
Pollution issue submitted by public,Pollution,Low
Road problem submitted by public,Road/Pothole,Low
Garbage problem submitted by public,Garbage,Low
Water problem submitted by public,Water,Low
Drainage problem submitted by public,Drainage,Low
Streetlight problem submitted by public,Streetlight,Low
Pollution problem submitted by public,Pollution,Low
Road complaint from public,Road/Pothole,Low
Garbage complaint from public,Garbage,Low
Water complaint from public,Water,Low
Drainage complaint from public,Drainage,Low
Streetlight complaint from public,Streetlight,Low
Pollution complaint from public,Pollution,Low
Road issue from public,Road/Pothole,Low
Garbage issue from public,Garbage,Low
Water issue from public,Water,Low
Drainage issue from public,Drainage,Low
Streetlight issue from public,Streetlight,Low
Pollution issue from public,Pollution,Low
Road problem from public,Road/Pothole,Low
Garbage problem from public,Garbage,Low
Water problem from public,Water,Low
Drainage problem from public,Drainage,Low
Streetlight problem from public,Streetlight,Low
Pollution problem from public,Pollution,Low
Road complaint needs action from authorities,Road/Pothole,Low
Garbage complaint needs action from authorities,Garbage,Low
Water complaint needs action from authorities,Water,Low
Drainage complaint needs action from authorities,Drainage,Low
Streetlight complaint needs action from authorities,Streetlight,Low
Pollution complaint needs action from authorities,Pollution,Low
Road issue needs action from authorities,Road/Pothole,Low
Garbage issue needs action from authorities,Garbage,Low
Water issue needs action from authorities,Water,Low
Drainage issue needs action from authorities,Drainage,Low
Streetlight issue needs action from authorities,Streetlight,Low
Pollution issue needs action from authorities,Pollution,Low
Road problem needs action from authorities,Road/Pothole,Low
Garbage problem needs action from authorities,Garbage,Low
Water problem needs action from authorities,Water,Low
Drainage problem needs action from authorities,Drainage,Low
Streetlight problem needs action from authorities,Streetlight,Low
Pollution problem needs action from authorities,Pollution,Low
Road complaint needs response from authorities,Road/Pothole,Low
Garbage complaint needs response from authorities,Garbage,Low
Water complaint needs response from authorities,Water,Low
Drainage complaint needs response from authorities,Drainage,Low
Streetlight complaint needs response from authorities,Streetlight,Low
Pollution complaint needs response from authorities,Pollution,Low
Road issue needs response from authorities,Road/Pothole,Low
Garbage issue needs response from authorities,Garbage,Low
Water issue needs response from authorities,Water,Low
Drainage issue needs response from authorities,Drainage,Low
Streetlight issue needs response from authorities,Streetlight,Low
Pollution issue needs response from authorities,Pollution,Low
Road problem needs response from authorities,Road/Pothole,Low
Garbage problem needs response from authorities,Garbage,Low
Water problem needs response from authorities,Water,Low
Drainage problem needs response from authorities,Drainage,Low
Streetlight problem needs response from authorities,Streetlight,Low
Pollution problem needs response from authorities,Pollution,Low
Road complaint requires response,Road/Pothole,Low
Garbage complaint requires response,Garbage,Low
Water complaint requires response,Water,Low
Drainage complaint requires response,Drainage,Low
Streetlight complaint requires response,Streetlight,Low
Pollution complaint requires response,Pollution,Low
Road issue requires response,Road/Pothole,Low
Garbage issue requires response,Garbage,Low
Water issue requires response,Water,Low
Drainage issue requires response,Drainage,Low
Streetlight issue requires response,Streetlight,Low
Pollution issue requires response,Pollution,Low
Road problem requires response,Road/Pothole,Low
Garbage problem requires response,Garbage,Low
Water problem requires response,Water,Low
Drainage problem requires response,Drainage,Low
Streetlight problem requires response,Streetlight,Low
Pollution problem requires response,Pollution,Low
Road complaint requires action,Road/Pothole,Low
Garbage complaint requires action,Garbage,Low
Water complaint requires action,Water,Low
Drainage complaint requires action,Drainage,Low
Streetlight complaint requires action,Streetlight,Low
Pollution complaint requires action,Pollution,Low
Road issue requires action,Road/Pothole,Low
Garbage issue requires action,Garbage,Low
Water issue requires action,Water,Low
Drainage issue requires action,Drainage,Low
Streetlight issue requires action,Streetlight,Low
Pollution issue requires action,Pollution,Low
Road problem requires action,Road/Pothole,Low
Garbage problem requires action,Garbage,Low
Water problem requires action,Water,Low
Drainage problem requires action,Drainage,Low
Streetlight problem requires action,Streetlight,Low
Pollution problem requires action,Pollution,Low
Road complaint action required,Road/Pothole,Low
Garbage complaint action required,Garbage,Low
Water complaint action required,Water,Low
Drainage complaint action required,Drainage,Low
Streetlight complaint action required,Streetlight,Low
Pollution complaint action required,Pollution,Low
Road issue action required,Road/Pothole,Low
Garbage issue action required,Garbage,Low
Water issue action required,Water,Low
Drainage issue action required,Drainage,Low
Streetlight issue action required,Streetlight,Low
Pollution issue action required,Pollution,Low
Road problem action required,Road/Pothole,Low
Garbage problem action required,Garbage,Low
Water problem action required,Water,Low
Drainage problem action required,Drainage,Low
Streetlight problem action required,Streetlight,Low
Pollution problem action required,Pollution,Low
Road complaint action,Road/Pothole,Low
Garbage complaint action,Garbage,Low
Water complaint action,Water,Low
Drainage complaint action,Drainage,Low
Streetlight complaint action,Streetlight,Low
Pollution complaint action,Pollution,Low
Road issue action,Road/Pothole,Low
Garbage issue action,Garbage,Low
Water issue action,Water,Low
Drainage issue action,Drainage,Low
Streetlight issue action,Streetlight,Low
Pollution issue action,Pollution,Low
Road problem action,Road/Pothole,Low
Garbage problem action,Garbage,Low
Water problem action,Water,Low
Drainage problem action,Drainage,Low
Streetlight problem action,Streetlight,Low
Pollution problem action,Pollution,Low
Road complaint submitted for repair,Road/Pothole,Low
Garbage complaint submitted for removal,Garbage,Low
Water complaint submitted for supply,Water,Low
Drainage complaint submitted for cleaning,Drainage,Low
Streetlight complaint submitted for repair,Streetlight,Low
Pollution complaint submitted for control,Pollution,Low
Road issue submitted for repair,Road/Pothole,Low
Garbage issue submitted for removal,Garbage,Low
Water issue submitted for supply,Water,Low
Drainage issue submitted for cleaning,Drainage,Low
Streetlight issue submitted for repair,Streetlight,Low
Pollution issue submitted for control,Pollution,Low
Road problem submitted for repair,Road/Pothole,Low
Garbage problem submitted for removal,Garbage,Low
Water problem submitted for supply,Water,Low
Drainage problem submitted for cleaning,Drainage,Low
Streetlight problem submitted for repair,Streetlight,Low
Pollution problem submitted for control,Pollution,Low
Road complaint for repair,Road/Pothole,Low
Garbage complaint for removal,Garbage,Low
Water complaint for supply,Water,Low
Drainage complaint for cleaning,Drainage,Low
Streetlight complaint for repair,Streetlight,Low
Pollution complaint for control,Pollution,Low
Road issue for repair,Road/Pothole,Low
Garbage issue for removal,Garbage,Low
Water issue for supply,Water,Low
Drainage issue for cleaning,Drainage,Low
Streetlight issue for repair,Streetlight,Low
Pollution issue for control,Pollution,Low
Road problem for repair,Road/Pothole,Low
Garbage problem for removal,Garbage,Low
Water problem for supply,Water,Low
Drainage problem for cleaning,Drainage,Low
Streetlight problem for repair,Streetlight,Low
Pollution problem for control,Pollution,Low
Road complaint requires repair,Road/Pothole,Low
Garbage complaint requires removal,Garbage,Low
Water complaint requires supply,Water,Low
Drainage complaint requires cleaning,Drainage,Low
Streetlight complaint requires repair,Streetlight,Low
Pollution complaint requires control,Pollution,Low
Road issue requires repair,Road/Pothole,Low
Garbage issue requires removal,Garbage,Low
Water issue requires supply,Water,Low
Drainage issue requires cleaning,Drainage,Low
Streetlight issue requires repair,Streetlight,Low
Pollution issue requires control,Pollution,Low
Road problem requires repair,Road/Pothole,Low
Garbage problem requires removal,Garbage,Low
Water problem requires supply,Water,Low
Drainage problem requires cleaning,Drainage,Low
Streetlight problem requires repair,Streetlight,Low
Pollution problem requires control,Pollution,Low
Road complaint should be repaired,Road/Pothole,Low
Garbage complaint should be removed,Garbage,Low
Water complaint should be supplied,Water,Low
Drainage complaint should be cleaned,Drainage,Low
Streetlight complaint should be repaired,Streetlight,Low
Pollution complaint should be controlled,Pollution,Low
Road issue should be repaired,Road/Pothole,Low
Garbage issue should be removed,Garbage,Low
Water issue should be supplied,Water,Low
Drainage issue should be cleaned,Drainage,Low
Streetlight issue should be repaired,Streetlight,Low
Pollution issue should be controlled,Pollution,Low
Road problem should be repaired,Road/Pothole,Low
Garbage problem should be removed,Garbage,Low
Water problem should be supplied,Water,Low
Drainage problem should be cleaned,Drainage,Low
Streetlight problem should be repaired,Streetlight,Low
Pollution problem should be controlled,Pollution,Low
Road complaint is about potholes,Road/Pothole,Low
Garbage complaint is about waste,Garbage,Low
Water complaint is about supply,Water,Low
Drainage complaint is about sewage,Drainage,High
Streetlight complaint is about lighting,Streetlight,Low
Pollution complaint is about air,Pollution,Low
Road issue is about potholes,Road/Pothole,Low
Garbage issue is about waste,Garbage,Low
Water issue is about supply,Water,Low
Drainage issue is about sewage,Drainage,High
Streetlight issue is about lighting,Streetlight,Low
Pollution issue is about air,Pollution,Low
Road problem is about potholes,Road/Pothole,Low
Garbage problem is about waste,Garbage,Low
Water problem is about supply,Water,Low
Drainage problem is about sewage,Drainage,High
Streetlight problem is about lighting,Streetlight,Low
Pollution problem is about air,Pollution,Low
Road complaint concerns potholes,Road/Pothole,Low
Garbage complaint concerns waste,Garbage,Low
Water complaint concerns supply,Water,Low
Drainage complaint concerns sewage,Drainage,High
Streetlight complaint concerns lighting,Streetlight,Low
Pollution complaint concerns air,Pollution,Low
Road issue concerns potholes,Road/Pothole,Low
Garbage issue concerns waste,Garbage,Low
Water issue concerns supply,Water,Low
Drainage issue concerns sewage,Drainage,High
Streetlight issue concerns lighting,Streetlight,Low
Pollution issue concerns air,Pollution,Low
Road problem concerns potholes,Road/Pothole,Low
Garbage problem concerns waste,Garbage,Low
Water problem concerns supply,Water,Low
Drainage problem concerns sewage,Drainage,High
Streetlight problem concerns lighting,Streetlight,Low
Pollution problem concerns air,Pollution,Low
Road complaint related to potholes,Road/Pothole,Low
Garbage complaint related to waste,Garbage,Low
Water complaint related to supply,Water,Low
Drainage complaint related to sewage,Drainage,High
Streetlight complaint related to lighting,Streetlight,Low
Pollution complaint related to air,Pollution,Low
Road issue related to potholes,Road/Pothole,Low
Garbage issue related to waste,Garbage,Low
Water issue related to supply,Water,Low
Drainage issue related to sewage,Drainage,High
Streetlight issue related to lighting,Streetlight,Low
Pollution issue related to air,Pollution,Low
Road problem related to potholes,Road/Pothole,Low
Garbage problem related to waste,Garbage,Low
Water problem related to supply,Water,Low
Drainage problem related to sewage,Drainage,High
Streetlight problem related to lighting,Streetlight,Low
Pollution problem related to air,Pollution,Low
Road complaint about damaged road,Road/Pothole,Medium
Garbage complaint about overflowing waste,Garbage,High
Water complaint about no supply,Water,Low
Drainage complaint about blocked drain,Drainage,High
Streetlight complaint about broken lamp,Streetlight,Medium
Pollution complaint about smoke,Pollution,Low
Road issue about damaged road,Road/Pothole,Medium
Garbage issue about overflowing waste,Garbage,High
Water issue about no supply,Water,Low
Drainage issue about blocked drain,Drainage,High
Streetlight issue about broken lamp,Streetlight,Medium
Pollution issue about smoke,Pollution,Low
Road problem about damaged road,Road/Pothole,Medium
Garbage problem about overflowing waste,Garbage,High
Water problem about no supply,Water,Low
Drainage problem about blocked drain,Drainage,High
Streetlight problem about broken lamp,Streetlight,Medium
Pollution problem about smoke,Pollution,Low
Road pothole,Road/Pothole,Low
Garbage overflow,Garbage,Low
Water shortage,Water,Low
Drain blockage,Drainage,Low
Broken streetlight,Streetlight,Medium
Air pollution,Pollution,Low
Road damage,Road/Pothole,Low
Garbage accumulation,Garbage,Low
Water outage,Water,Low
Drain overflow,Drainage,Low
Streetlight outage,Streetlight,Low
Smoke pollution,Pollution,Low
Road repair,Road/Pothole,Low
Garbage removal,Garbage,Low
Water restoration,Water,Low
Drain cleaning,Drainage,Low
Streetlight repair,Streetlight,Low
Pollution control,Pollution,Low
Road maintenance,Road/Pothole,Low
Garbage collection,Garbage,Low
Water supply,Water,Low
Drainage maintenance,Drainage,Low
Streetlight maintenance,Streetlight,Low
Pollution monitoring,Pollution,Low
Road complaint,Road/Pothole,Low
Garbage complaint,Garbage,Low
Water complaint,Water,Low
Drainage complaint,Drainage,Low
Streetlight complaint,Streetlight,Low
Pollution complaint,Pollution,Low
Road issue,Road/Pothole,Low
Garbage issue,Garbage,Low
Water issue,Water,Low
Drainage issue,Drainage,Low
Streetlight issue,Streetlight,Low
Pollution issue,Pollution,Low
Road problem,Road/Pothole,Low
Garbage problem,Garbage,Low
Water problem,Water,Low
Drainage problem,Drainage,Low
Streetlight problem,Streetlight,Low
Pollution problem,Pollution,Low
Road-related complaint,Road/Pothole,Low
Garbage-related complaint,Garbage,Low
Water-related complaint,Water,Low
Drainage-related complaint,Drainage,Low
Streetlight-related complaint,Streetlight,Low
Pollution-related complaint,Pollution,Low
Road-related problem,Road/Pothole,Low
Garbage-related problem,Garbage,Low
Water-related problem,Water,Low
Drainage-related problem,Drainage,Low
Streetlight-related problem,Streetlight,Low
Pollution-related problem,Pollution,Low
Road-related issue,Road/Pothole,Low
Garbage-related issue,Garbage,Low
Water-related issue,Water,Low
Drainage-related issue,Drainage,Low
Streetlight-related issue,Streetlight,Low
Pollution-related issue,Pollution,Low
Road civic complaint,Road/Pothole,Low
Garbage civic complaint,Garbage,Low
Water civic complaint,Water,Low
Drainage civic complaint,Drainage,Low
Streetlight civic complaint,Streetlight,Low
Pollution civic complaint,Pollution,Low
Road public complaint,Road/Pothole,Low
Garbage public complaint,Garbage,Low
Water public complaint,Water,Low
Drainage public complaint,Drainage,Low
Streetlight public complaint,Streetlight,Low
Pollution public complaint,Pollution,Low
Road municipal complaint,Road/Pothole,Low
Garbage municipal complaint,Garbage,Low
Water municipal complaint,Water,Low
Drainage municipal complaint,Drainage,Low
Streetlight municipal complaint,Streetlight,Low
Pollution municipal complaint,Pollution,Low
Road government complaint,Road/Pothole,Low
Garbage government complaint,Garbage,Low
Water government complaint,Water,Low
Drainage government complaint,Drainage,Low
Streetlight government complaint,Streetlight,Low
Pollution government complaint,Pollution,Low
Road authority complaint,Road/Pothole,Low
Garbage authority complaint,Garbage,Low
Water authority complaint,Water,Low
Drainage authority complaint,Drainage,Low
Streetlight authority complaint,Streetlight,Low
Pollution authority complaint,Pollution,Low
Road department complaint,Road/Pothole,Low
Garbage department complaint,Garbage,Low
Water department complaint,Water,Low
Drainage department complaint,Drainage,Low
Streetlight department complaint,Streetlight,Low
Pollution department complaint,Pollution,Low
Road civic issue,Road/Pothole,Low
Garbage civic issue,Garbage,Low
Water civic issue,Water,Low
Drainage civic issue,Drainage,Low
Streetlight civic issue,Streetlight,Low
Pollution civic issue,Pollution,Low
Road service issue,Road/Pothole,Low
Garbage service issue,Garbage,Low
Water service issue,Water,Low
Drainage service issue,Drainage,Low
Streetlight service issue,Streetlight,Low
Pollution service issue,Pollution,Low
Road public issue,Road/Pothole,Low
Garbage public issue,Garbage,Low
Water public issue,Water,Low
Drainage public issue,Drainage,Low
Streetlight public issue,Streetlight,Low
Pollution public issue,Pollution,Low
Road municipal issue,Road/Pothole,Low
Garbage municipal issue,Garbage,Low
Water municipal issue,Water,Low
Drainage municipal issue,Drainage,Low
Streetlight municipal issue,Streetlight,Low
Pollution municipal issue,Pollution,Low
Road government issue,Road/Pothole,Low
Garbage government issue,Garbage,Low
Water government issue,Water,Low
Drainage government issue,Drainage,Low
Streetlight government issue,Streetlight,Low
Pollution government issue,Pollution,Low
Road authority issue,Road/Pothole,Low
Garbage authority issue,Garbage,Low
Water authority issue,Water,Low
Drainage authority issue,Drainage,Low
Streetlight authority issue,Streetlight,Low
Pollution authority issue,Pollution,Low
Road department issue,Road/Pothole,Low
Garbage department issue,Garbage,Low
Water department issue,Water,Low
Drainage department issue,Drainage,Low
Streetlight department issue,Streetlight,Low
Pollution department issue,Pollution,Low
Road problem requires repair and is unsafe,Road/Pothole,Low
Garbage overflow is causing hygiene problems,Garbage,Low
Water shortage is causing household problems,Water,Low
Drainage overflow is causing flooding,Drainage,High
Streetlight failure is causing safety problems,Streetlight,Low
Pollution is causing poor air quality,Pollution,Low
Road potholes are causing traffic problems,Road/Pothole,Low
Garbage accumulation is attracting insects,Garbage,Low
Water shortage is affecting daily life,Water,Low
Drainage blockage is causing waterlogging,Drainage,Low
Streetlight failure is causing darkness,Streetlight,Low
Air pollution is affecting daily life,Pollution,Low
Road damage is affecting transportation,Road/Pothole,Low
Garbage is affecting cleanliness,Garbage,Low
Water shortage is affecting residents,Water,Low
Drainage is affecting cleanliness,Drainage,Low
Streetlight is affecting safety,Streetlight,Low
Pollution is affecting daily life,Pollution,Low
Road pothole is affecting safety,Road/Pothole,Low
Garbage overflow is affecting cleanliness,Garbage,Low
Water outage is affecting residents,Water,Low
Drain overflow is affecting residents,Drainage,Low
Streetlight outage is affecting safety,Streetlight,Low
Pollution is affecting public health,Pollution,Low
Road issue affects school children,Road/Pothole,High
Garbage issue affects school children,Garbage,High
Water issue affects school children,Water,High
Drainage issue affects school children,Drainage,High
Streetlight issue affects school children,Streetlight,High
Pollution issue affects school children,Pollution,High
Road issue affects hospital access,Road/Pothole,High
Garbage issue affects hospital surroundings,Garbage,High
Water issue affects hospital,Water,High
Drainage issue affects hospital,Drainage,High
Streetlight issue affects hospital surroundings,Streetlight,High
Pollution issue affects hospital surroundings,Pollution,High
Road issue affects market access,Road/Pothole,Low
Garbage issue affects market cleanliness,Garbage,Low
Water issue affects market,Water,Low
Drainage issue affects market,Drainage,Low
Streetlight issue affects market safety,Streetlight,Low
Pollution issue affects market,Pollution,Low
Road issue affects bus stop,Road/Pothole,Low
Garbage issue affects bus stop,Garbage,Low
Water issue affects bus stop,Water,Low
Drainage issue affects bus stop,Drainage,Low
Streetlight issue affects bus stop safety,Streetlight,Low
Pollution issue affects bus stop,Pollution,Low
Road issue affects college access,Road/Pothole,Low
Garbage issue affects college,Garbage,Low
Water issue affects college,Water,Low
Drainage issue affects college,Drainage,Low
Streetlight issue affects college safety,Streetlight,Low
Pollution issue affects college,Pollution,Low
Road complaint affects residents,Road/Pothole,Low
Garbage complaint affects residents,Garbage,Low
Water complaint affects residents,Water,Low
Drainage complaint affects residents,Drainage,Low
Streetlight complaint affects residents,Streetlight,Low
Pollution complaint affects residents,Pollution,Low
Road problem affects residents,Road/Pothole,Low
Garbage problem affects residents,Garbage,Low
Water problem affects residents,Water,Low
Drainage problem affects residents,Drainage,Low
Streetlight problem affects residents,Streetlight,Low
Pollution problem affects residents,Pollution,Low
Road issue affects residents,Road/Pothole,Low
Garbage issue affects residents,Garbage,Low
Water issue affects residents,Water,Low
Drainage issue affects residents,Drainage,Low
Streetlight issue affects residents,Streetlight,Low
Pollution issue affects residents,Pollution,Low
Road complaint affects public,Road/Pothole,Low
Garbage complaint affects public,Garbage,Low
Water complaint affects public,Water,Low
Drainage complaint affects public,Drainage,Low
Streetlight complaint affects public,Streetlight,Low
Pollution complaint affects public,Pollution,Low
Road problem affects public,Road/Pothole,Low
Garbage problem affects public,Garbage,Low
Water problem affects public,Water,Low
Drainage problem affects public,Drainage,Low
Streetlight problem affects public,Streetlight,Low
Pollution problem affects public,Pollution,Low
Road issue affects public,Road/Pothole,Low
Garbage issue affects public,Garbage,Low
Water issue affects public,Water,Low
Drainage issue affects public,Drainage,Low
Streetlight issue affects public,Streetlight,Low
Pollution issue affects public,Pollution,Low
Road complaint is about road damage,Road/Pothole,Low
Garbage complaint is about garbage,Garbage,Low
Water complaint is about water,Water,Low
Drainage complaint is about drainage,Drainage,Low
Streetlight complaint is about streetlights,Streetlight,Low
Pollution complaint is about pollution,Pollution,Low
Road issue is about road damage,Road/Pothole,Low
Garbage issue is about garbage,Garbage,Low
Water issue is about water,Water,Low
Drainage issue is about drainage,Drainage,Low
Streetlight issue is about streetlights,Streetlight,Low
Pollution issue is about pollution,Pollution,Low
Road problem is about road damage,Road/Pothole,Low
Garbage problem is about garbage,Garbage,Low
Water problem is about water,Water,Low
Drainage problem is about drainage,Drainage,Low
Streetlight problem is about streetlights,Streetlight,Low
Pollution problem is about pollution,Pollution,Low
Road complaint category,Road/Pothole,Low
Garbage complaint category,Garbage,Low
Water complaint category,Water,Low
Drainage complaint category,Drainage,Low
Streetlight complaint category,Streetlight,Low
Pollution complaint category,Pollution,Low
Road issue category,Road/Pothole,Low
Garbage issue category,Garbage,Low
Water issue category,Water,Low
Drainage issue category,Drainage,Low
Streetlight issue category,Streetlight,Low
Pollution issue category,Pollution,Low
Road problem category,Road/Pothole,Low
Garbage problem category,Garbage,Low
Water problem category,Water,Low
Drainage problem category,Drainage,Low
Streetlight problem category,Streetlight,Low
Pollution problem category,Pollution,Low
Road category,Road/Pothole,Low
Garbage category,Garbage,Low
Water category,Water,Low
Drainage category,Drainage,Low
Streetlight category,Streetlight,Low
Pollution category,Pollution,Low
Road civic category,Road/Pothole,Low
Garbage civic category,Garbage,Low
Water civic category,Water,Low
Drainage civic category,Drainage,Low
Streetlight civic category,Streetlight,Low
Pollution civic category,Pollution,Low
Road complaint type,Road/Pothole,Low
Garbage complaint type,Garbage,Low
Water complaint type,Water,Low
Drainage complaint type,Drainage,Low
Streetlight complaint type,Streetlight,Low
Pollution complaint type,Pollution,Low
Road issue type,Road/Pothole,Low
Garbage issue type,Garbage,Low
Water issue type,Water,Low
Drainage issue type,Drainage,Low
Streetlight issue type,Streetlight,Low
Pollution issue type,Pollution,Low
Road problem type,Road/Pothole,Low
Garbage problem type,Garbage,Low
Water problem type,Water,Low
Drainage problem type,Drainage,Low
Streetlight problem type,Streetlight,Low
Pollution problem type,Pollution,Low
Road request,Road/Pothole,Low
Garbage request,Garbage,Low
Water request,Water,Low
Drainage request,Drainage,Low
Streetlight request,Streetlight,Low
Pollution request,Pollution,Low
Road maintenance request,Road/Pothole,Low
Garbage collection request,Garbage,Low
Water supply request,Water,Low
Drainage cleaning request,Drainage,Low
Streetlight repair request,Streetlight,Low
Pollution control request,Pollution,Low
Road service request,Road/Pothole,Low
Garbage service request,Garbage,Low
Water service request,Water,Low
Drainage service request,Drainage,Low
Streetlight service request,Streetlight,Low
Pollution service request,Pollution,Low
Road help needed,Road/Pothole,Low
Garbage help needed,Garbage,Low
Water help needed,Water,Low
Drainage help needed,Drainage,Low
Streetlight help needed,Streetlight,Low
Pollution help needed,Pollution,Low
Road assistance needed,Road/Pothole,Low
Garbage assistance needed,Garbage,Low
Water assistance needed,Water,Low
Drainage assistance needed,Drainage,Low
Streetlight assistance needed,Streetlight,Low
Pollution assistance needed,Pollution,Low
Road complaint needs help,Road/Pothole,Low
Garbage complaint needs help,Garbage,Low
Water complaint needs help,Water,Low
Drainage complaint needs help,Drainage,Low
Streetlight complaint needs help,Streetlight,Low
Pollution complaint needs help,Pollution,Low
Road issue needs help,Road/Pothole,Low
Garbage issue needs help,Garbage,Low
Water issue needs help,Water,Low
Drainage issue needs help,Drainage,Low
Streetlight issue needs help,Streetlight,Low
Pollution issue needs help,Pollution,Low
Road problem needs help,Road/Pothole,Low
Garbage problem needs help,Garbage,Low
Water problem needs help,Water,Low
Drainage problem needs help,Drainage,Low
Streetlight problem needs help,Streetlight,Low
Pollution problem needs help,Pollution,Low
Road complaint needs assistance,Road/Pothole,Low
Garbage complaint needs assistance,Garbage,Low
Water complaint needs assistance,Water,Low
Drainage complaint needs assistance,Drainage,Low
Streetlight complaint needs assistance,Streetlight,Low
Pollution complaint needs assistance,Pollution,Low
Road issue needs assistance,Road/Pothole,Low
Garbage issue needs assistance,Garbage,Low
Water issue needs assistance,Water,Low
Drainage issue needs assistance,Drainage,Low
Streetlight issue needs assistance,Streetlight,Low
Pollution issue needs assistance,Pollution,Low
Road problem needs assistance,Road/Pothole,Low
Garbage problem needs assistance,Garbage,Low
Water problem needs assistance,Water,Low
Drainage problem needs assistance,Drainage,Low
Streetlight problem needs assistance,Streetlight,Low
Pollution problem needs assistance,Pollution,Low
Road complaint needs support,Road/Pothole,Low
Garbage complaint needs support,Garbage,Low
Water complaint needs support,Water,Low
Drainage complaint needs support,Drainage,Low
Streetlight complaint needs support,Streetlight,Low
Pollution complaint needs support,Pollution,Low
Road issue needs support,Road/Pothole,Low
Garbage issue needs support,Garbage,Low
Water issue needs support,Water,Low
Drainage issue needs support,Drainage,Low
Streetlight issue needs support,Streetlight,Low
Pollution issue needs support,Pollution,Low
Road problem needs support,Road/Pothole,Low
Garbage problem needs support,Garbage,Low
Water problem needs support,Water,Low
Drainage problem needs support,Drainage,Low
Streetlight problem needs support,Streetlight,Low
Pollution problem needs support,Pollution,Low
Road complaint needs resolution support,Road/Pothole,Low
Garbage complaint needs resolution support,Garbage,Low
Water complaint needs resolution support,Water,Low
Drainage complaint needs resolution support,Drainage,Low
Streetlight complaint needs resolution support,Streetlight,Low
Pollution complaint needs resolution support,Pollution,Low
Road issue needs resolution support,Road/Pothole,Low
Garbage issue needs resolution support,Garbage,Low
Water issue needs resolution support,Water,Low
Drainage issue needs resolution support,Drainage,Low
Streetlight issue needs resolution support,Streetlight,Low
Pollution issue needs resolution support,Pollution,Low
Road problem needs resolution support,Road/Pothole,Low
Garbage problem needs resolution support,Garbage,Low
Water problem needs resolution support,Water,Low
Drainage problem needs resolution support,Drainage,Low
Streetlight problem needs resolution support,Streetlight,Low
Pollution problem needs resolution support,Pollution,Low
Road complaint needs immediate help,Road/Pothole,Low
Garbage complaint needs immediate help,Garbage,Low
Water complaint needs immediate help,Water,Low
Drainage complaint needs immediate help,Drainage,Low
Streetlight complaint needs immediate help,Streetlight,Low
Pollution complaint needs immediate help,Pollution,Low
Road issue needs immediate help,Road/Pothole,Low
Garbage issue needs immediate help,Garbage,Low
Water issue needs immediate help,Water,Low
Drainage issue needs immediate help,Drainage,Low
Streetlight issue needs immediate help,Streetlight,Low
Pollution issue needs immediate help,Pollution,Low
Road problem needs immediate help,Road/Pothole,Low
Garbage problem needs immediate help,Garbage,Low
Water problem needs immediate help,Water,Low
Drainage problem needs immediate help,Drainage,Low
Streetlight problem needs immediate help,Streetlight,Low
Pollution problem needs immediate help,Pollution,Low
Road complaint needs urgent help,Road/Pothole,Low
Garbage complaint needs urgent help,Garbage,Low
Water complaint needs urgent help,Water,Low
Drainage complaint needs urgent help,Drainage,Low
Streetlight complaint needs urgent help,Streetlight,Low
Pollution complaint needs urgent help,Pollution,Low
Road issue needs urgent help,Road/Pothole,Low
Garbage issue needs urgent help,Garbage,Low
Water issue needs urgent help,Water,Low
Drainage issue needs urgent help,Drainage,Low
Streetlight issue needs urgent help,Streetlight,Low
Pollution issue needs urgent help,Pollution,Low
Road problem needs urgent help,Road/Pothole,Low
Garbage problem needs urgent help,Garbage,Low
Water problem needs urgent help,Water,Low
Drainage problem needs urgent help,Drainage,Low
Streetlight problem needs urgent help,Streetlight,Low
Pollution problem needs urgent help,Pollution,Low
Road complaint needs urgent assistance,Road/Pothole,Low
Garbage complaint needs urgent assistance,Garbage,Low
Water complaint needs urgent assistance,Water,Low
Drainage complaint needs urgent assistance,Drainage,Low
Streetlight complaint needs urgent assistance,Streetlight,Low
Pollution complaint needs urgent assistance,Pollution,Low
Road issue needs urgent assistance,Road/Pothole,Low
Garbage issue needs urgent assistance,Garbage,Low
Water issue needs urgent assistance,Water,Low
Drainage issue needs urgent assistance,Drainage,Low
Streetlight issue needs urgent assistance,Streetlight,Low
Pollution issue needs urgent assistance,Pollution,Low
Road problem needs urgent assistance,Road/Pothole,Low
Garbage problem needs urgent assistance,Garbage,Low
Water problem needs urgent assistance,Water,Low
Drainage problem needs urgent assistance,Drainage,Low
Streetlight problem needs urgent assistance,Streetlight,Low
Pollution problem needs urgent assistance,Pollution,Low
Road complaint needs urgent support,Road/Pothole,Low
Garbage complaint needs urgent support,Garbage,Low
Water complaint needs urgent support,Water,Low
Drainage complaint needs urgent support,Drainage,Low
Streetlight complaint needs urgent support,Streetlight,Low
Pollution complaint needs urgent support,Pollution,Low
Road issue needs urgent support,Road/Pothole,Low
Garbage issue needs urgent support,Garbage,Low
Water issue needs urgent support,Water,Low
Drainage issue needs urgent support,Drainage,Low
Streetlight issue needs urgent support,Streetlight,Low
Pollution issue needs urgent support,Pollution,Low
Road problem needs urgent support,Road/Pothole,Low
Garbage problem needs urgent support,Garbage,Low
Water problem needs urgent support,Water,Low
Drainage problem needs urgent support,Drainage,Low
Streetlight problem needs urgent support,Streetlight,Low
Pollution problem needs urgent support,Pollution,Low
Road complaint needs immediate action,Road/Pothole,Low
Garbage complaint needs immediate action,Garbage,Low
Water complaint needs immediate action,Water,Low
Drainage complaint needs immediate action,Drainage,Low
Streetlight complaint needs immediate action,Streetlight,Low
Pollution complaint needs immediate action,Pollution,Low
Road issue needs immediate action,Road/Pothole,Low
Garbage issue needs immediate action,Garbage,Low
Water issue needs immediate action,Water,Low
Drainage issue needs immediate action,Drainage,Low
Streetlight issue needs immediate action,Streetlight,Low
Pollution issue needs immediate action,Pollution,Low
Road problem needs immediate action,Road/Pothole,Low
Garbage problem needs immediate action,Garbage,Low
Water problem needs immediate action,Water,Low
Drainage problem needs immediate action,Drainage,Low
Streetlight problem needs immediate action,Streetlight,Low
Pollution problem needs immediate action,Pollution,Low
Road complaint needs immediate response,Road/Pothole,Low
Garbage complaint needs immediate response,Garbage,Low
Water complaint needs immediate response,Water,Low
Drainage complaint needs immediate response,Drainage,Low
Streetlight complaint needs immediate response,Streetlight,Low
Pollution complaint needs immediate response,Pollution,Low
Road issue needs immediate response,Road/Pothole,Low
Garbage issue needs immediate response,Garbage,Low
Water issue needs immediate response,Water,Low
Drainage issue needs immediate response,Drainage,Low
Streetlight issue needs immediate response,Streetlight,Low
Pollution issue needs immediate response,Pollution,Low
Road problem needs immediate response,Road/Pothole,Low
Garbage problem needs immediate response,Garbage,Low
Water problem needs immediate response,Water,Low
Drainage problem needs immediate response,Drainage,Low
Streetlight problem needs immediate response,Streetlight,Low
Pollution problem needs immediate response,Pollution,Low
Road complaint needs quick action,Road/Pothole,Low
Garbage complaint needs quick action,Garbage,Low
Water complaint needs quick action,Water,Low
Drainage complaint needs quick action,Drainage,Low
Streetlight complaint needs quick action,Streetlight,Low
Pollution complaint needs quick action,Pollution,Low
Road issue needs quick action,Road/Pothole,Low
Garbage issue needs quick action,Garbage,Low
Water issue needs quick action,Water,Low
Drainage issue needs quick action,Drainage,Low
Streetlight issue needs quick action,Streetlight,Low
Pollution issue needs quick action,Pollution,Low
Road problem needs quick action,Road/Pothole,Low
Garbage problem needs quick action,Garbage,Low
Water problem needs quick action,Water,Low
Drainage problem needs quick action,Drainage,Low
Streetlight problem needs quick action,Streetlight,Low
Pollution problem needs quick action,Pollution,Low
Road complaint needs prompt action,Road/Pothole,Low
Garbage complaint needs prompt action,Garbage,Low
Water complaint needs prompt action,Water,Low
Drainage complaint needs prompt action,Drainage,Low
Streetlight complaint needs prompt action,Streetlight,Low
Pollution complaint needs prompt action,Pollution,Low
Road issue needs prompt action,Road/Pothole,Low
Garbage issue needs prompt action,Garbage,Low
Water issue needs prompt action,Water,Low
Drainage issue needs prompt action,Drainage,Low
Streetlight issue needs prompt action,Streetlight,Low
Pollution issue needs prompt action,Pollution,Low
Road problem needs prompt action,Road/Pothole,Low
Garbage problem needs prompt action,Garbage,Low
Water problem needs prompt action,Water,Low
Drainage problem needs prompt action,Drainage,Low
Streetlight problem needs prompt action,Streetlight,Low
Pollution problem needs prompt action,Pollution,Low
Road complaint needs timely action,Road/Pothole,Low
Garbage complaint needs timely action,Garbage,Low
Water complaint needs timely action,Water,Low
Drainage complaint needs timely action,Drainage,Low
Streetlight complaint needs timely action,Streetlight,Low
Pollution complaint needs timely action,Pollution,Low
Road issue needs timely action,Road/Pothole,Low
Garbage issue needs timely action,Garbage,Low
Water issue needs timely action,Water,Low
Drainage issue needs timely action,Drainage,Low
Streetlight issue needs timely action,Streetlight,Low
Pollution issue needs timely action,Pollution,Low
Road problem needs timely action,Road/Pothole,Low
Garbage problem needs timely action,Garbage,Low
Water problem needs timely action,Water,Low
Drainage problem needs timely action,Drainage,Low
Streetlight problem needs timely action,Streetlight,Low
Pollution problem needs timely action,Pollution,Low
Road complaint needs resolution,Road/Pothole,Low
Garbage complaint needs resolution,Garbage,Low
Water complaint needs resolution,Water,Low
Drainage complaint needs resolution,Drainage,Low
Streetlight complaint needs resolution,Streetlight,Low
Pollution complaint needs resolution,Pollution,Low
Road issue needs resolution,Road/Pothole,Low
Garbage issue needs resolution,Garbage,Low
Water issue needs resolution,Water,Low
Drainage issue needs resolution,Drainage,Low
Streetlight issue needs resolution,Streetlight,Low
Pollution issue needs resolution,Pollution,Low
Road problem needs resolution,Road/Pothole,Low
Garbage problem needs resolution,Garbage,Low
Water problem needs resolution,Water,Low
Drainage problem needs resolution,Drainage,Low
Streetlight problem needs resolution,Streetlight,Low
Pollution problem needs resolution,Pollution,Low
Road complaint needs fixing,Road/Pothole,Low
Garbage complaint needs fixing,Garbage,Low
Water complaint needs fixing,Water,Low
Drainage complaint needs fixing,Drainage,Low
Streetlight complaint needs fixing,Streetlight,Low
Pollution complaint needs fixing,Pollution,Low
Road issue needs fixing,Road/Pothole,Low
Garbage issue needs fixing,Garbage,Low
Water issue needs fixing,Water,Low
Drainage issue needs fixing,Drainage,Low
Streetlight issue needs fixing,Streetlight,Low
Pollution issue needs fixing,Pollution,Low
Road problem needs fixing,Road/Pothole,Low
Garbage problem needs fixing,Garbage,Low
Water problem needs fixing,Water,Low
Drainage problem needs fixing,Drainage,Low
Streetlight problem needs fixing,Streetlight,Low
Pollution problem needs fixing,Pollution,Low
Road complaint about potholes and damage,Road/Pothole,Low
Garbage complaint about waste and overflow,Garbage,Low
Water complaint about shortage and supply,Water,Low
Drainage complaint about blockage and overflow,Drainage,Low
Streetlight complaint about broken lighting,Streetlight,Medium
Pollution complaint about smoke and air quality,Pollution,Low
Road issue about potholes and damage,Road/Pothole,Low
Garbage issue about waste and overflow,Garbage,Low
Water issue about shortage and supply,Water,Low
Drainage issue about blockage and overflow,Drainage,Low
Streetlight issue about broken lighting,Streetlight,Medium
Pollution issue about smoke and air quality,Pollution,Low
Road problem about potholes and damage,Road/Pothole,Low
Garbage problem about waste and overflow,Garbage,Low
Water problem about shortage and supply,Water,Low
Drainage problem about blockage and overflow,Drainage,Low
Streetlight problem about broken lighting,Streetlight,Medium
Pollution problem about smoke and air quality,Pollution,Low
Road complaint from citizens about potholes,Road/Pothole,Low
Garbage complaint from citizens about waste,Garbage,Low
Water complaint from citizens about shortage,Water,Low
Drainage complaint from citizens about blockage,Drainage,Low
Streetlight complaint from citizens about lighting,Streetlight,Low
Pollution complaint from citizens about smoke,Pollution,Low
Road complaint from residents about potholes,Road/Pothole,Low
Garbage complaint from residents about waste,Garbage,Low
Water complaint from residents about shortage,Water,Low
Drainage complaint from residents about blockage,Drainage,Low
Streetlight complaint from residents about lighting,Streetlight,Low
Pollution complaint from residents about smoke,Pollution,Low
Road complaint from public about potholes,Road/Pothole,Low
Garbage complaint from public about waste,Garbage,Low
Water complaint from public about shortage,Water,Low
Drainage complaint from public about blockage,Drainage,Low
Streetlight complaint from public about lighting,Streetlight,Low
Pollution complaint from public about smoke,Pollution,Low
Road issue from citizens about potholes,Road/Pothole,Low
Garbage issue from citizens about waste,Garbage,Low
Water issue from citizens about shortage,Water,Low
Drainage issue from citizens about blockage,Drainage,Low
Streetlight issue from citizens about lighting,Streetlight,Low
Pollution issue from citizens about smoke,Pollution,Low
Road issue from residents about potholes,Road/Pothole,Low
Garbage issue from residents about waste,Garbage,Low
Water issue from residents about shortage,Water,Low
Drainage issue from residents about blockage,Drainage,Low
Streetlight issue from residents about lighting,Streetlight,Low
Pollution issue from residents about smoke,Pollution,Low
Road issue from public about potholes,Road/Pothole,Low
Garbage issue from public about waste,Garbage,Low
Water issue from public about shortage,Water,Low
Drainage issue from public about blockage,Drainage,Low
Streetlight issue from public about lighting,Streetlight,Low
Pollution issue from public about smoke,Pollution,Low
Road problem from citizens about potholes,Road/Pothole,Low
Garbage problem from citizens about waste,Garbage,Low
Water problem from citizens about shortage,Water,Low
Drainage problem from citizens about blockage,Drainage,Low
Streetlight problem from citizens about lighting,Streetlight,Low
Pollution problem from citizens about smoke,Pollution,Low
Road problem from residents about potholes,Road/Pothole,Low
Garbage problem from residents about waste,Garbage,Low
Water problem from residents about shortage,Water,Low
Drainage problem from residents about blockage,Drainage,Low
Streetlight problem from residents about lighting,Streetlight,Low
Pollution problem from residents about smoke,Pollution,Low
Road problem from public about potholes,Road/Pothole,Low
Garbage problem from public about waste,Garbage,Low
Water problem from public about shortage,Water,Low
Drainage problem from public about blockage,Drainage,Low
Streetlight problem from public about lighting,Streetlight,Low
Pollution problem from public about smoke,Pollution,Low
Road complaint about potholes near my home,Road/Pothole,Low
Garbage complaint about waste near my home,Garbage,Low
Water complaint about shortage near my home,Water,Low
Drainage complaint about blockage near my home,Drainage,Low
Streetlight complaint about broken light near my home,Streetlight,Medium
Pollution complaint about smoke near my home,Pollution,Low
Road issue about potholes near my home,Road/Pothole,Low
Garbage issue about waste near my home,Garbage,Low
Water issue about shortage near my home,Water,Low
Drainage issue about blockage near my home,Drainage,Low
Streetlight issue about broken light near my home,Streetlight,Medium
Pollution issue about smoke near my home,Pollution,Low
Road problem about potholes near my home,Road/Pothole,Low
Garbage problem about waste near my home,Garbage,Low
Water problem about shortage near my home,Water,Low
Drainage problem about blockage near my home,Drainage,Low
Streetlight problem about broken light near my home,Streetlight,Medium
Pollution problem about smoke near my home,Pollution,Low
Road complaint about potholes near school,Road/Pothole,High
Garbage complaint about waste near school,Garbage,High
Water complaint about shortage near school,Water,High
Drainage complaint about blockage near school,Drainage,High
Streetlight complaint about broken light near school,Streetlight,High
Pollution complaint about smoke near school,Pollution,High
Road complaint about potholes near hospital,Road/Pothole,High
Garbage complaint about waste near hospital,Garbage,High
Water complaint about shortage near hospital,Water,High
Drainage complaint about blockage near hospital,Drainage,High
Streetlight complaint about broken light near hospital,Streetlight,High
Pollution complaint about smoke near hospital,Pollution,High
Road complaint about potholes near market,Road/Pothole,Low
Garbage complaint about waste near market,Garbage,Low
Water complaint about shortage near market,Water,Low
Drainage complaint about blockage near market,Drainage,Low
Streetlight complaint about broken light near market,Streetlight,Medium
Pollution complaint about smoke near market,Pollution,Low
Road complaint about potholes near bus stop,Road/Pothole,Low
Garbage complaint about waste near bus stop,Garbage,Low
Water complaint about shortage near bus stop,Water,Low
Drainage complaint about blockage near bus stop,Drainage,Low
Streetlight complaint about broken light near bus stop,Streetlight,Medium
Pollution complaint about smoke near bus stop,Pollution,Low
Road complaint about potholes near college,Road/Pothole,Low
Garbage complaint about waste near college,Garbage,Low
Water complaint about shortage near college,Water,Low
Drainage complaint about blockage near college,Drainage,Low
Streetlight complaint about broken light near college,Streetlight,Medium
Pollution complaint about smoke near college,Pollution,Low
Road complaint about potholes in my locality,Road/Pothole,Low
Garbage complaint about waste in my locality,Garbage,Low
Water complaint about shortage in my locality,Water,Low
Drainage complaint about blockage in my locality,Drainage,Low
Streetlight complaint about broken light in my locality,Streetlight,Medium
Pollution complaint about smoke in my locality,Pollution,Low
Road complaint about potholes in my neighborhood,Road/Pothole,Low
Garbage complaint about waste in my neighborhood,Garbage,Low
Water complaint about shortage in my neighborhood,Water,Low
Drainage complaint about blockage in my neighborhood,Drainage,Low
Streetlight complaint about broken light in my neighborhood,Streetlight,Medium
Pollution complaint about smoke in my neighborhood,Pollution,Low
Road complaint about potholes in our area,Road/Pothole,Low
Garbage complaint about waste in our area,Garbage,Low
Water complaint about shortage in our area,Water,Low
Drainage complaint about blockage in our area,Drainage,Low
Streetlight complaint about broken light in our area,Streetlight,Medium
Pollution complaint about smoke in our area,Pollution,Low
Road issue about potholes in my locality,Road/Pothole,Low
Garbage issue about waste in my locality,Garbage,Low
Water issue about shortage in my locality,Water,Low
Drainage issue about blockage in my locality,Drainage,Low
Streetlight issue about broken light in my locality,Streetlight,Medium
Pollution issue about smoke in my locality,Pollution,Low
Road issue about potholes in my neighborhood,Road/Pothole,Low
Garbage issue about waste in my neighborhood,Garbage,Low
Water issue about shortage in my neighborhood,Water,Low
Drainage issue about blockage in my neighborhood,Drainage,Low
Streetlight issue about broken light in my neighborhood,Streetlight,Medium
Pollution issue about smoke in my neighborhood,Pollution,Low
Road issue about potholes in our area,Road/Pothole,Low
Garbage issue about waste in our area,Garbage,Low
Water issue about shortage in our area,Water,Low
Drainage issue about blockage in our area,Drainage,Low
Streetlight issue about broken light in our area,Streetlight,Medium
Pollution issue about smoke in our area,Pollution,Low
Road problem about potholes in my locality,Road/Pothole,Low
Garbage problem about waste in my locality,Garbage,Low
Water problem about shortage in my locality,Water,Low
Drainage problem about blockage in my locality,Drainage,Low
Streetlight problem about broken light in my locality,Streetlight,Medium
Pollution problem about smoke in my locality,Pollution,Low
Road problem about potholes in my neighborhood,Road/Pothole,Low
Garbage problem about waste in my neighborhood,Garbage,Low
Water problem about shortage in my neighborhood,Water,Low
Drainage problem about blockage in my neighborhood,Drainage,Low
Streetlight problem about broken light in my neighborhood,Streetlight,Medium
Pollution problem about smoke in my neighborhood,Pollution,Low
Road problem about potholes in our area,Road/Pothole,Low
Garbage problem about waste in our area,Garbage,Low
Water problem about shortage in our area,Water,Low
Drainage problem about blockage in our area,Drainage,Low
Streetlight problem about broken light in our area,Streetlight,Medium
Pollution problem about smoke in our area,Pollution,Low
Road complaint needs urgent action because of potholes,Road/Pothole,Low
Garbage complaint needs urgent action because of overflow,Garbage,Low
Water complaint needs urgent action because of shortage,Water,Low
Drainage complaint needs urgent action because of blockage,Drainage,Low
Streetlight complaint needs urgent action because of failure,Streetlight,Low
Pollution complaint needs urgent action because of smoke,Pollution,Low
Road issue needs urgent action because of potholes,Road/Pothole,Low
Garbage issue needs urgent action because of overflow,Garbage,Low
Water issue needs urgent action because of shortage,Water,Low
Drainage issue needs urgent action because of blockage,Drainage,Low
Streetlight issue needs urgent action because of failure,Streetlight,Low
Pollution issue needs urgent action because of smoke,Pollution,Low
Road problem needs urgent action because of potholes,Road/Pothole,Low
Garbage problem needs urgent action because of overflow,Garbage,Low
Water problem needs urgent action because of shortage,Water,Low
Drainage problem needs urgent action because of blockage,Drainage,Low
Streetlight problem needs urgent action because of failure,Streetlight,Low
Pollution problem needs urgent action because of smoke,Pollution,Low
Road complaint needs attention because of potholes,Road/Pothole,Low
Garbage complaint needs attention because of overflow,Garbage,Low
Water complaint needs attention because of shortage,Water,Low
Drainage complaint needs attention because of blockage,Drainage,Low
Streetlight complaint needs attention because of failure,Streetlight,Low
Pollution complaint needs attention because of smoke,Pollution,Low
Road issue needs attention because of potholes,Road/Pothole,Low
Garbage issue needs attention because of overflow,Garbage,Low
Water issue needs attention because of shortage,Water,Low
Drainage issue needs attention because of blockage,Drainage,Low
Streetlight issue needs attention because of failure,Streetlight,Low
Pollution issue needs attention because of smoke,Pollution,Low
Road problem needs attention because of potholes,Road/Pothole,Low
Garbage problem needs attention because of overflow,Garbage,Low
Water problem needs attention because of shortage,Water,Low
Drainage problem needs attention because of blockage,Drainage,Low
Streetlight problem needs attention because of failure,Streetlight,Low
Pollution problem needs attention because of smoke,Pollution,Low
Road complaint is affecting traffic because of potholes,Road/Pothole,Low
Garbage complaint is affecting hygiene because of overflow,Garbage,Low
Water complaint is affecting residents because of shortage,Water,Low
Drainage complaint is affecting residents because of blockage,Drainage,Low
Streetlight complaint is affecting safety because of failure,Streetlight,Low
Pollution complaint is affecting residents because of smoke,Pollution,Low
Road issue is affecting traffic because of potholes,Road/Pothole,Low
Garbage issue is affecting hygiene because of overflow,Garbage,Low
Water issue is affecting residents because of shortage,Water,Low
Drainage issue is affecting residents because of blockage,Drainage,Low
Streetlight issue is affecting safety because of failure,Streetlight,Low
Pollution issue is affecting residents because of smoke,Pollution,Low
Road problem is affecting traffic because of potholes,Road/Pothole,Low
Garbage problem is affecting hygiene because of overflow,Garbage,Low
Water problem is affecting residents because of shortage,Water,Low
Drainage problem is affecting residents because of blockage,Drainage,Low
Streetlight problem is affecting safety because of failure,Streetlight,Low
Pollution problem is affecting residents because of smoke,Pollution,Low
Road complaint is urgent because of potholes,Road/Pothole,Low
Garbage complaint is urgent because of overflow,Garbage,Low
Water complaint is urgent because of shortage,Water,Low
Drainage complaint is urgent because of blockage,Drainage,Low
Streetlight complaint is urgent because of failure,Streetlight,Low
Pollution complaint is urgent because of smoke,Pollution,Low
Road issue is urgent because of potholes,Road/Pothole,Low
Garbage issue is urgent because of overflow,Garbage,Low
Water issue is urgent because of shortage,Water,Low
Drainage issue is urgent because of blockage,Drainage,Low
Streetlight issue is urgent because of failure,Streetlight,Low
Pollution issue is urgent because of smoke,Pollution,Low
Road problem is urgent because of potholes,Road/Pothole,Low
Garbage problem is urgent because of overflow,Garbage,Low
Water problem is urgent because of shortage,Water,Low
Drainage problem is urgent because of blockage,Drainage,Low
Streetlight problem is urgent because of failure,Streetlight,Low
Pollution problem is urgent because of smoke,Pollution,Low
Road complaint is critical because of potholes,Road/Pothole,Low
Garbage complaint is critical because of overflow,Garbage,Low
Water complaint is critical because of shortage,Water,Low
Drainage complaint is critical because of blockage,Drainage,Low
Streetlight complaint is critical because of failure,Streetlight,Low
Pollution complaint is critical because of smoke,Pollution,Low
Road issue is critical because of potholes,Road/Pothole,Low
Garbage issue is critical because of overflow,Garbage,Low
Water issue is critical because of shortage,Water,Low
Drainage issue is critical because of blockage,Drainage,Low
Streetlight issue is critical because of failure,Streetlight,Low
Pollution issue is critical because of smoke,Pollution,Low
Road problem is critical because of potholes,Road/Pothole,Low
Garbage problem is critical because of overflow,Garbage,Low
Water problem is critical because of shortage,Water,Low
Drainage problem is critical because of blockage,Drainage,Low
Streetlight problem is critical because of failure,Streetlight,Low
Pollution problem is critical because of smoke,Pollution,Low
Road complaint is serious because of potholes,Road/Pothole,Low
Garbage complaint is serious because of overflow,Garbage,Low
Water complaint is serious because of shortage,Water,Low
Drainage complaint is serious because of blockage,Drainage,Low
Streetlight complaint is serious because of failure,Streetlight,Low
Pollution complaint is serious because of smoke,Pollution,Low
Road issue is serious because of potholes,Road/Pothole,Low
Garbage issue is serious because of overflow,Garbage,Low
Water issue is serious because of shortage,Water,Low
Drainage issue is serious because of blockage,Drainage,Low
Streetlight issue is serious because of failure,Streetlight,Low
Pollution issue is serious because of smoke,Pollution,Low
Road problem is serious because of potholes,Road/Pothole,Low
Garbage problem is serious because of overflow,Garbage,Low
Water problem is serious because of shortage,Water,Low
Drainage problem is serious because of blockage,Drainage,Low
Streetlight problem is serious because of failure,Streetlight,Low
Pollution problem is serious because of smoke,Pollution,Low
Road complaint is dangerous because of potholes,Road/Pothole,High
Garbage complaint is dangerous because of overflow,Garbage,High
Water complaint is dangerous because of shortage,Water,High
Drainage complaint is dangerous because of blockage,Drainage,High
Streetlight complaint is dangerous because of failure,Streetlight,High
Pollution complaint is dangerous because of smoke,Pollution,High
Road issue is dangerous because of potholes,Road/Pothole,High
Garbage issue is dangerous because of overflow,Garbage,High
Water issue is dangerous because of shortage,Water,High
Drainage issue is dangerous because of blockage,Drainage,High
Streetlight issue is dangerous because of failure,Streetlight,High
Pollution issue is dangerous because of smoke,Pollution,High
Road problem is dangerous because of potholes,Road/Pothole,High
Garbage problem is dangerous because of overflow,Garbage,High
Water problem is dangerous because of shortage,Water,High
Drainage problem is dangerous because of blockage,Drainage,High
Streetlight problem is dangerous because of failure,Streetlight,High
Pollution problem is dangerous because of smoke,Pollution,High
Road complaint is affecting safety,Road/Pothole,Low
Garbage complaint is affecting hygiene,Garbage,Low
Water complaint is affecting supply,Water,Low
Drainage complaint is affecting drainage,Drainage,Low
Streetlight complaint is affecting lighting,Streetlight,Low
Pollution complaint is affecting air quality,Pollution,Low
Road issue is affecting safety,Road/Pothole,Low
Garbage issue is affecting hygiene,Garbage,Low
Water issue is affecting supply,Water,Low
Drainage issue is affecting drainage,Drainage,Low
Streetlight issue is affecting lighting,Streetlight,Low
Pollution issue is affecting air quality,Pollution,Low
Road problem is affecting safety,Road/Pothole,Low
Garbage problem is affecting hygiene,Garbage,Low
Water problem is affecting supply,Water,Low
Drainage problem is affecting drainage,Drainage,Low
Streetlight problem is affecting lighting,Streetlight,Low
Pollution problem is affecting air quality,Pollution,Low
Road complaint is affecting commuters,Road/Pothole,Low
Garbage complaint is affecting cleanliness,Garbage,Low
Water complaint is affecting households,Water,Low
Drainage complaint is affecting households,Drainage,Low
Streetlight complaint is affecting pedestrians,Streetlight,Low
Pollution complaint is affecting households,Pollution,Low
Road issue is affecting commuters,Road/Pothole,Low
Garbage issue is affecting cleanliness,Garbage,Low
Water issue is affecting households,Water,Low
Drainage issue is affecting households,Drainage,Low
Streetlight issue is affecting pedestrians,Streetlight,Low
Pollution issue is affecting households,Pollution,Low
Road problem is affecting commuters,Road/Pothole,Low
Garbage problem is affecting cleanliness,Garbage,Low
Water problem is affecting households,Water,Low
Drainage problem is affecting households,Drainage,Low
Streetlight problem is affecting pedestrians,Streetlight,Low
Pollution problem is affecting households,Pollution,Low
Road complaint affects commuters,Road/Pothole,Low
Garbage complaint affects cleanliness,Garbage,Low
Water complaint affects households,Water,Low
Drainage complaint affects households,Drainage,Low
Streetlight complaint affects pedestrians,Streetlight,Low
Pollution complaint affects households,Pollution,Low
Road issue affects commuters,Road/Pothole,Low
Garbage issue affects cleanliness,Garbage,Low
Water issue affects households,Water,Low
Drainage issue affects households,Drainage,Low
Streetlight issue affects pedestrians,Streetlight,Low
Pollution issue affects households,Pollution,Low
Road problem affects commuters,Road/Pothole,Low
Garbage problem affects cleanliness,Garbage,Low
Water problem affects households,Water,Low
Drainage problem affects households,Drainage,Low
Streetlight problem affects pedestrians,Streetlight,Low
Pollution problem affects households,Pollution,Low
Road complaint impacts commuters,Road/Pothole,Low
Garbage complaint impacts cleanliness,Garbage,Low
Water complaint impacts households,Water,Low
Drainage complaint impacts households,Drainage,Low
Streetlight complaint impacts pedestrians,Streetlight,Low
Pollution complaint impacts households,Pollution,Low
Road issue impacts commuters,Road/Pothole,Low
Garbage issue impacts cleanliness,Garbage,Low
Water issue impacts households,Water,Low
Drainage issue impacts households,Drainage,Low
Streetlight issue impacts pedestrians,Streetlight,Low
Pollution issue impacts households,Pollution,Low
Road problem impacts commuters,Road/Pothole,Low
Garbage problem impacts cleanliness,Garbage,Low
Water problem impacts households,Water,Low
Drainage problem impacts households,Drainage,Low
Streetlight problem impacts pedestrians,Streetlight,Low
Pollution problem impacts households,Pollution,Low
Road complaint is causing problems,Road/Pothole,Low
Garbage complaint is causing problems,Garbage,Low
Water complaint is causing problems,Water,Low
Drainage complaint is causing problems,Drainage,Low
Streetlight complaint is causing problems,Streetlight,Low
Pollution complaint is causing problems,Pollution,Low
Road issue is causing problems,Road/Pothole,Low
Garbage issue is causing problems,Garbage,Low
Water issue is causing problems,Water,Low
Drainage issue is causing problems,Drainage,Low
Streetlight issue is causing problems,Streetlight,Low
Pollution issue is causing problems,Pollution,Low
Road problem is causing problems,Road/Pothole,Low
Garbage problem is causing problems,Garbage,Low
Water problem is causing problems,Water,Low
Drainage problem is causing problems,Drainage,Low
Streetlight problem is causing problems,Streetlight,Low
Pollution problem is causing problems,Pollution,Low
Road complaint is causing inconvenience,Road/Pothole,Low
Garbage complaint is causing inconvenience,Garbage,Low
Water complaint is causing inconvenience,Water,Low
Drainage complaint is causing inconvenience,Drainage,Low
Streetlight complaint is causing inconvenience,Streetlight,Low
Pollution complaint is causing inconvenience,Pollution,Low
Road issue is causing inconvenience,Road/Pothole,Low
Garbage issue is causing inconvenience,Garbage,Low
Water issue is causing inconvenience,Water,Low
Drainage issue is causing inconvenience,Drainage,Low
Streetlight issue is causing inconvenience,Streetlight,Low
Pollution issue is causing inconvenience,Pollution,Low
Road problem is causing inconvenience,Road/Pothole,Low
Garbage problem is causing inconvenience,Garbage,Low
Water problem is causing inconvenience,Water,Low
Drainage problem is causing inconvenience,Drainage,Low
Streetlight problem is causing inconvenience,Streetlight,Low
Pollution problem is causing inconvenience,Pollution,Low
Road complaint is causing disruption,Road/Pothole,Low
Garbage complaint is causing disruption,Garbage,Low
Water complaint is causing disruption,Water,Low
Drainage complaint is causing disruption,Drainage,Low
Streetlight complaint is causing disruption,Streetlight,Low
Pollution complaint is causing disruption,Pollution,Low
Road issue is causing disruption,Road/Pothole,Low
Garbage issue is causing disruption,Garbage,Low
Water issue is causing disruption,Water,Low
Drainage issue is causing disruption,Drainage,Low
Streetlight issue is causing disruption,Streetlight,Low
Pollution issue is causing disruption,Pollution,Low
Road problem is causing disruption,Road/Pothole,Low
Garbage problem is causing disruption,Garbage,Low
Water problem is causing disruption,Water,Low
Drainage problem is causing disruption,Drainage,Low
Streetlight problem is causing disruption,Streetlight,Low
Pollution problem is causing disruption,Pollution,Low
Road complaint is causing inconvenience to residents,Road/Pothole,Low
Garbage complaint is causing inconvenience to residents,Garbage,Low
Water complaint is causing inconvenience to residents,Water,Low
Drainage complaint is causing inconvenience to residents,Drainage,Low
Streetlight complaint is causing inconvenience to residents,Streetlight,Low
Pollution complaint is causing inconvenience to residents,Pollution,Low
Road issue is causing inconvenience to residents,Road/Pothole,Low
Garbage issue is causing inconvenience to residents,Garbage,Low
Water issue is causing inconvenience to residents,Water,Low
Drainage issue is causing inconvenience to residents,Drainage,Low
Streetlight issue is causing inconvenience to residents,Streetlight,Low
Pollution issue is causing inconvenience to residents,Pollution,Low
Road problem is causing inconvenience to residents,Road/Pothole,Low
Garbage problem is causing inconvenience to residents,Garbage,Low
Water problem is causing inconvenience to residents,Water,Low
Drainage problem is causing inconvenience to residents,Drainage,Low
Streetlight problem is causing inconvenience to residents,Streetlight,Low
Pollution problem is causing inconvenience to residents,Pollution,Low
Road complaint is causing inconvenience to citizens,Road/Pothole,Low
Garbage complaint is causing inconvenience to citizens,Garbage,Low
Water complaint is causing inconvenience to citizens,Water,Low
Drainage complaint is causing inconvenience to citizens,Drainage,Low
Streetlight complaint is causing inconvenience to citizens,Streetlight,Low
Pollution complaint is causing inconvenience to citizens,Pollution,Low
Road issue is causing inconvenience to citizens,Road/Pothole,Low
Garbage issue is causing inconvenience to citizens,Garbage,Low
Water issue is causing inconvenience to citizens,Water,Low
Drainage issue is causing inconvenience to citizens,Drainage,Low
Streetlight issue is causing inconvenience to citizens,Streetlight,Low
Pollution issue is causing inconvenience to citizens,Pollution,Low
Road problem is causing inconvenience to citizens,Road/Pothole,Low
Garbage problem is causing inconvenience to citizens,Garbage,Low
Water problem is causing inconvenience to citizens,Water,Low
Drainage problem is causing inconvenience to citizens,Drainage,Low
Streetlight problem is causing inconvenience to citizens,Streetlight,Low
Pollution problem is causing inconvenience to citizens,Pollution,Low
Road complaint is causing inconvenience to public,Road/Pothole,Low
Garbage complaint is causing inconvenience to public,Garbage,Low
Water complaint is causing inconvenience to public,Water,Low
Drainage complaint is causing inconvenience to public,Drainage,Low
Streetlight complaint is causing inconvenience to public,Streetlight,Low
Pollution complaint is causing inconvenience to public,Pollution,Low
Road issue is causing inconvenience to public,Road/Pothole,Low
Garbage issue is causing inconvenience to public,Garbage,Low
Water issue is causing inconvenience to public,Water,Low
Drainage issue is causing inconvenience to public,Drainage,Low
Streetlight issue is causing inconvenience to public,Streetlight,Low
Pollution issue is causing inconvenience to public,Pollution,Low
Road problem is causing inconvenience to public,Road/Pothole,Low
Garbage problem is causing inconvenience to public,Garbage,Low
Water problem is causing inconvenience to public,Water,Low
Drainage problem is causing inconvenience to public,Drainage,Low
Streetlight problem is causing inconvenience to public,Streetlight,Low
Pollution problem is causing inconvenience to public,Pollution,Low
Road complaint is causing inconvenience in the area,Road/Pothole,Low
Garbage complaint is causing inconvenience in the area,Garbage,Low
Water complaint is causing inconvenience in the area,Water,Low
Drainage complaint is causing inconvenience in the area,Drainage,Low
Streetlight complaint is causing inconvenience in the area,Streetlight,Low
Pollution complaint is causing inconvenience in the area,Pollution,Low
Road issue is causing inconvenience in the area,Road/Pothole,Low
Garbage issue is causing inconvenience in the area,Garbage,Low
Water issue is causing inconvenience in the area,Water,Low
Drainage issue is causing inconvenience in the area,Drainage,Low
Streetlight issue is causing inconvenience in the area,Streetlight,Low
Pollution issue is causing inconvenience in the area,Pollution,Low
Road problem is causing inconvenience in the area,Road/Pothole,Low
Garbage problem is causing inconvenience in the area,Garbage,Low
Water problem is causing inconvenience in the area,Water,Low
Drainage problem is causing inconvenience in the area,Drainage,Low
Streetlight problem is causing inconvenience in the area,Streetlight,Low
Pollution problem is causing inconvenience in the area,Pollution,Low
Road complaint is causing inconvenience in locality,Road/Pothole,Low
Garbage complaint is causing inconvenience in locality,Garbage,Low
Water complaint is causing inconvenience in locality,Water,Low
Drainage complaint is causing inconvenience in locality,Drainage,Low
Streetlight complaint is causing inconvenience in locality,Streetlight,Low
Pollution complaint is causing inconvenience in locality,Pollution,Low
Road issue is causing inconvenience in locality,Road/Pothole,Low
Garbage issue is causing inconvenience in locality,Garbage,Low
Water issue is causing inconvenience in locality,Water,Low
Drainage issue is causing inconvenience in locality,Drainage,Low
Streetlight issue is causing inconvenience in locality,Streetlight,Low
Pollution issue is causing inconvenience in locality,Pollution,Low
Road problem is causing inconvenience in locality,Road/Pothole,Low
Garbage problem is causing inconvenience in locality,Garbage,Low
Water problem is causing inconvenience in locality,Water,Low
Drainage problem is causing inconvenience in locality,Drainage,Low
Streetlight problem is causing inconvenience in locality,Streetlight,Low
Pollution problem is causing inconvenience in locality,Pollution,Low
Road complaint is causing inconvenience in neighborhood,Road/Pothole,Low
Garbage complaint is causing inconvenience in neighborhood,Garbage,Low
Water complaint is causing inconvenience in neighborhood,Water,Low
Drainage complaint is causing inconvenience in neighborhood,Drainage,Low
Streetlight complaint is causing inconvenience in neighborhood,Streetlight,Low
Pollution complaint is causing inconvenience in neighborhood,Pollution,Low
Road issue is causing inconvenience in neighborhood,Road/Pothole,Low
Garbage issue is causing inconvenience in neighborhood,Garbage,Low
Water issue is causing inconvenience in neighborhood,Water,Low
Drainage issue is causing inconvenience in neighborhood,Drainage,Low
Streetlight issue is causing inconvenience in neighborhood,Streetlight,Low
Pollution issue is causing inconvenience in neighborhood,Pollution,Low
Road problem is causing inconvenience in neighborhood,Road/Pothole,Low
Garbage problem is causing inconvenience in neighborhood,Garbage,Low
Water problem is causing inconvenience in neighborhood,Water,Low
Drainage problem is causing inconvenience in neighborhood,Drainage,Low
Streetlight problem is causing inconvenience in neighborhood,Streetlight,Low
Pollution problem is causing inconvenience in neighborhood,Pollution,Low
Road complaint is causing inconvenience near my home,Road/Pothole,Low
Garbage complaint is causing inconvenience near my home,Garbage,Low
Water complaint is causing inconvenience near my home,Water,Low
Drainage complaint is causing inconvenience near my home,Drainage,Low
Streetlight complaint is causing inconvenience near my home,Streetlight,Low
Pollution complaint is causing inconvenience near my home,Pollution,Low
Road issue is causing inconvenience near my home,Road/Pothole,Low
Garbage issue is causing inconvenience near my home,Garbage,Low
Water issue is causing inconvenience near my home,Water,Low
Drainage issue is causing inconvenience near my home,Drainage,Low
Streetlight issue is causing inconvenience near my home,Streetlight,Low
Pollution issue is causing inconvenience near my home,Pollution,Low
Road problem is causing inconvenience near my home,Road/Pothole,Low
Garbage problem is causing inconvenience near my home,Garbage,Low
Water problem is causing inconvenience near my home,Water,Low
Drainage problem is causing inconvenience near my home,Drainage,Low
Streetlight problem is causing inconvenience near my home,Streetlight,Low
Pollution problem is causing inconvenience near my home,Pollution,Low
Road complaint about potholes is unresolved,Road/Pothole,Low
Garbage complaint about waste is unresolved,Garbage,Low
Water complaint about shortage is unresolved,Water,Low
Drainage complaint about blockage is unresolved,Drainage,Low
Streetlight complaint about broken light is unresolved,Streetlight,Medium
Pollution complaint about smoke is unresolved,Pollution,Low
Road issue about potholes is unresolved,Road/Pothole,Low
Garbage issue about waste is unresolved,Garbage,Low
Water issue about shortage is unresolved,Water,Low
Drainage issue about blockage is unresolved,Drainage,Low
Streetlight issue about broken light is unresolved,Streetlight,Medium
Pollution issue about smoke is unresolved,Pollution,Low
Road problem about potholes is unresolved,Road/Pothole,Low
Garbage problem about waste is unresolved,Garbage,Low
Water problem about shortage is unresolved,Water,Low
Drainage problem about blockage is unresolved,Drainage,Low
Streetlight problem about broken light is unresolved,Streetlight,Medium
Pollution problem about smoke is unresolved,Pollution,Low
Road complaint about potholes is pending,Road/Pothole,Low
Garbage complaint about waste is pending,Garbage,Low
Water complaint about shortage is pending,Water,Low
Drainage complaint about blockage is pending,Drainage,Low
Streetlight complaint about broken light is pending,Streetlight,Medium
Pollution complaint about smoke is pending,Pollution,Low
Road issue about potholes is pending,Road/Pothole,Low
Garbage issue about waste is pending,Garbage,Low
Water issue about shortage is pending,Water,Low
Drainage issue about blockage is pending,Drainage,Low
Streetlight issue about broken light is pending,Streetlight,Medium
Pollution issue about smoke is pending,Pollution,Low
Road problem about potholes is pending,Road/Pothole,Low
Garbage problem about waste is pending,Garbage,Low
Water problem about shortage is pending,Water,Low
Drainage problem about blockage is pending,Drainage,Low
Streetlight problem about broken light is pending,Streetlight,Medium
Pollution problem about smoke is pending,Pollution,Low
Road complaint about potholes needs repair,Road/Pothole,Medium
Garbage complaint about waste needs removal,Garbage,Low
Water complaint about shortage needs supply,Water,Low
Drainage complaint about blockage needs cleaning,Drainage,Low
Streetlight complaint about broken light needs repair,Streetlight,Medium
Pollution complaint about smoke needs control,Pollution,Low
Road issue about potholes needs repair,Road/Pothole,Medium
Garbage issue about waste needs removal,Garbage,Low
Water issue about shortage needs supply,Water,Low
Drainage issue about blockage needs cleaning,Drainage,Low
Streetlight issue about broken light needs repair,Streetlight,Medium
Pollution issue about smoke needs control,Pollution,Low
Road problem about potholes needs repair,Road/Pothole,Medium
Garbage problem about waste needs removal,Garbage,Low
Water problem about shortage needs supply,Water,Low
Drainage problem about blockage needs cleaning,Drainage,Low
Streetlight problem about broken light needs repair,Streetlight,Medium
Pollution problem about smoke needs control,Pollution,Low
Road complaint about potholes requires repair,Road/Pothole,Low
Garbage complaint about waste requires removal,Garbage,Low
Water complaint about shortage requires supply,Water,Low
Drainage complaint about blockage requires cleaning,Drainage,Low
Streetlight complaint about broken light requires repair,Streetlight,Medium
Pollution complaint about smoke requires control,Pollution,Low
Road issue about potholes requires repair,Road/Pothole,Low
Garbage issue about waste requires removal,Garbage,Low
Water issue about shortage requires supply,Water,Low
Drainage issue about blockage requires cleaning,Drainage,Low
Streetlight issue about broken light requires repair,Streetlight,Medium
Pollution issue about smoke requires control,Pollution,Low
Road problem about potholes requires repair,Road/Pothole,Low
Garbage problem about waste requires removal,Garbage,Low
Water problem about shortage requires supply,Water,Low
Drainage problem about blockage requires cleaning,Drainage,Low
Streetlight problem about broken light requires repair,Streetlight,Medium
Pollution problem about smoke requires control,Pollution,Low
Road complaint about potholes should be repaired,Road/Pothole,Low
Garbage complaint about waste should be removed,Garbage,Low
Water complaint about shortage should be supplied,Water,Low
Drainage complaint about blockage should be cleaned,Drainage,Low
Streetlight complaint about broken light should be repaired,Streetlight,Medium
Pollution complaint about smoke should be controlled,Pollution,Low
Road issue about potholes should be repaired,Road/Pothole,Low
Garbage issue about waste should be removed,Garbage,Low
Water issue about shortage should be supplied,Water,Low
Drainage issue about blockage should be cleaned,Drainage,Low
Streetlight issue about broken light should be repaired,Streetlight,Medium
Pollution issue about smoke should be controlled,Pollution,Low
Road problem about potholes should be repaired,Road/Pothole,Low
Garbage problem about waste should be removed,Garbage,Low
Water problem about shortage should be supplied,Water,Low
Drainage problem about blockage should be cleaned,Drainage,Low
Streetlight problem about broken light should be repaired,Streetlight,Medium
Pollution problem about smoke should be controlled,Pollution,Low
Road complaint is causing inconvenience due to potholes,Road/Pothole,Low
Garbage complaint is causing inconvenience due to overflow,Garbage,Low
Water complaint is causing inconvenience due to shortage,Water,Low
Drainage complaint is causing inconvenience due to blockage,Drainage,Low
Streetlight complaint is causing inconvenience due to failure,Streetlight,Low
Pollution complaint is causing inconvenience due to smoke,Pollution,Low
Road issue is causing inconvenience due to potholes,Road/Pothole,Low
Garbage issue is causing inconvenience due to overflow,Garbage,Low
Water issue is causing inconvenience due to shortage,Water,Low
Drainage issue is causing inconvenience due to blockage,Drainage,Low
Streetlight issue is causing inconvenience due to failure,Streetlight,Low
Pollution issue is causing inconvenience due to smoke,Pollution,Low
Road problem is causing inconvenience due to potholes,Road/Pothole,Low
Garbage problem is causing inconvenience due to overflow,Garbage,Low
Water problem is causing inconvenience due to shortage,Water,Low
Drainage problem is causing inconvenience due to blockage,Drainage,Low
Streetlight problem is causing inconvenience due to failure,Streetlight,Low
Pollution problem is causing inconvenience due to smoke,Pollution,Low
Road complaint is affecting daily life,Road/Pothole,Low
Garbage complaint is affecting daily life,Garbage,Low
Water complaint is affecting daily life,Water,Low
Drainage complaint is affecting daily life,Drainage,Low
Streetlight complaint is affecting daily life,Streetlight,Low
Pollution complaint is affecting daily life,Pollution,Low
Road issue is affecting daily life,Road/Pothole,Low
Garbage issue is affecting daily life,Garbage,Low
Water issue is affecting daily life,Water,Low
Drainage issue is affecting daily life,Drainage,Low
Streetlight issue is affecting daily life,Streetlight,Low
Pollution issue is affecting daily life,Pollution,Low
Road problem is affecting daily life,Road/Pothole,Low
Garbage problem is affecting daily life,Garbage,Low
Water problem is affecting daily life,Water,Low
Drainage problem is affecting daily life,Drainage,Low
Streetlight problem is affecting daily life,Streetlight,Low
Pollution problem is affecting daily life,Pollution,Low
Road complaint needs resolution,Road/Pothole,Low
Garbage complaint needs resolution,Garbage,Low
Water complaint needs resolution,Water,Low
Drainage complaint needs resolution,Drainage,Low
Streetlight complaint needs resolution,Streetlight,Low
Pollution complaint needs resolution,Pollution,Low
Road issue needs resolution,Road/Pothole,Low
Garbage issue needs resolution,Garbage,Low
Water issue needs resolution,Water,Low
Drainage issue needs resolution,Drainage,Low
Streetlight issue needs resolution,Streetlight,Low
Pollution issue needs resolution,Pollution,Low
Road problem needs resolution,Road/Pothole,Low
Garbage problem needs resolution,Garbage,Low
Water problem needs resolution,Water,Low
Drainage problem needs resolution,Drainage,Low
Streetlight problem needs resolution,Streetlight,Low
Pollution problem needs resolution,Pollution,Low
Road complaint needs solution,Road/Pothole,Low
Garbage complaint needs solution,Garbage,Low
Water complaint needs solution,Water,Low
Drainage complaint needs solution,Drainage,Low
Streetlight complaint needs solution,Streetlight,Low
Pollution complaint needs solution,Pollution,Low
Road issue needs solution,Road/Pothole,Low
Garbage issue needs solution,Garbage,Low
Water issue needs solution,Water,Low
Drainage issue needs solution,Drainage,Low
Streetlight issue needs solution,Streetlight,Low
Pollution issue needs solution,Pollution,Low
Road problem needs solution,Road/Pothole,Low
Garbage problem needs solution,Garbage,Low
Water problem needs solution,Water,Low
Drainage problem needs solution,Drainage,Low
Streetlight problem needs solution,Streetlight,Low
Pollution problem needs solution,Pollution,Low
Road complaint needs correction,Road/Pothole,Low
Garbage complaint needs correction,Garbage,Low
Water complaint needs correction,Water,Low
Drainage complaint needs correction,Drainage,Low
Streetlight complaint needs correction,Streetlight,Low
Pollution complaint needs correction,Pollution,Low
Road issue needs correction,Road/Pothole,Low
Garbage issue needs correction,Garbage,Low
Water issue needs correction,Water,Low
Drainage issue needs correction,Drainage,Low
Streetlight issue needs correction,Streetlight,Low
Pollution issue needs correction,Pollution,Low
Road problem needs correction,Road/Pothole,Low
Garbage problem needs correction,Garbage,Low
Water problem needs correction,Water,Low
Drainage problem needs correction,Drainage,Low
Streetlight problem needs correction,Streetlight,Low
Pollution problem needs correction,Pollution,Low
Road complaint needs improvement,Road/Pothole,Low
Garbage complaint needs improvement,Garbage,Low
Water complaint needs improvement,Water,Low
Drainage complaint needs improvement,Drainage,Low
Streetlight complaint needs improvement,Streetlight,Low
Pollution complaint needs improvement,Pollution,Low
Road issue needs improvement,Road/Pothole,Low
Garbage issue needs improvement,Garbage,Low
Water issue needs improvement,Water,Low
Drainage issue needs improvement,Drainage,Low
Streetlight issue needs improvement,Streetlight,Low
Pollution issue needs improvement,Pollution,Low
Road problem needs improvement,Road/Pothole,Low
Garbage problem needs improvement,Garbage,Low
Water problem needs improvement,Water,Low
Drainage problem needs improvement,Drainage,Low
Streetlight problem needs improvement,Streetlight,Low
Pollution problem needs improvement,Pollution,Low
Road complaint requires improvement,Road/Pothole,Low
Garbage complaint requires improvement,Garbage,Low
Water complaint requires improvement,Water,Low
Drainage complaint requires improvement,Drainage,Low
Streetlight complaint requires improvement,Streetlight,Low
Pollution complaint requires improvement,Pollution,Low
Road issue requires improvement,Road/Pothole,Low
Garbage issue requires improvement,Garbage,Low
Water issue requires improvement,Water,Low
Drainage issue requires improvement,Drainage,Low
Streetlight issue requires improvement,Streetlight,Low
Pollution issue requires improvement,Pollution,Low
Road problem requires improvement,Road/Pothole,Low
Garbage problem requires improvement,Garbage,Low
Water problem requires improvement,Water,Low
Drainage problem requires improvement,Drainage,Low
Streetlight problem requires improvement,Streetlight,Low
Pollution problem requires improvement,Pollution,Low
Road complaint for municipal repair,Road/Pothole,Low
Garbage complaint for municipal removal,Garbage,Low
Water complaint for municipal supply,Water,Low
Drainage complaint for municipal cleaning,Drainage,Low
Streetlight complaint for municipal repair,Streetlight,Low
Pollution complaint for municipal control,Pollution,Low
Road issue for municipal repair,Road/Pothole,Low
Garbage issue for municipal removal,Garbage,Low
Water issue for municipal supply,Water,Low
Drainage issue for municipal cleaning,Drainage,Low
Streetlight issue for municipal repair,Streetlight,Low
Pollution issue for municipal control,Pollution,Low
Road problem for municipal repair,Road/Pothole,Low
Garbage problem for municipal removal,Garbage,Low
Water problem for municipal supply,Water,Low
Drainage problem for municipal cleaning,Drainage,Low
Streetlight problem for municipal repair,Streetlight,Low
Pollution problem for municipal control,Pollution,Low
Road complaint for government repair,Road/Pothole,Low
Garbage complaint for government removal,Garbage,Low
Water complaint for government supply,Water,Low
Drainage complaint for government cleaning,Drainage,Low
Streetlight complaint for government repair,Streetlight,Low
Pollution complaint for government control,Pollution,Low
Road issue for government repair,Road/Pothole,Low
Garbage issue for government removal,Garbage,Low
Water issue for government supply,Water,Low
Drainage issue for government cleaning,Drainage,Low
Streetlight issue for government repair,Streetlight,Low
Pollution issue for government control,Pollution,Low
Road problem for government repair,Road/Pothole,Low
Garbage problem for government removal,Garbage,Low
Water problem for government supply,Water,Low
Drainage problem for government cleaning,Drainage,Low
Streetlight problem for government repair,Streetlight,Low
Pollution problem for government control,Pollution,Low
Road complaint for authority repair,Road/Pothole,Low
Garbage complaint for authority removal,Garbage,Low
Water complaint for authority supply,Water,Low
Drainage complaint for authority cleaning,Drainage,Low
Streetlight complaint for authority repair,Streetlight,Low
Pollution complaint for authority control,Pollution,Low
Road issue for authority repair,Road/Pothole,Low
Garbage issue for authority removal,Garbage,Low
Water issue for authority supply,Water,Low
Drainage issue for authority cleaning,Drainage,Low
Streetlight issue for authority repair,Streetlight,Low
Pollution issue for authority control,Pollution,Low
Road problem for authority repair,Road/Pothole,Low
Garbage problem for authority removal,Garbage,Low
Water problem for authority supply,Water,Low
Drainage problem for authority cleaning,Drainage,Low
Streetlight problem for authority repair,Streetlight,Low
Pollution problem for authority control,Pollution,Low
Road complaint for civic repair,Road/Pothole,Low
Garbage complaint for civic removal,Garbage,Low
Water complaint for civic supply,Water,Low
Drainage complaint for civic cleaning,Drainage,Low
Streetlight complaint for civic repair,Streetlight,Low
Pollution complaint for civic control,Pollution,Low
Road issue for civic repair,Road/Pothole,Low
Garbage issue for civic removal,Garbage,Low
Water issue for civic supply,Water,Low
Drainage issue for civic cleaning,Drainage,Low
Streetlight issue for civic repair,Streetlight,Low
Pollution issue for civic control,Pollution,Low
Road problem for civic repair,Road/Pothole,Low
Garbage problem for civic removal,Garbage,Low
Water problem for civic supply,Water,Low
Drainage problem for civic cleaning,Drainage,Low
Streetlight problem for civic repair,Streetlight,Low
Pollution problem for civic control,Pollution,Low
Road complaint for public repair,Road/Pothole,Low
Garbage complaint for public removal,Garbage,Low
Water complaint for public supply,Water,Low
Drainage complaint for public cleaning,Drainage,Low
Streetlight complaint for public repair,Streetlight,Low
Pollution complaint for public control,Pollution,Low
Road issue for public repair,Road/Pothole,Low
Garbage issue for public removal,Garbage,Low
Water issue for public supply,Water,Low
Drainage issue for public cleaning,Drainage,Low
Streetlight issue for public repair,Streetlight,Low
Pollution issue for public control,Pollution,Low
Road problem for public repair,Road/Pothole,Low
Garbage problem for public removal,Garbage,Low
Water problem for public supply,Water,Low
Drainage problem for public cleaning,Drainage,Low
Streetlight problem for public repair,Streetlight,Low
Pollution problem for public control,Pollution,Low
Road complaint for department action,Road/Pothole,Low
Garbage complaint for department action,Garbage,Low
Water complaint for department action,Water,Low
Drainage complaint for department action,Drainage,Low
Streetlight complaint for department action,Streetlight,Low
Pollution complaint for department action,Pollution,Low
Road issue for department action,Road/Pothole,Low
Garbage issue for department action,Garbage,Low
Water issue for department action,Water,Low
Drainage issue for department action,Drainage,Low
Streetlight issue for department action,Streetlight,Low
Pollution issue for department action,Pollution,Low
Road problem for department action,Road/Pothole,Low
Garbage problem for department action,Garbage,Low
Water problem for department action,Water,Low
Drainage problem for department action,Drainage,Low
Streetlight problem for department action,Streetlight,Low
Pollution problem for department action,Pollution,Low
Road complaint for department response,Road/Pothole,Low
Garbage complaint for department response,Garbage,Low
Water complaint for department response,Water,Low
Drainage complaint for department response,Drainage,Low
Streetlight complaint for department response,Streetlight,Low
Pollution complaint for department response,Pollution,Low
Road issue for department response,Road/Pothole,Low
Garbage issue for department response,Garbage,Low
Water issue for department response,Water,Low
Drainage issue for department response,Drainage,Low
Streetlight issue for department response,Streetlight,Low
Pollution issue for department response,Pollution,Low
Road problem for department response,Road/Pothole,Low
Garbage problem for department response,Garbage,Low
Water problem for department response,Water,Low
Drainage problem for department response,Drainage,Low
Streetlight problem for department response,Streetlight,Low
Pollution problem for department response,Pollution,Low
Road complaint requires department action,Road/Pothole,Low
Garbage complaint requires department action,Garbage,Low
Water complaint requires department action,Water,Low
Drainage complaint requires department action,Drainage,Low
Streetlight complaint requires department action,Streetlight,Low
Pollution complaint requires department action,Pollution,Low
Road issue requires department action,Road/Pothole,Low
Garbage issue requires department action,Garbage,Low
Water issue requires department action,Water,Low
Drainage issue requires department action,Drainage,Low
Streetlight issue requires department action,Streetlight,Low
Pollution issue requires department action,Pollution,Low
Road problem requires department action,Road/Pothole,Low
Garbage problem requires department action,Garbage,Low
Water problem requires department action,Water,Low
Drainage problem requires department action,Drainage,Low
Streetlight problem requires department action,Streetlight,Low
Pollution problem requires department action,Pollution,Low
Road complaint requires department response,Road/Pothole,Low
Garbage complaint requires department response,Garbage,Low
Water complaint requires department response,Water,Low
Drainage complaint requires department response,Drainage,Low
Streetlight complaint requires department response,Streetlight,Low
Pollution complaint requires department response,Pollution,Low
Road issue requires department response,Road/Pothole,Low
Garbage issue requires department response,Garbage,Low
Water issue requires department response,Water,Low
Drainage issue requires department response,Drainage,Low
Streetlight issue requires department response,Streetlight,Low
Pollution issue requires department response,Pollution,Low
Road problem requires department response,Road/Pothole,Low
Garbage problem requires department response,Garbage,Low
Water problem requires department response,Water,Low
Drainage problem requires department response,Drainage,Low
Streetlight problem requires department response,Streetlight,Low
Pollution problem requires department response,Pollution,Low
Road complaint requires department follow-up,Road/Pothole,Low
Garbage complaint requires department follow-up,Garbage,Low
Water complaint requires department follow-up,Water,Low
Drainage complaint requires department follow-up,Drainage,Low
Streetlight complaint requires department follow-up,Streetlight,Low
Pollution complaint requires department follow-up,Pollution,Low
Road issue requires department follow-up,Road/Pothole,Low
Garbage issue requires department follow-up,Garbage,Low
Water issue requires department follow-up,Water,Low
Drainage issue requires department follow-up,Drainage,Low
Streetlight issue requires department follow-up,Streetlight,Low
Pollution issue requires department follow-up,Pollution,Low
Road problem requires department follow-up,Road/Pothole,Low
Garbage problem requires department follow-up,Garbage,Low
Water problem requires department follow-up,Water,Low
Drainage problem requires department follow-up,Drainage,Low
Streetlight problem requires department follow-up,Streetlight,Low
Pollution problem requires department follow-up,Pollution,Low
Road complaint requires department monitoring,Road/Pothole,Low
Garbage complaint requires department monitoring,Garbage,Low
Water complaint requires department monitoring,Water,Low
Drainage complaint requires department monitoring,Drainage,Low
Streetlight complaint requires department monitoring,Streetlight,Low
Pollution complaint requires department monitoring,Pollution,Low
Road issue requires department monitoring,Road/Pothole,Low
Garbage issue requires department monitoring,Garbage,Low
Water issue requires department monitoring,Water,Low
Drainage issue requires department monitoring,Drainage,Low
Streetlight issue requires department monitoring,Streetlight,Low
Pollution issue requires department monitoring,Pollution,Low
Road problem requires department monitoring,Road/Pothole,Low
Garbage problem requires department monitoring,Garbage,Low
Water problem requires department monitoring,Water,Low
Drainage problem requires department monitoring,Drainage,Low
Streetlight problem requires department monitoring,Streetlight,Low
Pollution problem requires department monitoring,Pollution,Low
Road complaint requires department tracking,Road/Pothole,Low
Garbage complaint requires department tracking,Garbage,Low
Water complaint requires department tracking,Water,Low
Drainage complaint requires department tracking,Drainage,Low
Streetlight complaint requires department tracking,Streetlight,Low
Pollution complaint requires department tracking,Pollution,Low
Road issue requires department tracking,Road/Pothole,Low
Garbage issue requires department tracking,Garbage,Low
Water issue requires department tracking,Water,Low
Drainage issue requires department tracking,Drainage,Low
Streetlight issue requires department tracking,Streetlight,Low
Pollution issue requires department tracking,Pollution,Low
Road problem requires department tracking,Road/Pothole,Low
Garbage problem requires department tracking,Garbage,Low
Water problem requires department tracking,Water,Low
Drainage problem requires department tracking,Drainage,Low
Streetlight problem requires department tracking,Streetlight,Low
Pollution problem requires department tracking,Pollution,Low
Road complaint requires department status,Road/Pothole,Low
Garbage complaint requires department status,Garbage,Low
Water complaint requires department status,Water,Low
Drainage complaint requires department status,Drainage,Low
Streetlight complaint requires department status,Streetlight,Low
Pollution complaint requires department status,Pollution,Low
Road issue requires department status,Road/Pothole,Low
Garbage issue requires department status,Garbage,Low
Water issue requires department status,Water,Low
Drainage issue requires department status,Drainage,Low
Streetlight issue requires department status,Streetlight,Low
Pollution issue requires department status,Pollution,Low
Road problem requires department status,Road/Pothole,Low
Garbage problem requires department status,Garbage,Low
Water problem requires department status,Water,Low
Drainage problem requires department status,Drainage,Low
Streetlight problem requires department status,Streetlight,Low
Pollution problem requires department status,Pollution,Low
Road complaint requires department resolution,Road/Pothole,Low
Garbage complaint requires department resolution,Garbage,Low
Water complaint requires department resolution,Water,Low
Drainage complaint requires department resolution,Drainage,Low
Streetlight complaint requires department resolution,Streetlight,Low
Pollution complaint requires department resolution,Pollution,Low
Road issue requires department resolution,Road/Pothole,Low
Garbage issue requires department resolution,Garbage,Low
Water issue requires department resolution,Water,Low
Drainage issue requires department resolution,Drainage,Low
Streetlight issue requires department resolution,Streetlight,Low
Pollution issue requires department resolution,Pollution,Low
Road problem requires department resolution,Road/Pothole,Low
Garbage problem requires department resolution,Garbage,Low
Water problem requires department resolution,Water,Low
Drainage problem requires department resolution,Drainage,Low
Streetlight problem requires department resolution,Streetlight,Low
Pollution problem requires department resolution,Pollution,Low
Road complaint requires department action and repair,Road/Pothole,Low
Garbage complaint requires department action and removal,Garbage,Low
Water complaint requires department action and supply,Water,Low
Drainage complaint requires department action and cleaning,Drainage,Low
Streetlight complaint requires department action and repair,Streetlight,Low
Pollution complaint requires department action and control,Pollution,Low
Road issue requires department action and repair,Road/Pothole,Low
Garbage issue requires department action and removal,Garbage,Low
Water issue requires department action and supply,Water,Low
Drainage issue requires department action and cleaning,Drainage,Low
Streetlight issue requires department action and repair,Streetlight,Low
Pollution issue requires department action and control,Pollution,Low
Road problem requires department action and repair,Road/Pothole,Low
Garbage problem requires department action and removal,Garbage,Low
Water problem requires department action and supply,Water,Low
Drainage problem requires department action and cleaning,Drainage,Low
Streetlight problem requires department action and repair,Streetlight,Low
Pollution problem requires department action and control,Pollution,Low
Road complaint requires action and repair,Road/Pothole,Low
Garbage complaint requires action and removal,Garbage,Low
Water complaint requires action and supply,Water,Low
Drainage complaint requires action and cleaning,Drainage,Low
Streetlight complaint requires action and repair,Streetlight,Low
Pollution complaint requires action and control,Pollution,Low
Road issue requires action and repair,Road/Pothole,Low
Garbage issue requires action and removal,Garbage,Low
Water issue requires action and supply,Water,Low
Drainage issue requires action and cleaning,Drainage,Low
Streetlight issue requires action and repair,Streetlight,Low
Pollution issue requires action and control,Pollution,Low
Road problem requires action and repair,Road/Pothole,Low
Garbage problem requires action and removal,Garbage,Low
Water problem requires action and supply,Water,Low
Drainage problem requires action and cleaning,Drainage,Low
Streetlight problem requires action and repair,Streetlight,Low
Pollution problem requires action and control,Pollution,Low
Road complaint needs repair,Road/Pothole,Medium
Garbage complaint needs removal,Garbage,Low
Water complaint needs supply,Water,Low
Drainage complaint needs cleaning,Drainage,Low
Streetlight complaint needs repair,Streetlight,Medium
Pollution complaint needs control,Pollution,Low
Road issue needs repair,Road/Pothole,Medium
Garbage issue needs removal,Garbage,Low
Water issue needs supply,Water,Low
Drainage issue needs cleaning,Drainage,Low
Streetlight issue needs repair,Streetlight,Medium
Pollution issue needs control,Pollution,Low
Road problem needs repair,Road/Pothole,Medium
Garbage problem needs removal,Garbage,Low
Water problem needs supply,Water,Low
Drainage problem needs cleaning,Drainage,Low
Streetlight problem needs repair,Streetlight,Medium
Pollution problem needs control,Pollution,Low
Road repair required,Road/Pothole,Medium
Garbage removal required,Garbage,Low
Water supply required,Water,Low
Drainage cleaning required,Drainage,Low
Streetlight repair required,Streetlight,Medium
Pollution control required,Pollution,Low
Road repair needed,Road/Pothole,Low
Garbage removal needed,Garbage,Low
Water supply needed,Water,Low
Drainage cleaning needed,Drainage,Low
Streetlight repair needed,Streetlight,Low
Pollution control needed,Pollution,Low
Road maintenance needed,Road/Pothole,Low
Garbage collection needed,Garbage,Low
Water supply needed,Water,Low
Drainage maintenance needed,Drainage,Low
Streetlight maintenance needed,Streetlight,Low
Pollution control needed,Pollution,Low
Road maintenance request,Road/Pothole,Low
Garbage collection request,Garbage,Low
Water supply request,Water,Low
Drainage cleaning request,Drainage,Low
Streetlight repair request,Streetlight,Low
Pollution control request,Pollution,Low
Road repair request,Road/Pothole,Low
Garbage removal request,Garbage,Low
Water restoration request,Water,Low
Drainage repair request,Drainage,Low
Streetlight repair request,Streetlight,Low
Pollution control request,Pollution,Low
Road maintenance complaint,Road/Pothole,Low
Garbage collection complaint,Garbage,Low
Water supply complaint,Water,Low
Drainage cleaning complaint,Drainage,Low
Streetlight repair complaint,Streetlight,Low
Pollution control complaint,Pollution,Low
Road maintenance issue,Road/Pothole,Low
Garbage collection issue,Garbage,Low
Water supply issue,Water,Low
Drainage cleaning issue,Drainage,Low
Streetlight repair issue,Streetlight,Low
Pollution control issue,Pollution,Low
Road maintenance problem,Road/Pothole,Low
Garbage collection problem,Garbage,Low
Water supply problem,Water,Low
Drainage cleaning problem,Drainage,Low
Streetlight repair problem,Streetlight,Low
Pollution control problem,Pollution,Low
Road maintenance request from residents,Road/Pothole,Low
Garbage collection request from residents,Garbage,Low
Water supply request from residents,Water,Low
Drainage cleaning request from residents,Drainage,Low
Streetlight repair request from residents,Streetlight,Low
Pollution control request from residents,Pollution,Low
Road repair request from residents,Road/Pothole,Low
Garbage removal request from residents,Garbage,Low
Water restoration request from residents,Water,Low
Drainage repair request from residents,Drainage,Low
Streetlight repair request from residents,Streetlight,Low
Pollution control request from residents,Pollution,Low
Road maintenance request from citizen,Road/Pothole,Low
Garbage collection request from citizen,Garbage,Low
Water supply request from citizen,Water,Low
Drainage cleaning request from citizen,Drainage,Low
Streetlight repair request from citizen,Streetlight,Low
Pollution control request from citizen,Pollution,Low
Road repair request from citizen,Road/Pothole,Low
Garbage removal request from citizen,Garbage,Low
Water restoration request from citizen,Water,Low
Drainage repair request from citizen,Drainage,Low
Streetlight repair request from citizen,Streetlight,Low
Pollution control request from citizen,Pollution,Low
Road maintenance request from public,Road/Pothole,Low
Garbage collection request from public,Garbage,Low
Water supply request from public,Water,Low
Drainage cleaning request from public,Drainage,Low
Streetlight repair request from public,Streetlight,Low
Pollution control request from public,Pollution,Low
Road repair request from public,Road/Pothole,Low
Garbage removal request from public,Garbage,Low
Water restoration request from public,Water,Low
Drainage repair request from public,Drainage,Low
Streetlight repair request from public,Streetlight,Low
Pollution control request from public,Pollution,Low
Road maintenance request in our area,Road/Pothole,Low
Garbage collection request in our area,Garbage,Low
Water supply request in our area,Water,Low
Drainage cleaning request in our area,Drainage,Low
Streetlight repair request in our area,Streetlight,Low
Pollution control request in our area,Pollution,Low
Road repair request in our area,Road/Pothole,Low
Garbage removal request in our area,Garbage,Low
Water restoration request in our area,Water,Low
Drainage repair request in our area,Drainage,Low
Streetlight repair request in our area,Streetlight,Low
Pollution control request in our area,Pollution,Low
Road maintenance request near my home,Road/Pothole,Low
Garbage collection request near my home,Garbage,Low
Water supply request near my home,Water,Low
Drainage cleaning request near my home,Drainage,Low
Streetlight repair request near my home,Streetlight,Low
Pollution control request near my home,Pollution,Low
Road repair request near my home,Road/Pothole,Low
Garbage removal request near my home,Garbage,Low
Water restoration request near my home,Water,Low
Drainage repair request near my home,Drainage,Low
Streetlight repair request near my home,Streetlight,Low
Pollution control request near my home,Pollution,Low
Road maintenance request near school,Road/Pothole,High
Garbage collection request near school,Garbage,High
Water supply request near school,Water,High
Drainage cleaning request near school,Drainage,High
Streetlight repair request near school,Streetlight,High
Pollution control request near school,Pollution,High
Road repair request near school,Road/Pothole,High
Garbage removal request near school,Garbage,High
Water restoration request near school,Water,High
Drainage repair request near school,Drainage,High
Streetlight repair request near school,Streetlight,High
Pollution control request near school,Pollution,High
Road maintenance request near hospital,Road/Pothole,High
Garbage collection request near hospital,Garbage,High
Water supply request near hospital,Water,High
Drainage cleaning request near hospital,Drainage,High
Streetlight repair request near hospital,Streetlight,High
Pollution control request near hospital,Pollution,High
Road repair request near hospital,Road/Pothole,High
Garbage removal request near hospital,Garbage,High
Water restoration request near hospital,Water,High
Drainage repair request near hospital,Drainage,High
Streetlight repair request near hospital,Streetlight,High
Pollution control request near hospital,Pollution,High
Road maintenance request near market,Road/Pothole,Low
Garbage collection request near market,Garbage,Low
Water supply request near market,Water,Low
Drainage cleaning request near market,Drainage,Low
Streetlight repair request near market,Streetlight,Low
Pollution control request near market,Pollution,Low
Road repair request near market,Road/Pothole,Low
Garbage removal request near market,Garbage,Low
Water restoration request near market,Water,Low
Drainage repair request near market,Drainage,Low
Streetlight repair request near market,Streetlight,Low
Pollution control request near market,Pollution,Low
Road maintenance request near bus stop,Road/Pothole,Low
Garbage collection request near bus stop,Garbage,Low
Water supply request near bus stop,Water,Low
Drainage cleaning request near bus stop,Drainage,Low
Streetlight repair request near bus stop,Streetlight,Low
Pollution control request near bus stop,Pollution,Low
Road repair request near bus stop,Road/Pothole,Low
Garbage removal request near bus stop,Garbage,Low
Water restoration request near bus stop,Water,Low
Drainage repair request near bus stop,Drainage,Low
Streetlight repair request near bus stop,Streetlight,Low
Pollution control request near bus stop,Pollution,Low
Road maintenance request near college,Road/Pothole,Low
Garbage collection request near college,Garbage,Low
Water supply request near college,Water,Low
Drainage cleaning request near college,Drainage,Low
Streetlight repair request near college,Streetlight,Low
Pollution control request near college,Pollution,Low
Road repair request near college,Road/Pothole,Low
Garbage removal request near college,Garbage,Low
Water restoration request near college,Water,Low
Drainage repair request near college,Drainage,Low
Streetlight repair request near college,Streetlight,Low
Pollution control request near college,Pollution,Low
Road complaint in English,Road/Pothole,Low
Garbage complaint in English,Garbage,Low
Water complaint in English,Water,Low
Drainage complaint in English,Drainage,Low
Streetlight complaint in English,Streetlight,Low
Pollution complaint in English,Pollution,Low
Road complaint in Hindi,Road/Pothole,Low
Garbage complaint in Hindi,Garbage,Low
Water complaint in Hindi,Water,Low
Drainage complaint in Hindi,Drainage,Low
Streetlight complaint in Hindi,Streetlight,Low
Pollution complaint in Hindi,Pollution,Low
Road complaint in Marathi,Road/Pothole,Low
Garbage complaint in Marathi,Garbage,Low
Water complaint in Marathi,Water,Low
Drainage complaint in Marathi,Drainage,Low
Streetlight complaint in Marathi,Streetlight,Low
Pollution complaint in Marathi,Pollution,Low
रस्त्यावर मोठा खड्डा आहे,Road/Pothole,Low
रस्त्याची अवस्था खराब आहे,Road/Pothole,Low
कचरा उचलला जात नाही,Garbage,Low
कचरा साचला आहे,Garbage,Low
पाणी पुरवठा बंद आहे,Water,Low
पाण्याची पाइपलाइन गळत आहे,Water,Low
नाला तुंबला आहे,Drainage,Low
गटाराचे पाणी रस्त्यावर येत आहे,Drainage,Low
स्ट्रीट लाईट बंद आहे,Streetlight,Low
रस्त्यावरील दिवा खराब आहे,Streetlight,Low
धुरामुळे प्रदूषण वाढले आहे,Pollution,Low
हवेचे प्रदूषण खूप जास्त आहे,Pollution,Low
सड़क पर बड़ा गड्ढा है,Road/Pothole,Low
सड़क की हालत खराब है,Road/Pothole,Low
कचरा उठाया नहीं जा रहा है,Garbage,Low
कचरा जमा हो गया है,Garbage,Low
पानी की सप्लाई बंद है,Water,Low
पानी की पाइपलाइन लीक हो रही है,Water,Low
नाली बंद है,Drainage,Low
गंदा पानी सड़क पर आ रहा है,Drainage,Low
स्ट्रीट लाइट बंद है,Streetlight,Low
सड़क की लाइट खराब है,Streetlight,Low
धुएं के कारण प्रदूषण बढ़ गया है,Pollution,Low
हवा बहुत प्रदूषित है,Pollution,Low
रस्त्यावर खड्डे आहेत,Road/Pothole,Low
कचरा वेळेवर उचलला जात नाही,Garbage,Low
आमच्या भागात पाणी येत नाही,Water,Low
नाला साफ केलेला नाही,Drainage,Low
रस्त्यावरील दिवे बंद आहेत,Streetlight,Low
धुरामुळे हवा प्रदूषित झाली आहे,Pollution,Low
सड़क पर गड्ढे हैं,Road/Pothole,Low
इलाके में कचरा जमा है,Garbage,Low
हमारे इलाके में पानी नहीं आ रहा है,Water,Low
नाली बंद हो गई है,Drainage,Low
स्ट्रीट लाइट काम नहीं कर रही है,Streetlight,Low
धुएं से वायु प्रदूषण हो रहा है,Pollution,Low
रस्ता खराब झाला आहे,Road/Pothole,Low
कचरा खूप साचला आहे,Garbage,Low
पाणी उपलब्ध नाही,Water,Low
गटार तुंबले आहे,Drainage,Low
स्ट्रीट लाईट चालू नाही,Streetlight,Low
हवेतील प्रदूषण जास्त आहे,Pollution,Low
खड्ड्यांमुळे रस्त्यावर अपघात होण्याचा धोका आहे,Road/Pothole,Low
कचरा साचल्यामुळे दुर्गंधी येत आहे,Garbage,Low
पाणी टंचाईमुळे नागरिक त्रस्त आहेत,Water,Low
नाला तुंबल्यामुळे पाणी साचले आहे,Drainage,Low
स्ट्रीट लाईट बंद असल्यामुळे रस्ता अंधारात आहे,Streetlight,Low
धुरामुळे नागरिकांना त्रास होत आहे,Pollution,Low
सड़क के गड्ढों से दुर्घटना का खतरा है,Road/Pothole,Low
कचरा जमा होने से बदबू आ रही है,Garbage,Low
पानी की कमी से लोग परेशान हैं,Water,Low
नाली बंद होने से पानी जमा है,Drainage,Low
स्ट्रीट लाइट बंद होने से सड़क पर अंधेरा है,Streetlight,Low
धुएं से लोगों को परेशानी हो रही है,Pollution,Low
Road has potholes,Road/Pothole,Low
Garbage is accumulating,Garbage,Low
Water supply is stopped,Water,Low
Drainage is blocked,Drainage,High
Streetlight is broken,Streetlight,Medium
Pollution is increasing,Pollution,Low
Need road repair,Road/Pothole,Low
Need garbage collection,Garbage,Low
Need water supply,Water,Low
Need drainage cleaning,Drainage,Low
Need streetlight repair,Streetlight,Low
Need pollution control,Pollution,Low
Road is unsafe,Road/Pothole,Low
Garbage is unhygienic,Garbage,Low
Water is unavailable,Water,Low
Drainage is overflowing,Drainage,High
Streetlight is not working,Streetlight,Medium
Air is polluted,Pollution,Low
Please fix the road,Road/Pothole,Low
Please remove the garbage,Garbage,Low
Please restore water,Water,Low
Please clean the drainage,Drainage,Low
Please fix the streetlight,Streetlight,Low
Please control pollution,Pollution,Low
Urgent pothole repair needed,Road/Pothole,Low
Urgent garbage removal needed,Garbage,Low
Urgent water supply needed,Water,Low
Urgent drainage cleaning needed,Drainage,Low
Urgent streetlight repair needed,Streetlight,Low
Urgent pollution control needed,Pollution,Low
Broken road needs repair,Road/Pothole,Medium
Overflowing garbage needs removal,Garbage,High
No water supply,Water,High
Blocked drain needs cleaning,Drainage,High
Broken streetlight needs repair,Streetlight,Medium
Heavy smoke pollution,Pollution,Low
Road complaint,Road/Pothole,Low
Garbage complaint,Garbage,Low
Water complaint,Water,Low
Drainage complaint,Drainage,Low
Streetlight complaint,Streetlight,Low
Pollution complaint,Pollution,Low
Road issue,Road/Pothole,Low
Garbage issue,Garbage,Low
Water issue,Water,Low
Drainage issue,Drainage,Low
Streetlight issue,Streetlight,Low
Pollution issue,Pollution,Low
Road problem,Road/Pothole,Low
Garbage problem,Garbage,Low
Water problem,Water,Low
Drainage problem,Drainage,Low
Streetlight problem,Streetlight,Low
Pollution problem,Pollution,Low
Road complaint needs repair,Road/Pothole,Medium
Garbage complaint needs removal,Garbage,Low
Water complaint needs supply,Water,Low
Drainage complaint needs cleaning,Drainage,Low
Streetlight complaint needs repair,Streetlight,Medium
Pollution complaint needs control,Pollution,Low
Road problem needs repair,Road/Pothole,Medium
Garbage problem needs removal,Garbage,Low
Water problem needs supply,Water,Low
Drainage problem needs cleaning,Drainage,Low
Streetlight problem needs repair,Streetlight,Medium
Pollution problem needs control,Pollution,Low
Road issue needs repair,Road/Pothole,Medium
Garbage issue needs removal,Garbage,Low
Water issue needs supply,Water,Low
Drainage issue needs cleaning,Drainage,Low
Streetlight issue needs repair,Streetlight,Medium
Pollution issue needs control,Pollution,Low
Road maintenance,Road/Pothole,Low
Garbage collection,Garbage,Low
Water supply,Water,Low
Drain cleaning,Drainage,Low
Streetlight repair,Streetlight,Low
Pollution control,Pollution,Low
Road pothole,Road/Pothole,Low
Garbage overflow,Garbage,Low
Water shortage,Water,Low
Drain blockage,Drainage,Low
Broken streetlight,Streetlight,Medium
Air pollution,Pollution,Low
Road damage,Road/Pothole,Low
Garbage accumulation,Garbage,Low
Water outage,Water,Low
Drain overflow,Drainage,Low
Streetlight outage,Streetlight,Low
Smoke pollution,Pollution,Low
Road repair required,Road/Pothole,Medium
Garbage removal required,Garbage,Low
Water supply required,Water,Low
Drainage cleaning required,Drainage,Low
Streetlight repair required,Streetlight,Medium
Pollution control required,Pollution,Low
Road maintenance required,Road/Pothole,Low
Garbage collection required,Garbage,Low
Water supply required,Water,Low
Drainage maintenance required,Drainage,Low
Streetlight maintenance required,Streetlight,Low
Pollution control required,Pollution,Low
Road complaint category,Road/Pothole,Low
Garbage complaint category,Garbage,Low
Water complaint category,Water,Low
Drainage complaint category,Drainage,Low
Streetlight complaint category,Streetlight,Low
Pollution complaint category,Pollution,Low
Road civic complaint,Road/Pothole,Low
Garbage civic complaint,Garbage,Low
Water civic complaint,Water,Low
Drainage civic complaint,Drainage,Low
Streetlight civic complaint,Streetlight,Low
Pollution civic complaint,Pollution,Low
Road-related civic complaint,Road/Pothole,Low
Garbage-related civic complaint,Garbage,Low
Water-related civic complaint,Water,Low
Drainage-related civic complaint,Drainage,Low
Streetlight-related civic complaint,Streetlight,Low
Pollution-related civic complaint,Pollution,Low
Road complaint needs urgent repair,Road/Pothole,Low
Garbage complaint needs urgent removal,Garbage,Low
Water complaint needs urgent supply,Water,Low
Drainage complaint needs urgent cleaning,Drainage,Low
Streetlight complaint needs urgent repair,Streetlight,Low
Pollution complaint needs urgent control,Pollution,Low
Road complaint requires immediate repair,Road/Pothole,Low
Garbage complaint requires immediate removal,Garbage,Low
Water complaint requires immediate supply,Water,Low
Drainage complaint requires immediate cleaning,Drainage,Low
Streetlight complaint requires immediate repair,Streetlight,Low
Pollution complaint requires immediate control,Pollution,Low
Road issue is serious,Road/Pothole,Low
Garbage issue is serious,Garbage,Low
Water issue is serious,Water,Low
Drainage issue is serious,Drainage,Low
Streetlight issue is serious,Streetlight,Low
Pollution issue is serious,Pollution,Low
Road problem is serious,Road/Pothole,Low
Garbage problem is serious,Garbage,Low
Water problem is serious,Water,Low
Drainage problem is serious,Drainage,Low
Streetlight problem is serious,Streetlight,Low
Pollution problem is serious,Pollution,Low
Road complaint is serious,Road/Pothole,Low
Garbage complaint is serious,Garbage,Low
Water complaint is serious,Water,Low
Drainage complaint is serious,Drainage,Low
Streetlight complaint is serious,Streetlight,Low
Pollution complaint is serious,Pollution,Low
Road complaint is urgent,Road/Pothole,Low
Garbage complaint is urgent,Garbage,Low
Water complaint is urgent,Water,Low
Drainage complaint is urgent,Drainage,Low
Streetlight complaint is urgent,Streetlight,Low
Pollution complaint is urgent,Pollution,Low
Road issue is urgent,Road/Pothole,Low
Garbage issue is urgent,Garbage,Low
Water issue is urgent,Water,Low
Drainage issue is urgent,Drainage,Low
Streetlight issue is urgent,Streetlight,Low
Pollution issue is urgent,Pollution,Low
Road problem is urgent,Road/Pothole,Low
Garbage problem is urgent,Garbage,Low
Water problem is urgent,Water,Low
Drainage problem is urgent,Drainage,Low
Streetlight problem is urgent,Streetlight,Low
Pollution problem is urgent,Pollution,Low
Road complaint needs urgent attention,Road/Pothole,Low
Garbage complaint needs urgent attention,Garbage,Low
Water complaint needs urgent attention,Water,Low
Drainage complaint needs urgent attention,Drainage,Low
Streetlight complaint needs urgent attention,Streetlight,Low
Pollution complaint needs urgent attention,Pollution,Low
Road issue needs urgent attention,Road/Pothole,Low
Garbage issue needs urgent attention,Garbage,Low
Water issue needs urgent attention,Water,Low
Drainage issue needs urgent attention,Drainage,Low
Streetlight issue needs urgent attention,Streetlight,Low
Pollution issue needs urgent attention,Pollution,Low
Road problem needs urgent attention,Road/Pothole,Low
Garbage problem needs urgent attention,Garbage,Low
Water problem needs urgent attention,Water,Low
Drainage problem needs urgent attention,Drainage,Low
Streetlight problem needs urgent attention,Streetlight,Low
Pollution problem needs urgent attention,Pollution,Low
Road complaint requires urgent attention,Road/Pothole,Low
Garbage complaint requires urgent attention,Garbage,Low
Water complaint requires urgent attention,Water,Low
Drainage complaint requires urgent attention,Drainage,Low
Streetlight complaint requires urgent attention,Streetlight,Low
Pollution complaint requires urgent attention,Pollution,Low
Road issue requires urgent attention,Road/Pothole,Low
Garbage issue requires urgent attention,Garbage,Low
Water issue requires urgent attention,Water,Low
Drainage issue requires urgent attention,Drainage,Low
Streetlight issue requires urgent attention,Streetlight,Low
Pollution issue requires urgent attention,Pollution,Low
Road problem requires urgent attention,Road/Pothole,Low
Garbage problem requires urgent attention,Garbage,Low
Water problem requires urgent attention,Water,Low
Drainage problem requires urgent attention,Drainage,Low
Streetlight problem requires urgent attention,Streetlight,Low
Pollution problem requires urgent attention,Pollution,Low
Road complaint is critical,Road/Pothole,Low
Garbage complaint is critical,Garbage,Low
Water complaint is critical,Water,Low
Drainage complaint is critical,Drainage,Low
Streetlight complaint is critical,Streetlight,Low
Pollution complaint is critical,Pollution,Low
Road issue is critical,Road/Pothole,Low
Garbage issue is critical,Garbage,Low
Water issue is critical,Water,Low
Drainage issue is critical,Drainage,Low
Streetlight issue is critical,Streetlight,Low
Pollution issue is critical,Pollution,Low
Road problem is critical,Road/Pothole,Low
Garbage problem is critical,Garbage,Low
Water problem is critical,Water,Low
Drainage problem is critical,Drainage,Low
Streetlight problem is critical,Streetlight,Low
Pollution problem is critical,Pollution,Low
Road complaint is dangerous,Road/Pothole,High
Garbage complaint is dangerous,Garbage,High
Water complaint is dangerous,Water,High
Drainage complaint is dangerous,Drainage,High
Streetlight complaint is dangerous,Streetlight,High
Pollution complaint is dangerous,Pollution,High
Road issue is dangerous,Road/Pothole,High
Garbage issue is dangerous,Garbage,High
Water issue is dangerous,Water,High
Drainage issue is dangerous,Drainage,High
Streetlight issue is dangerous,Streetlight,High
Pollution issue is dangerous,Pollution,High
Road problem is dangerous,Road/Pothole,High
Garbage problem is dangerous,Garbage,High
Water problem is dangerous,Water,High
Drainage problem is dangerous,Drainage,High
Streetlight problem is dangerous,Streetlight,High
Pollution problem is dangerous,Pollution,High
Road complaint affects safety,Road/Pothole,Low
Garbage complaint affects hygiene,Garbage,Low
Water complaint affects supply,Water,Low
Drainage complaint affects drainage,Drainage,Low
Streetlight complaint affects lighting,Streetlight,Low
Pollution complaint affects air quality,Pollution,Low
Road issue affects safety,Road/Pothole,Low
Garbage issue affects hygiene,Garbage,Low
Water issue affects supply,Water,Low
Drainage issue affects drainage,Drainage,Low
Streetlight issue affects lighting,Streetlight,Low
Pollution issue affects air quality,Pollution,Low
Road problem affects safety,Road/Pothole,Low
Garbage problem affects hygiene,Garbage,Low
Water problem affects supply,Water,Low
Drainage problem affects drainage,Drainage,Low
Streetlight problem affects lighting,Streetlight,Low
Pollution problem affects air quality,Pollution,Low
Road complaint affects commuters,Road/Pothole,Low
Garbage complaint affects cleanliness,Garbage,Low
Water complaint affects households,Water,Low
Drainage complaint affects households,Drainage,Low
Streetlight complaint affects pedestrians,Streetlight,Low
Pollution complaint affects households,Pollution,Low
Road issue affects commuters,Road/Pothole,Low
Garbage issue affects cleanliness,Garbage,Low
Water issue affects households,Water,Low
Drainage issue affects households,Drainage,Low
Streetlight issue affects pedestrians,Streetlight,Low
Pollution issue affects households,Pollution,Low
Road problem affects commuters,Road/Pothole,Low
Garbage problem affects cleanliness,Garbage,Low
Water problem affects households,Water,Low
Drainage problem affects households,Drainage,Low
Streetlight problem affects pedestrians,Streetlight,Low
Pollution problem affects households,Pollution,Low
Road complaint affects public safety,Road/Pothole,Low
Garbage complaint affects public health,Garbage,Low
Water complaint affects public health,Water,Low
Drainage complaint affects public safety,Drainage,Low
Streetlight complaint affects public safety,Streetlight,Low
Pollution complaint affects public health,Pollution,Low
Road issue affects public safety,Road/Pothole,Low
Garbage issue affects public health,Garbage,Low
Water issue affects public health,Water,Low
Drainage issue affects public safety,Drainage,Low
Streetlight issue affects public safety,Streetlight,Low
Pollution issue affects public health,Pollution,Low
Road problem affects public safety,Road/Pothole,Low
Garbage problem affects public health,Garbage,Low
Water problem affects public health,Water,Low
Drainage problem affects public safety,Drainage,Low
Streetlight problem affects public safety,Streetlight,Low
Pollution problem affects public health,Pollution,Low
Road complaint affects transportation,Road/Pothole,Low
Garbage complaint affects cleanliness,Garbage,Low
Water complaint affects households,Water,Low
Drainage complaint affects households,Drainage,Low
Streetlight complaint affects pedestrians,Streetlight,Low
Pollution complaint affects households,Pollution,Low
Road issue affects transportation,Road/Pothole,Low
Garbage issue affects cleanliness,Garbage,Low
Water issue affects households,Water,Low
Drainage issue affects households,Drainage,Low
Streetlight issue affects pedestrians,Streetlight,Low
Pollution issue affects households,Pollution,Low
Road problem affects transportation,Road/Pothole,Low
Garbage problem affects cleanliness,Garbage,Low
Water problem affects households,Water,Low
Drainage problem affects households,Drainage,Low
Streetlight problem affects pedestrians,Streetlight,Low
Pollution problem affects households,Pollution,Low
Road complaint about public road,Road/Pothole,Low
Garbage complaint about public waste,Garbage,Low
Water complaint about public supply,Water,Low
Drainage complaint about public drainage,Drainage,Low
Streetlight complaint about public lighting,Streetlight,Low
Pollution complaint about public air,Pollution,Low
Road issue about public road,Road/Pothole,Low
Garbage issue about public waste,Garbage,Low
Water issue about public supply,Water,Low
Drainage issue about public drainage,Drainage,Low
Streetlight issue about public lighting,Streetlight,Low
Pollution issue about public air,Pollution,Low
Road problem about public road,Road/Pothole,Low
Garbage problem about public waste,Garbage,Low
Water problem about public supply,Water,Low
Drainage problem about public drainage,Drainage,Low
Streetlight problem about public lighting,Streetlight,Low
Pollution problem about public air,Pollution,Low
Road complaint about infrastructure,Road/Pothole,Low
Garbage complaint about infrastructure,Garbage,Low
Water complaint about infrastructure,Water,Low
Drainage complaint about infrastructure,Drainage,Low
Streetlight complaint about infrastructure,Streetlight,Low
Pollution complaint about infrastructure,Pollution,Low
Road issue about infrastructure,Road/Pothole,Low
Garbage issue about infrastructure,Garbage,Low
Water issue about infrastructure,Water,Low
Drainage issue about infrastructure,Drainage,Low
Streetlight issue about infrastructure,Streetlight,Low
Pollution issue about infrastructure,Pollution,Low
Road problem about infrastructure,Road/Pothole,Low
Garbage problem about infrastructure,Garbage,Low
Water problem about infrastructure,Water,Low
Drainage problem about infrastructure,Drainage,Low
Streetlight problem about infrastructure,Streetlight,Low
Pollution problem about infrastructure,Pollution,Low
Road complaint about municipal infrastructure,Road/Pothole,Low
Garbage complaint about municipal infrastructure,Garbage,Low
Water complaint about municipal infrastructure,Water,Low
Drainage complaint about municipal infrastructure,Drainage,Low
Streetlight complaint about municipal infrastructure,Streetlight,Low
Pollution complaint about municipal infrastructure,Pollution,Low
Road issue about municipal infrastructure,Road/Pothole,Low
Garbage issue about municipal infrastructure,Garbage,Low
Water issue about municipal infrastructure,Water,Low
Drainage issue about municipal infrastructure,Drainage,Low
Streetlight issue about municipal infrastructure,Streetlight,Low
Pollution issue about municipal infrastructure,Pollution,Low
Road problem about municipal infrastructure,Road/Pothole,Low
Garbage problem about municipal infrastructure,Garbage,Low
Water problem about municipal infrastructure,Water,Low
Drainage problem about municipal infrastructure,Drainage,Low
Streetlight problem about municipal infrastructure,Streetlight,Low
Pollution problem about municipal infrastructure,Pollution,Low
Road complaint about public infrastructure,Road/Pothole,Low
Garbage complaint about public infrastructure,Garbage,Low
Water complaint about public infrastructure,Water,Low
Drainage complaint about public infrastructure,Drainage,Low
Streetlight complaint about public infrastructure,Streetlight,Low
Pollution complaint about public infrastructure,Pollution,Low
Road issue about public infrastructure,Road/Pothole,Low
Garbage issue about public infrastructure,Garbage,Low
Water issue about public infrastructure,Water,Low
Drainage issue about public infrastructure,Drainage,Low
Streetlight issue about public infrastructure,Streetlight,Low
Pollution issue about public infrastructure,Pollution,Low
Road problem about public infrastructure,Road/Pothole,Low
Garbage problem about public infrastructure,Garbage,Low
Water problem about public infrastructure,Water,Low
Drainage problem about public infrastructure,Drainage,Low
Streetlight problem about public infrastructure,Streetlight,Low
Pollution problem about public infrastructure,Pollution,Low
Road complaint about civic infrastructure,Road/Pothole,Low
Garbage complaint about civic infrastructure,Garbage,Low
Water complaint about civic infrastructure,Water,Low
Drainage complaint about civic infrastructure,Drainage,Low
Streetlight complaint about civic infrastructure,Streetlight,Low
Pollution complaint about civic infrastructure,Pollution,Low
Road issue about civic infrastructure,Road/Pothole,Low
Garbage issue about civic infrastructure,Garbage,Low
Water issue about civic infrastructure,Water,Low
Drainage issue about civic infrastructure,Drainage,Low
Streetlight issue about civic infrastructure,Streetlight,Low
Pollution issue about civic infrastructure,Pollution,Low
Road problem about civic infrastructure,Road/Pothole,Low
Garbage problem about civic infrastructure,Garbage,Low
Water problem about civic infrastructure,Water,Low
Drainage problem about civic infrastructure,Drainage,Low
Streetlight problem about civic infrastructure,Streetlight,Low
Pollution problem about civic infrastructure,Pollution,Low
Road complaint about civic services,Road/Pothole,Low
Garbage complaint about civic services,Garbage,Low
Water complaint about civic services,Water,Low
Drainage complaint about civic services,Drainage,Low
Streetlight complaint about civic services,Streetlight,Low
Pollution complaint about civic services,Pollution,Low
Road issue about civic services,Road/Pothole,Low
Garbage issue about civic services,Garbage,Low
Water issue about civic services,Water,Low
Drainage issue about civic services,Drainage,Low
Streetlight issue about civic services,Streetlight,Low
Pollution issue about civic services,Pollution,Low
Road problem about civic services,Road/Pothole,Low
Garbage problem about civic services,Garbage,Low
Water problem about civic services,Water,Low
Drainage problem about civic services,Drainage,Low
Streetlight problem about civic services,Streetlight,Low
Pollution problem about civic services,Pollution,Low
Road complaint about civic administration,Road/Pothole,Low
Garbage complaint about civic administration,Garbage,Low
Water complaint about civic administration,Water,Low
Drainage complaint about civic administration,Drainage,Low
Streetlight complaint about civic administration,Streetlight,Low
Pollution complaint about civic administration,Pollution,Low
Road issue about civic administration,Road/Pothole,Low
Garbage issue about civic administration,Garbage,Low
Water issue about civic administration,Water,Low
Drainage issue about civic administration,Drainage,Low
Streetlight issue about civic administration,Streetlight,Low
Pollution issue about civic administration,Pollution,Low
Road problem about civic administration,Road/Pothole,Low
Garbage problem about civic administration,Garbage,Low
Water problem about civic administration,Water,Low
Drainage problem about civic administration,Drainage,Low
Streetlight problem about civic administration,Streetlight,Low
Pollution problem about civic administration,Pollution,Low
Road complaint about civic management,Road/Pothole,Low
Garbage complaint about civic management,Garbage,Low
Water complaint about civic management,Water,Low
Drainage complaint about civic management,Drainage,Low
Streetlight complaint about civic management,Streetlight,Low
Pollution complaint about civic management,Pollution,Low
Road issue about civic management,Road/Pothole,Low
Garbage issue about civic management,Garbage,Low
Water issue about civic management,Water,Low
Drainage issue about civic management,Drainage,Low
Streetlight issue about civic management,Streetlight,Low
Pollution issue about civic management,Pollution,Low
Road problem about civic management,Road/Pothole,Low
Garbage problem about civic management,Garbage,Low
Water problem about civic management,Water,Low
Drainage problem about civic management,Drainage,Low
Streetlight problem about civic management,Streetlight,Low
Pollution problem about civic management,Pollution,Low
Road complaint about civic problem,Road/Pothole,Low
Garbage complaint about civic problem,Garbage,Low
Water complaint about civic problem,Water,Low
Drainage complaint about civic problem,Drainage,Low
Streetlight complaint about civic problem,Streetlight,Low
Pollution complaint about civic problem,Pollution,Low
Road issue about civic problem,Road/Pothole,Low
Garbage issue about civic problem,Garbage,Low
Water issue about civic problem,Water,Low
Drainage issue about civic problem,Drainage,Low
Streetlight issue about civic problem,Streetlight,Low
Pollution issue about civic problem,Pollution,Low
Road problem about civic problem,Road/Pothole,Low
Garbage problem about civic problem,Garbage,Low
Water problem about civic problem,Water,Low
Drainage problem about civic problem,Drainage,Low
Streetlight problem about civic problem,Streetlight,Low
Pollution problem about civic problem,Pollution,Low
Road complaint,Road/Pothole,Low
Garbage complaint,Garbage,Low
Water complaint,Water,Low
Drainage complaint,Drainage,Low
Streetlight complaint,Streetlight,Low
Pollution complaint,Pollution,Low
Road issue,Road/Pothole,Low
Garbage issue,Garbage,Low
Water issue,Water,Low
Drainage issue,Drainage,Low
Streetlight issue,Streetlight,Low
Pollution issue,Pollution,Low
Road problem,Road/Pothole,Low
Garbage problem,Garbage,Low
Water problem,Water,Low
Drainage problem,Drainage,Low
Streetlight problem,Streetlight,Low
Pollution problem,Pollution,Low
Road complaint,Road/Pothole,Low
Garbage complaint,Garbage,Low
Water complaint,Water,Low
Drainage complaint,Drainage,Low
Streetlight complaint,Streetlight,Low
Pollution complaint,Pollution,Low
Road issue,Road/Pothole,Low
Garbage issue,Garbage,Low
Water issue,Water,Low
Drainage issue,Drainage,Low
Streetlight issue,Streetlight,Low
Pollution issue,Pollution,Low
Road problem,Road/Pothole,Low
Garbage problem,Garbage,Low
Water problem,Water,Low
Drainage problem,Drainage,Low
Streetlight problem,Streetlight,Low
Pollution problem,Pollution,Low
Road complaint needs repair,Road/Pothole,Medium
Garbage complaint needs removal,Garbage,Low
Water complaint needs supply,Water,Low
Drainage complaint needs cleaning,Drainage,Low
Streetlight complaint needs repair,Streetlight,Medium
Pollution complaint needs control,Pollution,Low
Road issue needs repair,Road/Pothole,Medium
Garbage issue needs removal,Garbage,Low
Water issue needs supply,Water,Low
Drainage issue needs cleaning,Drainage,Low
Streetlight issue needs repair,Streetlight,Medium
Pollution issue needs control,Pollution,Low
Road problem needs repair,Road/Pothole,Medium
Garbage problem needs removal,Garbage,Low
Water problem needs supply,Water,Low
Drainage problem needs cleaning,Drainage,Low
Streetlight problem needs repair,Streetlight,Medium
Pollution problem needs control,Pollution,Low
Road repair,Road/Pothole,Low
Garbage removal,Garbage,Low
Water supply,Water,Low
Drain cleaning,Drainage,Low
Streetlight repair,Streetlight,Low
Pollution control,Pollution,Low
Road pothole,Road/Pothole,Low
Garbage overflow,Garbage,Low
Water shortage,Water,Low
Drain blockage,Drainage,Low
Broken streetlight,Streetlight,Medium
Air pollution,Pollution,Low
Road damage,Road/Pothole,Low
Garbage accumulation,Garbage,Low
Water outage,Water,Low
Drain overflow,Drainage,Low
Streetlight outage,Streetlight,Low
Smoke pollution,Pollution,Low
Road repair required,Road/Pothole,Medium
Garbage removal required,Garbage,Low
Water supply required,Water,Low
Drainage cleaning required,Drainage,Low
Streetlight repair required,Streetlight,Medium
Pollution control required,Pollution,Low
Road maintenance required,Road/Pothole,Low
Garbage collection required,Garbage,Low
Water supply required,Water,Low
Drainage maintenance required,Drainage,Low
Streetlight maintenance required,Streetlight,Low
Pollution control required,Pollution,Low
Road complaint,Road/Pothole,Low
Garbage complaint,Garbage,Low
Water complaint,Water,Low
Drainage complaint,Drainage,Low
Streetlight complaint,Streetlight,Low
Pollution complaint,Pollution,Low
Road issue,Road/Pothole,Low
Garbage issue,Garbage,Low
Water issue,Water,Low
Drainage issue,Drainage,Low
Streetlight issue,Streetlight,Low
Pollution issue,Pollution,Low
Road problem,Road/Pothole,Low
Garbage problem,Garbage,Low
Water problem,Water,Low
Drainage problem,Drainage,Low
Streetlight problem,Streetlight,Low
Pollution problem,Pollution,Low
Road complaint from residents,Road/Pothole,Low
Garbage complaint from residents,Garbage,Low
Water complaint from residents,Water,Low
Drainage complaint from residents,Drainage,Low
Streetlight complaint from residents,Streetlight,Low
Pollution complaint from residents,Pollution,Low
Road issue from residents,Road/Pothole,Low
Garbage issue from residents,Garbage,Low
Water issue from residents,Water,Low
Drainage issue from residents,Drainage,Low
Streetlight issue from residents,Streetlight,Low
Pollution issue from residents,Pollution,Low
Road problem from residents,Road/Pothole,Low
Garbage problem from residents,Garbage,Low
Water problem from residents,Water,Low
Drainage problem from residents,Drainage,Low
Streetlight problem from residents,Streetlight,Low
Pollution problem from residents,Pollution,Low
Road complaint from citizens,Road/Pothole,Low
Garbage complaint from citizens,Garbage,Low
Water complaint from citizens,Water,Low
Drainage complaint from citizens,Drainage,Low
Streetlight complaint from citizens,Streetlight,Low
Pollution complaint from citizens,Pollution,Low
Road issue from citizens,Road/Pothole,Low
Garbage issue from citizens,Garbage,Low
Water issue from citizens,Water,Low
Drainage issue from citizens,Drainage,Low
Streetlight issue from citizens,Streetlight,Low
Pollution issue from citizens,Pollution,Low
Road problem from citizens,Road/Pothole,Low
Garbage problem from citizens,Garbage,Low
Water problem from citizens,Water,Low
Drainage problem from citizens,Drainage,Low
Streetlight problem from citizens,Streetlight,Low
Pollution problem from citizens,Pollution,Low
Road complaint from public,Road/Pothole,Low
Garbage complaint from public,Garbage,Low
Water complaint from public,Water,Low
Drainage complaint from public,Drainage,Low
Streetlight complaint from public,Streetlight,Low
Pollution complaint from public,Pollution,Low
Road issue from public,Road/Pothole,Low
Garbage issue from public,Garbage,Low
Water issue from public,Water,Low
Drainage issue from public,Drainage,Low
Streetlight issue from public,Streetlight,Low
Pollution issue from public,Pollution,Low
Road problem from public,Road/Pothole,Low
Garbage problem from public,Garbage,Low
Water problem from public,Water,Low
Drainage problem from public,Drainage,Low
Streetlight problem from public,Streetlight,Low
Pollution problem from public,Pollution,Low
Road complaint near my home,Road/Pothole,Low
Garbage complaint near my home,Garbage,Low
Water complaint near my home,Water,Low
Drainage complaint near my home,Drainage,Low
Streetlight complaint near my home,Streetlight,Low
Pollution complaint near my home,Pollution,Low
Road issue near my home,Road/Pothole,Low
Garbage issue near my home,Garbage,Low
Water issue near my home,Water,Low
Drainage issue near my home,Drainage,Low
Streetlight issue near my home,Streetlight,Low
Pollution issue near my home,Pollution,Low
Road problem near my home,Road/Pothole,Low
Garbage problem near my home,Garbage,Low
Water problem near my home,Water,Low
Drainage problem near my home,Drainage,Low
Streetlight problem near my home,Streetlight,Low
Pollution problem near my home,Pollution,Low
Road complaint near school,Road/Pothole,High
Garbage complaint near school,Garbage,High
Water complaint near school,Water,High
Drainage complaint near school,Drainage,High
Streetlight complaint near school,Streetlight,High
Pollution complaint near school,Pollution,High
Road issue near school,Road/Pothole,High
Garbage issue near school,Garbage,High
Water issue near school,Water,High
Drainage issue near school,Drainage,High
Streetlight issue near school,Streetlight,High
Pollution issue near school,Pollution,High
Road problem near school,Road/Pothole,High
Garbage problem near school,Garbage,High
Water problem near school,Water,High
Drainage problem near school,Drainage,High
Streetlight problem near school,Streetlight,High
Pollution problem near school,Pollution,High
Road complaint near hospital,Road/Pothole,High
Garbage complaint near hospital,Garbage,High
Water complaint near hospital,Water,High
Drainage complaint near hospital,Drainage,High
Streetlight complaint near hospital,Streetlight,High
Pollution complaint near hospital,Pollution,High
Road issue near hospital,Road/Pothole,High
Garbage issue near hospital,Garbage,High
Water issue near hospital,Water,High
Drainage issue near hospital,Drainage,High
Streetlight issue near hospital,Streetlight,High
Pollution issue near hospital,Pollution,High
Road problem near hospital,Road/Pothole,High
Garbage problem near hospital,Garbage,High
Water problem near hospital,Water,High
Drainage problem near hospital,Drainage,High
Streetlight problem near hospital,Streetlight,High
Pollution problem near hospital,Pollution,High
Road complaint near market,Road/Pothole,Low
Garbage complaint near market,Garbage,Low
Water complaint near market,Water,Low
Drainage complaint near market,Drainage,Low
Streetlight complaint near market,Streetlight,Low
Pollution complaint near market,Pollution,Low
Road issue near market,Road/Pothole,Low
Garbage issue near market,Garbage,Low
Water issue near market,Water,Low
Drainage issue near market,Drainage,Low
Streetlight issue near market,Streetlight,Low
Pollution issue near market,Pollution,Low
Road problem near market,Road/Pothole,Low
Garbage problem near market,Garbage,Low
Water problem near market,Water,Low
Drainage problem near market,Drainage,Low
Streetlight problem near market,Streetlight,Low
Pollution problem near market,Pollution,Low
Road complaint near bus stop,Road/Pothole,Low
Garbage complaint near bus stop,Garbage,Low
Water complaint near bus stop,Water,Low
Drainage complaint near bus stop,Drainage,Low
Streetlight complaint near bus stop,Streetlight,Low
Pollution complaint near bus stop,Pollution,Low
Road issue near bus stop,Road/Pothole,Low
Garbage issue near bus stop,Garbage,Low
Water issue near bus stop,Water,Low
Drainage issue near bus stop,Drainage,Low
Streetlight issue near bus stop,Streetlight,Low
Pollution issue near bus stop,Pollution,Low
Road problem near bus stop,Road/Pothole,Low
Garbage problem near bus stop,Garbage,Low
Water problem near bus stop,Water,Low
Drainage problem near bus stop,Drainage,Low
Streetlight problem near bus stop,Streetlight,Low
Pollution problem near bus stop,Pollution,Low
Road complaint near college,Road/Pothole,Low
Garbage complaint near college,Garbage,Low
Water complaint near college,Water,Low
Drainage complaint near college,Drainage,Low
Streetlight complaint near college,Streetlight,Low
Pollution complaint near college,Pollution,Low
Road issue near college,Road/Pothole,Low
Garbage issue near college,Garbage,Low
Water issue near college,Water,Low
Drainage issue near college,Drainage,Low
Streetlight issue near college,Streetlight,Low
Pollution issue near college,Pollution,Low
Road problem near college,Road/Pothole,Low
Garbage problem near college,Garbage,Low
Water problem near college,Water,Low
Drainage problem near college,Drainage,Low
Streetlight problem near college,Streetlight,Low
Pollution problem near college,Pollution,Low
Road complaint in locality,Road/Pothole,Low
Garbage complaint in locality,Garbage,Low
Water complaint in locality,Water,Low
Drainage complaint in locality,Drainage,Low
Streetlight complaint in locality,Streetlight,Low
Pollution complaint in locality,Pollution,Low
Road issue in locality,Road/Pothole,Low
Garbage issue in locality,Garbage,Low
Water issue in locality,Water,Low
Drainage issue in locality,Drainage,Low
Streetlight issue in locality,Streetlight,Low
Pollution issue in locality,Pollution,Low
Road problem in locality,Road/Pothole,Low
Garbage problem in locality,Garbage,Low
Water problem in locality,Water,Low
Drainage problem in locality,Drainage,Low
Streetlight problem in locality,Streetlight,Low
Pollution problem in locality,Pollution,Low
Road complaint in neighborhood,Road/Pothole,Low
Garbage complaint in neighborhood,Garbage,Low
Water complaint in neighborhood,Water,Low
Drainage complaint in neighborhood,Drainage,Low
Streetlight complaint in neighborhood,Streetlight,Low
Pollution complaint in neighborhood,Pollution,Low
Road issue in neighborhood,Road/Pothole,Low
Garbage issue in neighborhood,Garbage,Low
Water issue in neighborhood,Water,Low
Drainage issue in neighborhood,Drainage,Low
Streetlight issue in neighborhood,Streetlight,Low
Pollution issue in neighborhood,Pollution,Low
Road problem in neighborhood,Road/Pothole,Low
Garbage problem in neighborhood,Garbage,Low
Water problem in neighborhood,Water,Low
Drainage problem in neighborhood,Drainage,Low
Streetlight problem in neighborhood,Streetlight,Low
Pollution problem in neighborhood,Pollution,Low
Road complaint in our area,Road/Pothole,Low
Garbage complaint in our area,Garbage,Low
Water complaint in our area,Water,Low
Drainage complaint in our area,Drainage,Low
Streetlight complaint in our area,Streetlight,Low
Pollution complaint in our area,Pollution,Low
Road issue in our area,Road/Pothole,Low
Garbage issue in our area,Garbage,Low
Water issue in our area,Water,Low
Drainage issue in our area,Drainage,Low
Streetlight issue in our area,Streetlight,Low
Pollution issue in our area,Pollution,Low
Road problem in our area,Road/Pothole,Low
Garbage problem in our area,Garbage,Low
Water problem in our area,Water,Low
Drainage problem in our area,Drainage,Low
Streetlight problem in our area,Streetlight,Low
Pollution problem in our area,Pollution,Low
Road complaint in city,Road/Pothole,Low
Garbage complaint in city,Garbage,Low
Water complaint in city,Water,Low
Drainage complaint in city,Drainage,Low
Streetlight complaint in city,Streetlight,Low
Pollution complaint in city,Pollution,Low
Road issue in city,Road/Pothole,Low
Garbage issue in city,Garbage,Low
Water issue in city,Water,Low
Drainage issue in city,Drainage,Low
Streetlight issue in city,Streetlight,Low
Pollution issue in city,Pollution,Low
Road problem in city,Road/Pothole,Low
Garbage problem in city,Garbage,Low
Water problem in city,Water,Low
Drainage problem in city,Drainage,Low
Streetlight problem in city,Streetlight,Low
Pollution problem in city,Pollution,Low
Road complaint in district,Road/Pothole,Low
Garbage complaint in district,Garbage,Low
Water complaint in district,Water,Low
Drainage complaint in district,Drainage,Low
Streetlight complaint in district,Streetlight,Low
Pollution complaint in district,Pollution,Low
Road issue in district,Road/Pothole,Low
Garbage issue in district,Garbage,Low
Water issue in district,Water,Low
Drainage issue in district,Drainage,Low
Streetlight issue in district,Streetlight,Low
Pollution issue in district,Pollution,Low
Road problem in district,Road/Pothole,Low
Garbage problem in district,Garbage,Low
Water problem in district,Water,Low
Drainage problem in district,Drainage,Low
Streetlight problem in district,Streetlight,Low
Pollution problem in district,Pollution,Low
Road maintenance complaint,Road/Pothole,Low
Garbage collection complaint,Garbage,Low
Water supply complaint,Water,Low
Drainage cleaning complaint,Drainage,Low
Streetlight repair complaint,Streetlight,Low
Pollution control complaint,Pollution,Low
Road maintenance issue,Road/Pothole,Low
Garbage collection issue,Garbage,Low
Water supply issue,Water,Low
Drainage cleaning issue,Drainage,Low
Streetlight repair issue,Streetlight,Low
Pollution control issue,Pollution,Low
Road maintenance problem,Road/Pothole,Low
Garbage collection problem,Garbage,Low
Water supply problem,Water,Low
Drainage cleaning problem,Drainage,Low
Streetlight repair problem,Streetlight,Low
Pollution control problem,Pollution,Low
Road maintenance request,Road/Pothole,Low
Garbage collection request,Garbage,Low
Water supply request,Water,Low
Drainage cleaning request,Drainage,Low
Streetlight repair request,Streetlight,Low
Pollution control request,Pollution,Low
Road repair request,Road/Pothole,Low
Garbage removal request,Garbage,Low
Water restoration request,Water,Low
Drainage repair request,Drainage,Low
Streetlight repair request,Streetlight,Low
Pollution control request,Pollution,Low
Road pothole issue,Road/Pothole,Low
Garbage overflow issue,Garbage,Low
Water shortage issue,Water,Low
Drain blockage issue,Drainage,Low
Streetlight failure issue,Streetlight,Low
Air pollution issue,Pollution,Low
Road pothole problem,Road/Pothole,Low
Garbage overflow problem,Garbage,Low
Water shortage problem,Water,Low
Drain blockage problem,Drainage,Low
Streetlight failure problem,Streetlight,Low
Air pollution problem,Pollution,Low
Road pothole complaint,Road/Pothole,Low
Garbage overflow complaint,Garbage,Low
Water shortage complaint,Water,Low
Drain blockage complaint,Drainage,Low
Streetlight failure complaint,Streetlight,Low
Air pollution complaint,Pollution,Low
Road pothole request,Road/Pothole,Low
Garbage overflow request,Garbage,Low
Water shortage request,Water,Low
Drain blockage request,Drainage,Low
Streetlight failure request,Streetlight,Low
Air pollution request,Pollution,Low
Road pothole repair,Road/Pothole,Low
Garbage overflow removal,Garbage,Low
Water shortage restoration,Water,Low
Drain blockage cleaning,Drainage,Low
Streetlight failure repair,Streetlight,Low
Air pollution control,Pollution,Low
Road pothole maintenance,Road/Pothole,Low
Garbage overflow management,Garbage,Low
Water shortage management,Water,Low
Drain blockage management,Drainage,Low
Streetlight failure management,Streetlight,Low
Air pollution management,Pollution,Low
Road pothole problem needs attention,Road/Pothole,Low
Garbage overflow problem needs attention,Garbage,Low
Water shortage problem needs attention,Water,Low
Drain blockage problem needs attention,Drainage,Low
Streetlight failure problem needs attention,Streetlight,Low
Air pollution problem needs attention,Pollution,Low
Road pothole problem needs repair,Road/Pothole,Medium
Garbage overflow problem needs removal,Garbage,Low
Water shortage problem needs supply,Water,Low
Drain blockage problem needs cleaning,Drainage,Low
Streetlight failure problem needs repair,Streetlight,Medium
Air pollution problem needs control,Pollution,Low
Road pothole complaint needs repair,Road/Pothole,Medium
Garbage overflow complaint needs removal,Garbage,Low
Water shortage complaint needs supply,Water,Low
Drain blockage complaint needs cleaning,Drainage,Low
Streetlight failure complaint needs repair,Streetlight,Medium
Air pollution complaint needs control,Pollution,Low
Road pothole issue needs repair,Road/Pothole,Medium
Garbage overflow issue needs removal,Garbage,Low
Water shortage issue needs supply,Water,Low
Drain blockage issue needs cleaning,Drainage,Low
Streetlight failure issue needs repair,Streetlight,Medium
Air pollution issue needs control,Pollution,Low
Road pothole request needs repair,Road/Pothole,Medium
Garbage overflow request needs removal,Garbage,Low
Water shortage request needs supply,Water,Low
Drain blockage request needs cleaning,Drainage,Low
Streetlight failure request needs repair,Streetlight,Medium
Air pollution request needs control,Pollution,Low
Road pothole is blocking traffic,Road/Pothole,Low
Garbage overflow is blocking road,Garbage,Low
Water shortage is affecting households,Water,Low
Drain blockage is causing waterlogging,Drainage,Low
Streetlight failure is causing darkness,Streetlight,Low
Air pollution is affecting residents,Pollution,Low
Road potholes are causing vehicle damage,Road/Pothole,Low
Garbage overflow is attracting insects,Garbage,Low
Water shortage is affecting daily activities,Water,Low
Drain blockage is causing dirty water,Drainage,Low
Streetlight failure is reducing visibility,Streetlight,Low
Air pollution is reducing air quality,Pollution,Low
Road potholes are causing accidents,Road/Pothole,Critical
Garbage overflow is causing bad smell,Garbage,Medium
Water shortage is causing difficulties,Water,Low
Drain blockage is causing flooding,Drainage,High
Streetlight failure is causing safety concerns,Streetlight,Low
Air pollution is causing breathing problems,Pollution,Low
Road potholes are affecting traffic,Road/Pothole,Low
Garbage overflow is affecting cleanliness,Garbage,Low
Water shortage is affecting residents,Water,Low
Drain blockage is affecting residents,Drainage,Low
Streetlight failure is affecting pedestrians,Streetlight,Low
Air pollution is affecting people,Pollution,Low
Road damage is affecting traffic,Road/Pothole,Low
Garbage accumulation is affecting cleanliness,Garbage,Low
Water outage is affecting residents,Water,Low
Drain overflow is affecting residents,Drainage,Low
Streetlight outage is affecting pedestrians,Streetlight,Low
Smoke pollution is affecting people,Pollution,Low
Road maintenance is needed urgently,Road/Pothole,Low
Garbage collection is needed urgently,Garbage,Low
Water supply is needed urgently,Water,Low
Drainage cleaning is needed urgently,Drainage,Low
Streetlight repair is needed urgently,Streetlight,Low
Pollution control is needed urgently,Pollution,Low
Road repair is needed urgently,Road/Pothole,Low
Garbage removal is needed urgently,Garbage,Low
Water restoration is needed urgently,Water,Low
Drainage repair is needed urgently,Drainage,Low
Streetlight repair is needed urgently,Streetlight,Low
Pollution control is needed urgently,Pollution,Low
Road issue requires urgent municipal action,Road/Pothole,Low
Garbage issue requires urgent municipal action,Garbage,Low
Water issue requires urgent municipal action,Water,Low
Drainage issue requires urgent municipal action,Drainage,Low
Streetlight issue requires urgent municipal action,Streetlight,Low
Pollution issue requires urgent municipal action,Pollution,Low
Road complaint requires urgent municipal action,Road/Pothole,Low
Garbage complaint requires urgent municipal action,Garbage,Low
Water complaint requires urgent municipal action,Water,Low
Drainage complaint requires urgent municipal action,Drainage,Low
Streetlight complaint requires urgent municipal action,Streetlight,Low
Pollution complaint requires urgent municipal action,Pollution,Low
Road problem requires urgent municipal action,Road/Pothole,Low
Garbage problem requires urgent municipal action,Garbage,Low
Water problem requires urgent municipal action,Water,Low
Drainage problem requires urgent municipal action,Drainage,Low
Streetlight problem requires urgent municipal action,Streetlight,Low
Pollution problem requires urgent municipal action,Pollution,Low
Road complaint requires urgent government action,Road/Pothole,Low
Garbage complaint requires urgent government action,Garbage,Low
Water complaint requires urgent government action,Water,Low
Drainage complaint requires urgent government action,Drainage,Low
Streetlight complaint requires urgent government action,Streetlight,Low
Pollution complaint requires urgent government action,Pollution,Low
Road issue requires urgent government action,Road/Pothole,Low
Garbage issue requires urgent government action,Garbage,Low
Water issue requires urgent government action,Water,Low
Drainage issue requires urgent government action,Drainage,Low
Streetlight issue requires urgent government action,Streetlight,Low
Pollution issue requires urgent government action,Pollution,Low
Road problem requires urgent government action,Road/Pothole,Low
Garbage problem requires urgent government action,Garbage,Low
Water problem requires urgent government action,Water,Low
Drainage problem requires urgent government action,Drainage,Low
Streetlight problem requires urgent government action,Streetlight,Low
Pollution problem requires urgent government action,Pollution,Low
Road complaint requires urgent authority action,Road/Pothole,Low
Garbage complaint requires urgent authority action,Garbage,Low
Water complaint requires urgent authority action,Water,Low
Drainage complaint requires urgent authority action,Drainage,Low
Streetlight complaint requires urgent authority action,Streetlight,Low
Pollution complaint requires urgent authority action,Pollution,Low
Road issue requires urgent authority action,Road/Pothole,Low
Garbage issue requires urgent authority action,Garbage,Low
Water issue requires urgent authority action,Water,Low
Drainage issue requires urgent authority action,Drainage,Low
Streetlight issue requires urgent authority action,Streetlight,Low
Pollution issue requires urgent authority action,Pollution,Low
Road problem requires urgent authority action,Road/Pothole,Low
Garbage problem requires urgent authority action,Garbage,Low
Water problem requires urgent authority action,Water,Low
Drainage problem requires urgent authority action,Drainage,Low
Streetlight problem requires urgent authority action,Streetlight,Low
Pollution problem requires urgent authority action,Pollution,Low
Road complaint requires urgent civic action,Road/Pothole,Low
Garbage complaint requires urgent civic action,Garbage,Low
Water complaint requires urgent civic action,Water,Low
Drainage complaint requires urgent civic action,Drainage,Low
Streetlight complaint requires urgent civic action,Streetlight,Low
Pollution complaint requires urgent civic action,Pollution,Low
Road issue requires urgent civic action,Road/Pothole,Low
Garbage issue requires urgent civic action,Garbage,Low
Water issue requires urgent civic action,Water,Low
Drainage issue requires urgent civic action,Drainage,Low
Streetlight issue requires urgent civic action,Streetlight,Low
Pollution issue requires urgent civic action,Pollution,Low
Road problem requires urgent civic action,Road/Pothole,Low
Garbage problem requires urgent civic action,Garbage,Low
Water problem requires urgent civic action,Water,Low
Drainage problem requires urgent civic action,Drainage,Low
Streetlight problem requires urgent civic action,Streetlight,Low
Pollution problem requires urgent civic action,Pollution,Low
Road complaint requires urgent response,Road/Pothole,Low
Garbage complaint requires urgent response,Garbage,Low
Water complaint requires urgent response,Water,Low
Drainage complaint requires urgent response,Drainage,Low
Streetlight complaint requires urgent response,Streetlight,Low
Pollution complaint requires urgent response,Pollution,Low
Road issue requires urgent response,Road/Pothole,Low
Garbage issue requires urgent response,Garbage,Low
Water issue requires urgent response,Water,Low
Drainage issue requires urgent response,Drainage,Low
Streetlight issue requires urgent response,Streetlight,Low
Pollution issue requires urgent response,Pollution,Low
Road problem requires urgent response,Road/Pothole,Low
Garbage problem requires urgent response,Garbage,Low
Water problem requires urgent response,Water,Low
Drainage problem requires urgent response,Drainage,Low
Streetlight problem requires urgent response,Streetlight,Low
Pollution problem requires urgent response,Pollution,Low
Road complaint needs quick response,Road/Pothole,Low
Garbage complaint needs quick response,Garbage,Low
Water complaint needs quick response,Water,Low
Drainage complaint needs quick response,Drainage,Low
Streetlight complaint needs quick response,Streetlight,Low
Pollution complaint needs quick response,Pollution,Low
Road issue needs quick response,Road/Pothole,Low
Garbage issue needs quick response,Garbage,Low
Water issue needs quick response,Water,Low
Drainage issue needs quick response,Drainage,Low
Streetlight issue needs quick response,Streetlight,Low
Pollution issue needs quick response,Pollution,Low
Road problem needs quick response,Road/Pothole,Low
Garbage problem needs quick response,Garbage,Low
Water problem needs quick response,Water,Low
Drainage problem needs quick response,Drainage,Low
Streetlight problem needs quick response,Streetlight,Low
Pollution problem needs quick response,Pollution,Low
Road complaint needs prompt response,Road/Pothole,Low
Garbage complaint needs prompt response,Garbage,Low
Water complaint needs prompt response,Water,Low
Drainage complaint needs prompt response,Drainage,Low
Streetlight complaint needs prompt response,Streetlight,Low
Pollution complaint needs prompt response,Pollution,Low
Road issue needs prompt response,Road/Pothole,Low
Garbage issue needs prompt response,Garbage,Low
Water issue needs prompt response,Water,Low
Drainage issue needs prompt response,Drainage,Low
Streetlight issue needs prompt response,Streetlight,Low
Pollution issue needs prompt response,Pollution,Low
Road problem needs prompt response,Road/Pothole,Low
Garbage problem needs prompt response,Garbage,Low
Water problem needs prompt response,Water,Low
Drainage problem needs prompt response,Drainage,Low
Streetlight problem needs prompt response,Streetlight,Low
Pollution problem needs prompt response,Pollution,Low
Road complaint needs timely response,Road/Pothole,Low
Garbage complaint needs timely response,Garbage,Low
Water complaint needs timely response,Water,Low
Drainage complaint needs timely response,Drainage,Low
Streetlight complaint needs timely response,Streetlight,Low
Pollution complaint needs timely response,Pollution,Low
Road issue needs timely response,Road/Pothole,Low
Garbage issue needs timely response,Garbage,Low
Water issue needs timely response,Water,Low
Drainage issue needs timely response,Drainage,Low
Streetlight issue needs timely response,Streetlight,Low
Pollution issue needs timely response,Pollution,Low
Road problem needs timely response,Road/Pothole,Low
Garbage problem needs timely response,Garbage,Low
Water problem needs timely response,Water,Low
Drainage problem needs timely response,Drainage,Low
Streetlight problem needs timely response,Streetlight,Low
Pollution problem needs timely response,Pollution,Low
Road complaint needs immediate response,Road/Pothole,Low
Garbage complaint needs immediate response,Garbage,Low
Water complaint needs immediate response,Water,Low
Drainage complaint needs immediate response,Drainage,Low
Streetlight complaint needs immediate response,Streetlight,Low
Pollution complaint needs immediate response,Pollution,Low
Road issue needs immediate response,Road/Pothole,Low
Garbage issue needs immediate response,Garbage,Low
Water issue needs immediate response,Water,Low
Drainage issue needs immediate response,Drainage,Low
Streetlight issue needs immediate response,Streetlight,Low
Pollution issue needs immediate response,Pollution,Low
Road problem needs immediate response,Road/Pothole,Low
Garbage problem needs immediate response,Garbage,Low
Water problem needs immediate response,Water,Low
Drainage problem needs immediate response,Drainage,Low
Streetlight problem needs immediate response,Streetlight,Low
Pollution problem needs immediate response,Pollution,Low
Road complaint needs attention today,Road/Pothole,Low
Garbage complaint needs attention today,Garbage,Low
Water complaint needs attention today,Water,Low
Drainage complaint needs attention today,Drainage,Low
Streetlight complaint needs attention today,Streetlight,Low
Pollution complaint needs attention today,Pollution,Low
Road issue needs attention today,Road/Pothole,Low
Garbage issue needs attention today,Garbage,Low
Water issue needs attention today,Water,Low
Drainage issue needs attention today,Drainage,Low
Streetlight issue needs attention today,Streetlight,Low
Pollution issue needs attention today,Pollution,Low
Road problem needs attention today,Road/Pothole,Low
Garbage problem needs attention today,Garbage,Low
Water problem needs attention today,Water,Low
Drainage problem needs attention today,Drainage,Low
Streetlight problem needs attention today,Streetlight,Low
Pollution problem needs attention today,Pollution,Low
Road complaint needs attention immediately,Road/Pothole,Low
Garbage complaint needs attention immediately,Garbage,Low
Water complaint needs attention immediately,Water,Low
Drainage complaint needs attention immediately,Drainage,Low
Streetlight complaint needs attention immediately,Streetlight,Low
Pollution complaint needs attention immediately,Pollution,Low
Road issue needs attention immediately,Road/Pothole,Low
Garbage issue needs attention immediately,Garbage,Low
Water issue needs attention immediately,Water,Low
Drainage issue needs attention immediately,Drainage,Low
Streetlight issue needs attention immediately,Streetlight,Low
Pollution issue needs attention immediately,Pollution,Low
Road problem needs attention immediately,Road/Pothole,Low
Garbage problem needs attention immediately,Garbage,Low
Water problem needs attention immediately,Water,Low
Drainage problem needs attention immediately,Drainage,Low
Streetlight problem needs attention immediately,Streetlight,Low
Pollution problem needs attention immediately,Pollution,Low
Road complaint needs action now,Road/Pothole,Low
Garbage complaint needs action now,Garbage,Low
Water complaint needs action now,Water,Low
Drainage complaint needs action now,Drainage,Low
Streetlight complaint needs action now,Streetlight,Low
Pollution complaint needs action now,Pollution,Low
Road issue needs action now,Road/Pothole,Low
Garbage issue needs action now,Garbage,Low
Water issue needs action now,Water,Low
Drainage issue needs action now,Drainage,Low
Streetlight issue needs action now,Streetlight,Low
Pollution issue needs action now,Pollution,Low
Road problem needs action now,Road/Pothole,Low
Garbage problem needs action now,Garbage,Low
Water problem needs action now,Water,Low
Drainage problem needs action now,Drainage,Low
Streetlight problem needs action now,Streetlight,Low
Pollution problem needs action now,Pollution,Low
Road complaint needs repair now,Road/Pothole,Medium
Garbage complaint needs removal now,Garbage,Low
Water complaint needs supply now,Water,Low
Drainage complaint needs cleaning now,Drainage,Low
Streetlight complaint needs repair now,Streetlight,Medium
Pollution complaint needs control now,Pollution,Low
Road issue needs repair now,Road/Pothole,Medium
Garbage issue needs removal now,Garbage,Low
Water issue needs supply now,Water,Low
Drainage issue needs cleaning now,Drainage,Low
Streetlight issue needs repair now,Streetlight,Medium
Pollution issue needs control now,Pollution,Low
Road problem needs repair now,Road/Pothole,Medium
Garbage problem needs removal now,Garbage,Low
Water problem needs supply now,Water,Low
Drainage problem needs cleaning now,Drainage,Low
Streetlight problem needs repair now,Streetlight,Medium
Pollution problem needs control now,Pollution,Low
Road complaint needs immediate repair,Road/Pothole,Low
Garbage complaint needs immediate removal,Garbage,Low
Water complaint needs immediate supply,Water,Low
Drainage complaint needs immediate cleaning,Drainage,Low
Streetlight complaint needs immediate repair,Streetlight,Low
Pollution complaint needs immediate control,Pollution,Low
Road issue needs immediate repair,Road/Pothole,Low
Garbage issue needs immediate removal,Garbage,Low
Water issue needs immediate supply,Water,Low
Drainage issue needs immediate cleaning,Drainage,Low
Streetlight issue needs immediate repair,Streetlight,Low
Pollution issue needs immediate control,Pollution,Low
Road problem needs immediate repair,Road/Pothole,Low
Garbage problem needs immediate removal,Garbage,Low
Water problem needs immediate supply,Water,Low
Drainage problem needs immediate cleaning,Drainage,Low
Streetlight problem needs immediate repair,Streetlight,Low
Pollution problem needs immediate control,Pollution,Low
Road complaint requires immediate repair,Road/Pothole,Low
Garbage complaint requires immediate removal,Garbage,Low
Water complaint requires immediate supply,Water,Low
Drainage complaint requires immediate cleaning,Drainage,Low
Streetlight complaint requires immediate repair,Streetlight,Low
Pollution complaint requires immediate control,Pollution,Low
Road issue requires immediate repair,Road/Pothole,Low
Garbage issue requires immediate removal,Garbage,Low
Water issue requires immediate supply,Water,Low
Drainage issue requires immediate cleaning,Drainage,Low
Streetlight issue requires immediate repair,Streetlight,Low
Pollution issue requires immediate control,Pollution,Low
Road problem requires immediate repair,Road/Pothole,Low
Garbage problem requires immediate removal,Garbage,Low
Water problem requires immediate supply,Water,Low
Drainage problem requires immediate cleaning,Drainage,Low
Streetlight problem requires immediate repair,Streetlight,Low
Pollution problem requires immediate control,Pollution,Low
Road complaint requires urgent repair,Road/Pothole,Low
Garbage complaint requires urgent removal,Garbage,Low
Water complaint requires urgent supply,Water,Low
Drainage complaint requires urgent cleaning,Drainage,Low
Streetlight complaint requires urgent repair,Streetlight,Low
Pollution complaint requires urgent control,Pollution,Low
Road issue requires urgent repair,Road/Pothole,Low
Garbage issue requires urgent removal,Garbage,Low
Water issue requires urgent supply,Water,Low
Drainage issue requires urgent cleaning,Drainage,Low
Streetlight issue requires urgent repair,Streetlight,Low
Pollution issue requires urgent control,Pollution,Low
Road problem requires urgent repair,Road/Pothole,Low
Garbage problem requires urgent removal,Garbage,Low
Water problem requires urgent supply,Water,Low
Drainage problem requires urgent cleaning,Drainage,Low
Streetlight problem requires urgent repair,Streetlight,Low
Pollution problem requires urgent control,Pollution,Low
Road complaint needs immediate action,Road/Pothole,Low
Garbage complaint needs immediate action,Garbage,Low
Water complaint needs immediate action,Water,Low
Drainage complaint needs immediate action,Drainage,Low
Streetlight complaint needs immediate action,Streetlight,Low
Pollution complaint needs immediate action,Pollution,Low
Road issue needs immediate action,Road/Pothole,Low
Garbage issue needs immediate action,Garbage,Low
Water issue needs immediate action,Water,Low
Drainage issue needs immediate action,Drainage,Low
Streetlight issue needs immediate action,Streetlight,Low
Pollution issue needs immediate action,Pollution,Low
Road problem needs immediate action,Road/Pothole,Low
Garbage problem needs immediate action,Garbage,Low
Water problem needs immediate action,Water,Low
Drainage problem needs immediate action,Drainage,Low
Streetlight problem needs immediate action,Streetlight,Low
Pollution problem needs immediate action,Pollution,Low
Road complaint requires immediate action,Road/Pothole,Low
Garbage complaint requires immediate action,Garbage,Low
Water complaint requires immediate action,Water,Low
Drainage complaint requires immediate action,Drainage,Low
Streetlight complaint requires immediate action,Streetlight,Low
Pollution complaint requires immediate action,Pollution,Low
Road issue requires immediate action,Road/Pothole,Low
Garbage issue requires immediate action,Garbage,Low
Water issue requires immediate action,Water,Low
Drainage issue requires immediate action,Drainage,Low
Streetlight issue requires immediate action,Streetlight,Low
Pollution issue requires immediate action,Pollution,Low
Road problem requires immediate action,Road/Pothole,Low
Garbage problem requires immediate action,Garbage,Low
Water problem requires immediate action,Water,Low
Drainage problem requires immediate action,Drainage,Low
Streetlight problem requires immediate action,Streetlight,Low
Pollution problem requires immediate action,Pollution,Low
Road complaint needs urgent action,Road/Pothole,Low
Garbage complaint needs urgent action,Garbage,Low
Water complaint needs urgent action,Water,Low
Drainage complaint needs urgent action,Drainage,Low
Streetlight complaint needs urgent action,Streetlight,Low
Pollution complaint needs urgent action,Pollution,Low
Road issue needs urgent action,Road/Pothole,Low
Garbage issue needs urgent action,Garbage,Low
Water issue needs urgent action,Water,Low
Drainage issue needs urgent action,Drainage,Low
Streetlight issue needs urgent action,Streetlight,Low
Pollution issue needs urgent action,Pollution,Low
Road problem needs urgent action,Road/Pothole,Low
Garbage problem needs urgent action,Garbage,Low
Water problem needs urgent action,Water,Low
Drainage problem needs urgent action,Drainage,Low
Streetlight problem needs urgent action,Streetlight,Low
Pollution problem needs urgent action,Pollution,Low
Road complaint needs urgent attention,Road/Pothole,Low
Garbage complaint needs urgent attention,Garbage,Low
Water complaint needs urgent attention,Water,Low
Drainage complaint needs urgent attention,Drainage,Low
Streetlight complaint needs urgent attention,Streetlight,Low
Pollution complaint needs urgent attention,Pollution,Low
Road issue needs urgent attention,Road/Pothole,Low
Garbage issue needs urgent attention,Garbage,Low
Water issue needs urgent attention,Water,Low
Drainage issue needs urgent attention,Drainage,Low
Streetlight issue needs urgent attention,Streetlight,Low
Pollution issue needs urgent attention,Pollution,Low
Road problem needs urgent attention,Road/Pothole,Low
Garbage problem needs urgent attention,Garbage,Low
Water problem needs urgent attention,Water,Low
Drainage problem needs urgent attention,Drainage,Low
Streetlight problem needs urgent attention,Streetlight,Low
Pollution problem needs urgent attention,Pollution,Low
Road complaint needs urgent response,Road/Pothole,Low
Garbage complaint needs urgent response,Garbage,Low
Water complaint needs urgent response,Water,Low
Drainage complaint needs urgent response,Drainage,Low
Streetlight complaint needs urgent response,Streetlight,Low
Pollution complaint needs urgent response,Pollution,Low
Road issue needs urgent response,Road/Pothole,Low
Garbage issue needs urgent response,Garbage,Low
Water issue needs urgent response,Water,Low
Drainage issue needs urgent response,Drainage,Low
Streetlight issue needs urgent response,Streetlight,Low
Pollution issue needs urgent response,Pollution,Low
Road problem needs urgent response,Road/Pothole,Low
Garbage problem needs urgent response,Garbage,Low
Water problem needs urgent response,Water,Low
Drainage problem needs urgent response,Drainage,Low
Streetlight problem needs urgent response,Streetlight,Low
Pollution problem needs urgent response,Pollution,Low
Road complaint needs immediate help,Road/Pothole,Low
Garbage complaint needs immediate help,Garbage,Low
Water complaint needs immediate help,Water,Low
Drainage complaint needs immediate help,Drainage,Low
Streetlight complaint needs immediate help,Streetlight,Low
Pollution complaint needs immediate help,Pollution,Low
Road issue needs immediate help,Road/Pothole,Low
Garbage issue needs immediate help,Garbage,Low
Water issue needs immediate help,Water,Low
Drainage issue needs immediate help,Drainage,Low
Streetlight issue needs immediate help,Streetlight,Low
Pollution issue needs immediate help,Pollution,Low
Road problem needs immediate help,Road/Pothole,Low
Garbage problem needs immediate help,Garbage,Low
Water problem needs immediate help,Water,Low
Drainage problem needs immediate help,Drainage,Low
Streetlight problem needs immediate help,Streetlight,Low
Pollution problem needs immediate help,Pollution,Low
Road complaint needs urgent help,Road/Pothole,Low
Garbage complaint needs urgent help,Garbage,Low
Water complaint needs urgent help,Water,Low
Drainage complaint needs urgent help,Drainage,Low
Streetlight complaint needs urgent help,Streetlight,Low
Pollution complaint needs urgent help,Pollution,Low
Road issue needs urgent help,Road/Pothole,Low
Garbage issue needs urgent help,Garbage,Low
Water issue needs urgent help,Water,Low
Drainage issue needs urgent help,Drainage,Low
Streetlight issue needs urgent help,Streetlight,Low
Pollution issue needs urgent help,Pollution,Low
Road problem needs urgent help,Road/Pothole,Low
Garbage problem needs urgent help,Garbage,Low
Water problem needs urgent help,Water,Low
Drainage problem needs urgent help,Drainage,Low
Streetlight problem needs urgent help,Streetlight,Low
Pollution problem needs urgent help,Pollution,Low
Road complaint needs support,Road/Pothole,Low
Garbage complaint needs support,Garbage,Low
Water complaint needs support,Water,Low
Drainage complaint needs support,Drainage,Low
Streetlight complaint needs support,Streetlight,Low
Pollution complaint needs support,Pollution,Low
Road issue needs support,Road/Pothole,Low
Garbage issue needs support,Garbage,Low
Water issue needs support,Water,Low
Drainage issue needs support,Drainage,Low
Streetlight issue needs support,Streetlight,Low
Pollution issue needs support,Pollution,Low
Road problem needs support,Road/Pothole,Low
Garbage problem needs support,Garbage,Low
Water problem needs support,Water,Low
Drainage problem needs support,Drainage,Low
Streetlight problem needs support,Streetlight,Low
Pollution problem needs support,Pollution,Low
Road complaint needs assistance,Road/Pothole,Low
Garbage complaint needs assistance,Garbage,Low
Water complaint needs assistance,Water,Low
Drainage complaint needs assistance,Drainage,Low
Streetlight complaint needs assistance,Streetlight,Low
Pollution complaint needs assistance,Pollution,Low
Road issue needs assistance,Road/Pothole,Low
Garbage issue needs assistance,Garbage,Low
Water issue needs assistance,Water,Low
Drainage issue needs assistance,Drainage,Low
Streetlight issue needs assistance,Streetlight,Low
Pollution issue needs assistance,Pollution,Low
Road problem needs assistance,Road/Pothole,Low
Garbage problem needs assistance,Garbage,Low
Water problem needs assistance,Water,Low
Drainage problem needs assistance,Drainage,Low
Streetlight problem needs assistance,Streetlight,Low
Pollution problem needs assistance,Pollution,Low
Road complaint needs help,Road/Pothole,Low
Garbage complaint needs help,Garbage,Low
Water complaint needs help,Water,Low
Drainage complaint needs help,Drainage,Low
Streetlight complaint needs help,Streetlight,Low
Pollution complaint needs help,Pollution,Low
Road issue needs help,Road/Pothole,Low
Garbage issue needs help,Garbage,Low
Water issue needs help,Water,Low
Drainage issue needs help,Drainage,Low
Streetlight issue needs help,Streetlight,Low
Pollution issue needs help,Pollution,Low
Road problem needs help,Road/Pothole,Low
Garbage problem needs help,Garbage,Low
Water problem needs help,Water,Low
Drainage problem needs help,Drainage,Low
Streetlight problem needs help,Streetlight,Low
Pollution problem needs help,Pollution,Low
Road complaint needs support,Road/Pothole,Low
Garbage complaint needs support,Garbage,Low
Water complaint needs support,Water,Low
Drainage complaint needs support,Drainage,Low
Streetlight complaint needs support,Streetlight,Low
Pollution complaint needs support,Pollution,Low
Road issue needs support,Road/Pothole,Low
Garbage issue needs support,Garbage,Low
Water issue needs support,Water,Low
Drainage issue needs support,Drainage,Low
Streetlight issue needs support,Streetlight,Low
Pollution issue needs support,Pollution,Low
Road problem needs support,Road/Pothole,Low
Garbage problem needs support,Garbage,Low
Water problem needs support,Water,Low
Drainage problem needs support,Drainage,Low
Streetlight problem needs support,Streetlight,Low
Pollution problem needs support,Pollution,Low
Road complaint needs assistance,Road/Pothole,Low
Garbage complaint needs assistance,Garbage,Low
Water complaint needs assistance,Water,Low
Drainage complaint needs assistance,Drainage,Low
Streetlight complaint needs assistance,Streetlight,Low
Pollution complaint needs assistance,Pollution,Low
Road issue needs assistance,Road/Pothole,Low
Garbage issue needs assistance,Garbage,Low
Water issue needs assistance,Water,Low
Drainage issue needs assistance,Drainage,Low
Streetlight issue needs assistance,Streetlight,Low
Pollution issue needs assistance,Pollution,Low
Road problem needs assistance,Road/Pothole,Low
Garbage problem needs assistance,Garbage,Low
Water problem needs assistance,Water,Low
Drainage problem needs assistance,Drainage,Low
Streetlight problem needs assistance,Streetlight,Low
Pollution problem needs assistance,Pollution,Low
Road complaint needs help,Road/Pothole,Low
Garbage complaint needs help,Garbage,Low
Water complaint needs help,Water,Low
Drainage complaint needs help,Drainage,Low
Streetlight complaint needs help,Streetlight,Low
Pollution complaint needs help,Pollution,Low
Road issue needs help,Road/Pothole,Low
Garbage issue needs help,Garbage,Low
Water issue needs help,Water,Low
Drainage issue needs help,Drainage,Low
Streetlight issue needs help,Streetlight,Low
Pollution issue needs help,Pollution,Low
Road problem needs help,Road/Pothole,Low
Garbage problem needs help,Garbage,Low
Water problem needs help,Water,Low
Drainage problem needs help,Drainage,Low
Streetlight problem needs help,Streetlight,Low
Pollution problem needs help,Pollution,Low
Road complaint needs solution,Road/Pothole,Low
Garbage complaint needs solution,Garbage,Low
Water complaint needs solution,Water,Low
Drainage complaint needs solution,Drainage,Low
Streetlight complaint needs solution,Streetlight,Low
Pollution complaint needs solution,Pollution,Low
Road issue needs solution,Road/Pothole,Low
Garbage issue needs solution,Garbage,Low
Water issue needs solution,Water,Low
Drainage issue needs solution,Drainage,Low
Streetlight issue needs solution,Streetlight,Low
Pollution issue needs solution,Pollution,Low
Road problem needs solution,Road/Pothole,Low
Garbage problem needs solution,Garbage,Low
Water problem needs solution,Water,Low
Drainage problem needs solution,Drainage,Low
Streetlight problem needs solution,Streetlight,Low
Pollution problem needs solution,Pollution,Low
Road complaint needs correction,Road/Pothole,Low
Garbage complaint needs correction,Garbage,Low
Water complaint needs correction,Water,Low
Drainage complaint needs correction,Drainage,Low
Streetlight complaint needs correction,Streetlight,Low
Pollution complaint needs correction,Pollution,Low
Road issue needs correction,Road/Pothole,Low
Garbage issue needs correction,Garbage,Low
Water issue needs correction,Water,Low
Drainage issue needs correction,Drainage,Low
Streetlight issue needs correction,Streetlight,Low
Pollution issue needs correction,Pollution,Low
Road problem needs correction,Road/Pothole,Low
Garbage problem needs correction,Garbage,Low
Water problem needs correction,Water,Low
Drainage problem needs correction,Drainage,Low
Streetlight problem needs correction,Streetlight,Low
Pollution problem needs correction,Pollution,Low
Road complaint needs improvement,Road/Pothole,Low
Garbage complaint needs improvement,Garbage,Low
Water complaint needs improvement,Water,Low
Drainage complaint needs improvement,Drainage,Low
Streetlight complaint needs improvement,Streetlight,Low
Pollution complaint needs improvement,Pollution,Low
Road issue needs improvement,Road/Pothole,Low
Garbage issue needs improvement,Garbage,Low
Water issue needs improvement,Water,Low
Drainage issue needs improvement,Drainage,Low
Streetlight issue needs improvement,Streetlight,Low
Pollution issue needs improvement,Pollution,Low
Road problem needs improvement,Road/Pothole,Low
Garbage problem needs improvement,Garbage,Low
Water problem needs improvement,Water,Low
Drainage problem needs improvement,Drainage,Low
Streetlight problem needs improvement,Streetlight,Low
Pollution problem needs improvement,Pollution,Low
Road complaint requires improvement,Road/Pothole,Low
Garbage complaint requires improvement,Garbage,Low
Water complaint requires improvement,Water,Low
Drainage complaint requires improvement,Drainage,Low
Streetlight complaint requires improvement,Streetlight,Low
Pollution complaint requires improvement,Pollution,Low
Road issue requires improvement,Road/Pothole,Low
Garbage issue requires improvement,Garbage,Low
Water issue requires improvement,Water,Low
Drainage issue requires improvement,Drainage,Low
Streetlight issue requires improvement,Streetlight,Low
Pollution issue requires improvement,Pollution,Low
Road problem requires improvement,Road/Pothole,Low
Garbage problem requires improvement,Garbage,Low
Water problem requires improvement,Water,Low
Drainage problem requires improvement,Drainage,Low
Streetlight problem requires improvement,Streetlight,Low
Pollution problem requires improvement,Pollution,Low
Road complaint needs monitoring,Road/Pothole,Low
Garbage complaint needs monitoring,Garbage,Low
Water complaint needs monitoring,Water,Low
Drainage complaint needs monitoring,Drainage,Low
Streetlight complaint needs monitoring,Streetlight,Low
Pollution complaint needs monitoring,Pollution,Low
Road issue needs monitoring,Road/Pothole,Low
Garbage issue needs monitoring,Garbage,Low
Water issue needs monitoring,Water,Low
Drainage issue needs monitoring,Drainage,Low
Streetlight issue needs monitoring,Streetlight,Low
Pollution issue needs monitoring,Pollution,Low
Road problem needs monitoring,Road/Pothole,Low
Garbage problem needs monitoring,Garbage,Low
Water problem needs monitoring,Water,Low
Drainage problem needs monitoring,Drainage,Low
Streetlight problem needs monitoring,Streetlight,Low
Pollution problem needs monitoring,Pollution,Low
Road complaint needs tracking,Road/Pothole,Low
Garbage complaint needs tracking,Garbage,Low
Water complaint needs tracking,Water,Low
Drainage complaint needs tracking,Drainage,Low
Streetlight complaint needs tracking,Streetlight,Low
Pollution complaint needs tracking,Pollution,Low
Road issue needs tracking,Road/Pothole,Low
Garbage issue needs tracking,Garbage,Low
Water issue needs tracking,Water,Low
Drainage issue needs tracking,Drainage,Low
Streetlight issue needs tracking,Streetlight,Low
Pollution issue needs tracking,Pollution,Low
Road problem needs tracking,Road/Pothole,Low
Garbage problem needs tracking,Garbage,Low
Water problem needs tracking,Water,Low
Drainage problem needs tracking,Drainage,Low
Streetlight problem needs tracking,Streetlight,Low
Pollution problem needs tracking,Pollution,Low
Road complaint needs status,Road/Pothole,Low
Garbage complaint needs status,Garbage,Low
Water complaint needs status,Water,Low
Drainage complaint needs status,Drainage,Low
Streetlight complaint needs status,Streetlight,Low
Pollution complaint needs status,Pollution,Low
Road issue needs status,Road/Pothole,Low
Garbage issue needs status,Garbage,Low
Water issue needs status,Water,Low
Drainage issue needs status,Drainage,Low
Streetlight issue needs status,Streetlight,Low
Pollution issue needs status,Pollution,Low
Road problem needs status,Road/Pothole,Low
Garbage problem needs status,Garbage,Low
Water problem needs status,Water,Low
Drainage problem needs status,Drainage,Low
Streetlight problem needs status,Streetlight,Low
Pollution problem needs status,Pollution,Low
Road complaint needs follow up,Road/Pothole,Low
Garbage complaint needs follow up,Garbage,Low
Water complaint needs follow up,Water,Low
Drainage complaint needs follow up,Drainage,Low
Streetlight complaint needs follow up,Streetlight,Low
Pollution complaint needs follow up,Pollution,Low
Road issue needs follow up,Road/Pothole,Low
Garbage issue needs follow up,Garbage,Low
Water issue needs follow up,Water,Low
Drainage issue needs follow up,Drainage,Low
Streetlight issue needs follow up,Streetlight,Low
Pollution issue needs follow up,Pollution,Low
Road problem needs follow up,Road/Pothole,Low
Garbage problem needs follow up,Garbage,Low
Water problem needs follow up,Water,Low
Drainage problem needs follow up,Drainage,Low
Streetlight problem needs follow up,Streetlight,Low
Pollution problem needs follow up,Pollution,Low
Road complaint requires follow up,Road/Pothole,Low
Garbage complaint requires follow up,Garbage,Low
Water complaint requires follow up,Water,Low
Drainage complaint requires follow up,Drainage,Low
Streetlight complaint requires follow up,Streetlight,Low
Pollution complaint requires follow up,Pollution,Low
Road issue requires follow up,Road/Pothole,Low
Garbage issue requires follow up,Garbage,Low
Water issue requires follow up,Water,Low
Drainage issue requires follow up,Drainage,Low
Streetlight issue requires follow up,Streetlight,Low
Pollution issue requires follow up,Pollution,Low
Road problem requires follow up,Road/Pothole,Low
Garbage problem requires follow up,Garbage,Low
Water problem requires follow up,Water,Low
Drainage problem requires follow up,Drainage,Low
Streetlight problem requires follow up,Streetlight,Low
Pollution problem requires follow up,Pollution,Low
Road complaint requires monitoring,Road/Pothole,Low
Garbage complaint requires monitoring,Garbage,Low
Water complaint requires monitoring,Water,Low
Drainage complaint requires monitoring,Drainage,Low
Streetlight complaint requires monitoring,Streetlight,Low
Pollution complaint requires monitoring,Pollution,Low
Road issue requires monitoring,Road/Pothole,Low
Garbage issue requires monitoring,Garbage,Low
Water issue requires monitoring,Water,Low
Drainage issue requires monitoring,Drainage,Low
Streetlight issue requires monitoring,Streetlight,Low
Pollution issue requires monitoring,Pollution,Low
Road problem requires monitoring,Road/Pothole,Low
Garbage problem requires monitoring,Garbage,Low
Water problem requires monitoring,Water,Low
Drainage problem requires monitoring,Drainage,Low
Streetlight problem requires monitoring,Streetlight,Low
Pollution problem requires monitoring,Pollution,Low
Road complaint requires tracking,Road/Pothole,Low
Garbage complaint requires tracking,Garbage,Low
Water complaint requires tracking,Water,Low
Drainage complaint requires tracking,Drainage,Low
Streetlight complaint requires tracking,Streetlight,Low
Pollution complaint requires tracking,Pollution,Low
Road issue requires tracking,Road/Pothole,Low
Garbage issue requires tracking,Garbage,Low
Water issue requires tracking,Water,Low
Drainage issue requires tracking,Drainage,Low
Streetlight issue requires tracking,Streetlight,Low
Pollution issue requires tracking,Pollution,Low
Road problem requires tracking,Road/Pothole,Low
Garbage problem requires tracking,Garbage,Low
Water problem requires tracking,Water,Low
Drainage problem requires tracking,Drainage,Low
Streetlight problem requires tracking,Streetlight,Low
Pollution problem requires tracking,Pollution,Low
Road complaint requires status,Road/Pothole,Low
Garbage complaint requires status,Garbage,Low
Water complaint requires status,Water,Low
Drainage complaint requires status,Drainage,Low
Streetlight complaint requires status,Streetlight,Low
Pollution complaint requires status,Pollution,Low
Road issue requires status,Road/Pothole,Low
Garbage issue requires status,Garbage,Low
Water issue requires status,Water,Low
Drainage issue requires status,Drainage,Low
Streetlight issue requires status,Streetlight,Low
Pollution issue requires status,Pollution,Low
Road problem requires status,Road/Pothole,Low
Garbage problem requires status,Garbage,Low
Water problem requires status,Water,Low
Drainage problem requires status,Drainage,Low
Streetlight problem requires status,Streetlight,Low
Pollution problem requires status,Pollution,Low
Road complaint requires status update,Road/Pothole,Low
Garbage complaint requires status update,Garbage,Low
Water complaint requires status update,Water,Low
Drainage complaint requires status update,Drainage,Low
Streetlight complaint requires status update,Streetlight,Low
Pollution complaint requires status update,Pollution,Low
Road issue requires status update,Road/Pothole,Low
Garbage issue requires status update,Garbage,Low
Water issue requires status update,Water,Low
Drainage issue requires status update,Drainage,Low
Streetlight issue requires status update,Streetlight,Low
Pollution issue requires status update,Pollution,Low
Road problem requires status update,Road/Pothole,Low
Garbage problem requires status update,Garbage,Low
Water problem requires status update,Water,Low
Drainage problem requires status update,Drainage,Low
Streetlight problem requires status update,Streetlight,Low
Pollution problem requires status update,Pollution,Low
Road complaint requires follow-up,Road/Pothole,Low
Garbage complaint requires follow-up,Garbage,Low
Water complaint requires follow-up,Water,Low
Drainage complaint requires follow-up,Drainage,Low
Streetlight complaint requires follow-up,Streetlight,Low
Pollution complaint requires follow-up,Pollution,Low
Road issue requires follow-up,Road/Pothole,Low
Garbage issue requires follow-up,Garbage,Low
Water issue requires follow-up,Water,Low
Drainage issue requires follow-up,Drainage,Low
Streetlight issue requires follow-up,Streetlight,Low
Pollution issue requires follow-up,Pollution,Low
Road problem requires follow-up,Road/Pothole,Low
Garbage problem requires follow-up,Garbage,Low
Water problem requires follow-up,Water,Low
Drainage problem requires follow-up,Drainage,Low
Streetlight problem requires follow-up,Streetlight,Low
Pollution problem requires follow-up,Pollution,Low
Road complaint requires action and repair,Road/Pothole,Low
Garbage complaint requires action and removal,Garbage,Low
Water complaint requires action and supply,Water,Low
Drainage complaint requires action and cleaning,Drainage,Low
Streetlight complaint requires action and repair,Streetlight,Low
Pollution complaint requires action and control,Pollution,Low
Road issue requires action and repair,Road/Pothole,Low
Garbage issue requires action and removal,Garbage,Low
Water issue requires action and supply,Water,Low
Drainage issue requires action and cleaning,Drainage,Low
Streetlight issue requires action and repair,Streetlight,Low
Pollution issue requires action and control,Pollution,Low
Road problem requires action and repair,Road/Pothole,Low
Garbage problem requires action and removal,Garbage,Low
Water problem requires action and supply,Water,Low
Drainage problem requires action and cleaning,Drainage,Low
Streetlight problem requires action and repair,Streetlight,Low
Pollution problem requires action and control,Pollution,Low
Road complaint needs municipal action,Road/Pothole,Low
Garbage complaint needs municipal action,Garbage,Low
Water complaint needs municipal action,Water,Low
Drainage complaint needs municipal action,Drainage,Low
Streetlight complaint needs municipal action,Streetlight,Low
Pollution complaint needs municipal action,Pollution,Low
Road issue needs municipal action,Road/Pothole,Low
Garbage issue needs municipal action,Garbage,Low
Water issue needs municipal action,Water,Low
Drainage issue needs municipal action,Drainage,Low
Streetlight issue needs municipal action,Streetlight,Low
Pollution issue needs municipal action,Pollution,Low
Road problem needs municipal action,Road/Pothole,Low
Garbage problem needs municipal action,Garbage,Low
Water problem needs municipal action,Water,Low
Drainage problem needs municipal action,Drainage,Low
Streetlight problem needs municipal action,Streetlight,Low
Pollution problem needs municipal action,Pollution,Low
Road complaint needs government action,Road/Pothole,Low
Garbage complaint needs government action,Garbage,Low
Water complaint needs government action,Water,Low
Drainage complaint needs government action,Drainage,Low
Streetlight complaint needs government action,Streetlight,Low
Pollution complaint needs government action,Pollution,Low
Road issue needs government action,Road/Pothole,Low
Garbage issue needs government action,Garbage,Low
Water issue needs government action,Water,Low
Drainage issue needs government action,Drainage,Low
Streetlight issue needs government action,Streetlight,Low
Pollution issue needs government action,Pollution,Low
Road problem needs government action,Road/Pothole,Low
Garbage problem needs government action,Garbage,Low
Water problem needs government action,Water,Low
Drainage problem needs government action,Drainage,Low
Streetlight problem needs government action,Streetlight,Low
Pollution problem needs government action,Pollution,Low
Road complaint needs authority action,Road/Pothole,Low
Garbage complaint needs authority action,Garbage,Low
Water complaint needs authority action,Water,Low
Drainage complaint needs authority action,Drainage,Low
Streetlight complaint needs authority action,Streetlight,Low
Pollution complaint needs authority action,Pollution,Low
Road issue needs authority action,Road/Pothole,Low
Garbage issue needs authority action,Garbage,Low
Water issue needs authority action,Water,Low
Drainage issue needs authority action,Drainage,Low
Streetlight issue needs authority action,Streetlight,Low
Pollution issue needs authority action,Pollution,Low
Road problem needs authority action,Road/Pothole,Low
Garbage problem needs authority action,Garbage,Low
Water problem needs authority action,Water,Low
Drainage problem needs authority action,Drainage,Low
Streetlight problem needs authority action,Streetlight,Low
Pollution problem needs authority action,Pollution,Low
Road complaint needs civic action,Road/Pothole,Low
Garbage complaint needs civic action,Garbage,Low
Water complaint needs civic action,Water,Low
Drainage complaint needs civic action,Drainage,Low
Streetlight complaint needs civic action,Streetlight,Low
Pollution complaint needs civic action,Pollution,Low
Road issue needs civic action,Road/Pothole,Low
Garbage issue needs civic action,Garbage,Low
Water issue needs civic action,Water,Low
Drainage issue needs civic action,Drainage,Low
Streetlight issue needs civic action,Streetlight,Low
Pollution issue needs civic action,Pollution,Low
Road problem needs civic action,Road/Pothole,Low
Garbage problem needs civic action,Garbage,Low
Water problem needs civic action,Water,Low
Drainage problem needs civic action,Drainage,Low
Streetlight problem needs civic action,Streetlight,Low
Pollution problem needs civic action,Pollution,Low
Road complaint needs government response,Road/Pothole,Low
Garbage complaint needs government response,Garbage,Low
Water complaint needs government response,Water,Low
Drainage complaint needs government response,Drainage,Low
Streetlight complaint needs government response,Streetlight,Low
Pollution complaint needs government response,Pollution,Low
Road issue needs government response,Road/Pothole,Low
Garbage issue needs government response,Garbage,Low
Water issue needs government response,Water,Low
Drainage issue needs government response,Drainage,Low
Streetlight issue needs government response,Streetlight,Low
Pollution issue needs government response,Pollution,Low
Road problem needs government response,Road/Pothole,Low
Garbage problem needs government response,Garbage,Low
Water problem needs government response,Water,Low
Drainage problem needs government response,Drainage,Low
Streetlight problem needs government response,Streetlight,Low
Pollution problem needs government response,Pollution,Low
Road complaint needs authority response,Road/Pothole,Low
Garbage complaint needs authority response,Garbage,Low
Water complaint needs authority response,Water,Low
Drainage complaint needs authority response,Drainage,Low
Streetlight complaint needs authority response,Streetlight,Low
Pollution complaint needs authority response,Pollution,Low
Road issue needs authority response,Road/Pothole,Low
Garbage issue needs authority response,Garbage,Low
Water issue needs authority response,Water,Low
Drainage issue needs authority response,Drainage,Low
Streetlight issue needs authority response,Streetlight,Low
Pollution issue needs authority response,Pollution,Low
Road problem needs authority response,Road/Pothole,Low
Garbage problem needs authority response,Garbage,Low
Water problem needs authority response,Water,Low
Drainage problem needs authority response,Drainage,Low
Streetlight problem needs authority response,Streetlight,Low
Pollution problem needs authority response,Pollution,Low
Road complaint needs municipal response,Road/Pothole,Low
Garbage complaint needs municipal response,Garbage,Low
Water complaint needs municipal response,Water,Low
Drainage complaint needs municipal response,Drainage,Low
Streetlight complaint needs municipal response,Streetlight,Low
Pollution complaint needs municipal response,Pollution,Low
Road issue needs municipal response,Road/Pothole,Low
Garbage issue needs municipal response,Garbage,Low
Water issue needs municipal response,Water,Low
Drainage issue needs municipal response,Drainage,Low
Streetlight issue needs municipal response,Streetlight,Low
Pollution issue needs municipal response,Pollution,Low
Road problem needs municipal response,Road/Pothole,Low
Garbage problem needs municipal response,Garbage,Low
Water problem needs municipal response,Water,Low
Drainage problem needs municipal response,Drainage,Low
Streetlight problem needs municipal response,Streetlight,Low
Pollution problem needs municipal response,Pollution,Low
Road complaint needs department response,Road/Pothole,Low
Garbage complaint needs department response,Garbage,Low
Water complaint needs department response,Water,Low
Drainage complaint needs department response,Drainage,Low
Streetlight complaint needs department response,Streetlight,Low
Pollution complaint needs department response,Pollution,Low
Road issue needs department response,Road/Pothole,Low
Garbage issue needs department response,Garbage,Low
Water issue needs department response,Water,Low
Drainage issue needs department response,Drainage,Low
Streetlight issue needs department response,Streetlight,Low
Pollution issue needs department response,Pollution,Low
Road problem needs department response,Road/Pothole,Low
Garbage problem needs department response,Garbage,Low
Water problem needs department response,Water,Low
Drainage problem needs department response,Drainage,Low
Streetlight problem needs department response,Streetlight,Low
Pollution problem needs department response,Pollution,Low
Road complaint needs department action,Road/Pothole,Low
Garbage complaint needs department action,Garbage,Low
Water complaint needs department action,Water,Low
Drainage complaint needs department action,Drainage,Low
Streetlight complaint needs department action,Streetlight,Low
Pollution complaint needs department action,Pollution,Low
Road issue needs department action,Road/Pothole,Low
Garbage issue needs department action,Garbage,Low
Water issue needs department action,Water,Low
Drainage issue needs department action,Drainage,Low
Streetlight issue needs department action,Streetlight,Low
Pollution issue needs department action,Pollution,Low
Road problem needs department action,Road/Pothole,Low
Garbage problem needs department action,Garbage,Low
Water problem needs department action,Water,Low
Drainage problem needs department action,Drainage,Low
Streetlight problem needs department action,Streetlight,Low
Pollution problem needs department action,Pollution,Low
Road complaint needs authority action,Road/Pothole,Low
Garbage complaint needs authority action,Garbage,Low
Water complaint needs authority action,Water,Low
Drainage complaint needs authority action,Drainage,Low
Streetlight complaint needs authority action,Streetlight,Low
Pollution complaint needs authority action,Pollution,Low
Road issue needs authority action,Road/Pothole,Low
Garbage issue needs authority action,Garbage,Low
Water issue needs authority action,Water,Low
Drainage issue needs authority action,Drainage,Low
Streetlight issue needs authority action,Streetlight,Low
Pollution issue needs authority action,Pollution,Low
Road problem needs authority action,Road/Pothole,Low
Garbage problem needs authority action,Garbage,Low
Water problem needs authority action,Water,Low
Drainage problem needs authority action,Drainage,Low
Streetlight problem needs authority action,Streetlight,Low
Pollution problem needs authority action,Pollution,Low
Road complaint needs civic response,Road/Pothole,Low
Garbage complaint needs civic response,Garbage,Low
Water complaint needs civic response,Water,Low
Drainage complaint needs civic response,Drainage,Low
Streetlight complaint needs civic response,Streetlight,Low
Pollution complaint needs civic response,Pollution,Low
Road issue needs civic response,Road/Pothole,Low
Garbage issue needs civic response,Garbage,Low
Water issue needs civic response,Water,Low
Drainage issue needs civic response,Drainage,Low
Streetlight issue needs civic response,Streetlight,Low
Pollution issue needs civic response,Pollution,Low
Road problem needs civic response,Road/Pothole,Low
Garbage problem needs civic response,Garbage,Low
Water problem needs civic response,Water,Low
Drainage problem needs civic response,Drainage,Low
Streetlight problem needs civic response,Streetlight,Low
Pollution problem needs civic response,Pollution,Low
Road complaint needs resolution,Road/Pothole,Low
Garbage complaint needs resolution,Garbage,Low
Water complaint needs resolution,Water,Low
Drainage complaint needs resolution,Drainage,Low
Streetlight complaint needs resolution,Streetlight,Low
Pollution complaint needs resolution,Pollution,Low
Road issue needs resolution,Road/Pothole,Low
Garbage issue needs resolution,Garbage,Low
Water issue needs resolution,Water,Low
Drainage issue needs resolution,Drainage,Low
Streetlight issue needs resolution,Streetlight,Low
Pollution issue needs resolution,Pollution,Low
Road problem needs resolution,Road/Pothole,Low
Garbage problem needs resolution,Garbage,Low
Water problem needs resolution,Water,Low
Drainage problem needs resolution,Drainage,Low
Streetlight problem needs resolution,Streetlight,Low
Pollution problem needs resolution,Pollution,Low
Road complaint needs solution,Road/Pothole,Low
Garbage complaint needs solution,Garbage,Low
Water complaint needs solution,Water,Low
Drainage complaint needs solution,Drainage,Low
Streetlight complaint needs solution,Streetlight,Low
Pollution complaint needs solution,Pollution,Low
Road issue needs solution,Road/Pothole,Low
Garbage issue needs solution,Garbage,Low
Water issue needs solution,Water,Low
Drainage issue needs solution,Drainage,Low
Streetlight issue needs solution,Streetlight,Low
Pollution issue needs solution,Pollution,Low
Road problem needs solution,Road/Pothole,Low
Garbage problem needs solution,Garbage,Low
Water problem needs solution,Water,Low
Drainage problem needs solution,Drainage,Low
Streetlight problem needs solution,Streetlight,Low
Pollution problem needs solution,Pollution,Low
Road complaint needs correction,Road/Pothole,Low
Garbage complaint needs correction,Garbage,Low
Water complaint needs correction,Water,Low
Drainage complaint needs correction,Drainage,Low
Streetlight complaint needs correction,Streetlight,Low
Pollution complaint needs correction,Pollution,Low
Road issue needs correction,Road/Pothole,Low
Garbage issue needs correction,Garbage,Low
Water issue needs correction,Water,Low
Drainage issue needs correction,Drainage,Low
Streetlight issue needs correction,Streetlight,Low
Pollution issue needs correction,Pollution,Low
Road problem needs correction,Road/Pothole,Low
Garbage problem needs correction,Garbage,Low
Water problem needs correction,Water,Low
Drainage problem needs correction,Drainage,Low
Streetlight problem needs correction,Streetlight,Low
Pollution problem needs correction,Pollution,Low
Road complaint needs improvement,Road/Pothole,Low
Garbage complaint needs improvement,Garbage,Low
Water complaint needs improvement,Water,Low
Drainage complaint needs improvement,Drainage,Low
Streetlight complaint needs improvement,Streetlight,Low
Pollution complaint needs improvement,Pollution,Low
Road issue needs improvement,Road/Pothole,Low
Garbage issue needs improvement,Garbage,Low
Water issue needs improvement,Water,Low
Drainage issue needs improvement,Drainage,Low
Streetlight issue needs improvement,Streetlight,Low
Pollution issue needs improvement,Pollution,Low
Road problem needs improvement,Road/Pothole,Low
Garbage problem needs improvement,Garbage,Low
Water problem needs improvement,Water,Low
Drainage problem needs improvement,Drainage,Low
Streetlight problem needs improvement,Streetlight,Low
Pollution problem needs improvement,Pollution,Low
Road complaint needs attention,Road/Pothole,Low
Garbage complaint needs attention,Garbage,Low
Water complaint needs attention,Water,Low
Drainage complaint needs attention,Drainage,Low
Streetlight complaint needs attention,Streetlight,Low
Pollution complaint needs attention,Pollution,Low
Road issue needs attention,Road/Pothole,Low
Garbage issue needs attention,Garbage,Low
Water issue needs attention,Water,Low
Drainage issue needs attention,Drainage,Low
Streetlight issue needs attention,Streetlight,Low
Pollution issue needs attention,Pollution,Low
Road problem needs attention,Road/Pothole,Low
Garbage problem needs attention,Garbage,Low
Water problem needs attention,Water,Low
Drainage problem needs attention,Drainage,Low
Streetlight problem needs attention,Streetlight,Low
Pollution problem needs attention,Pollution,Low
Road complaint needs action,Road/Pothole,Low
Garbage complaint needs action,Garbage,Low
Water complaint needs action,Water,Low
Drainage complaint needs action,Drainage,Low
Streetlight complaint needs action,Streetlight,Low
Pollution complaint needs action,Pollution,Low
Road issue needs action,Road/Pothole,Low
Garbage issue needs action,Garbage,Low
Water issue needs action,Water,Low
Drainage issue needs action,Drainage,Low
Streetlight issue needs action,Streetlight,Low
Pollution issue needs action,Pollution,Low
Road problem needs action,Road/Pothole,Low
Garbage problem needs action,Garbage,Low
Water problem needs action,Water,Low
Drainage problem needs action,Drainage,Low
Streetlight problem needs action,Streetlight,Low
Pollution problem needs action,Pollution,Low
Road repair needed,Road/Pothole,Low
Garbage removal needed,Garbage,Low
Water supply needed,Water,Low
Drainage cleaning needed,Drainage,Low
Streetlight repair needed,Streetlight,Low
Pollution control needed,Pollution,Low
Road repair required,Road/Pothole,Medium
Garbage removal required,Garbage,Low
Water supply required,Water,Low
Drainage cleaning required,Drainage,Low
Streetlight repair required,Streetlight,Medium
Pollution control required,Pollution,Low
Road maintenance required,Road/Pothole,Low
Garbage collection required,Garbage,Low
Water supply required,Water,Low
Drainage maintenance required,Drainage,Low
Streetlight maintenance required,Streetlight,Low
Pollution control required,Pollution,Low
Road pothole needs repair,Road/Pothole,Medium
Garbage overflow needs removal,Garbage,Low
Water shortage needs supply,Water,Low
Drain blockage needs cleaning,Drainage,Low
Streetlight failure needs repair,Streetlight,Medium
Air pollution needs control,Pollution,Low
Road pothole requires repair,Road/Pothole,Low
Garbage overflow requires removal,Garbage,Low
Water shortage requires supply,Water,Low
Drain blockage requires cleaning,Drainage,Low
Streetlight failure requires repair,Streetlight,Low
Air pollution requires control,Pollution,Low
Road pothole requires immediate repair,Road/Pothole,Low
Garbage overflow requires immediate removal,Garbage,Low
Water shortage requires immediate supply,Water,Low
Drain blockage requires immediate cleaning,Drainage,Low
Streetlight failure requires immediate repair,Streetlight,Low
Air pollution requires immediate control,Pollution,Low
Road pothole is serious,Road/Pothole,Low
Garbage overflow is serious,Garbage,Low
Water shortage is serious,Water,Low
Drain blockage is serious,Drainage,Low
Streetlight failure is serious,Streetlight,Low
Air pollution is serious,Pollution,Low
Road pothole is urgent,Road/Pothole,Low
Garbage overflow is urgent,Garbage,Low
Water shortage is urgent,Water,Low
Drain blockage is urgent,Drainage,Low
Streetlight failure is urgent,Streetlight,Low
Air pollution is urgent,Pollution,Low
Road pothole is dangerous,Road/Pothole,High
Garbage overflow is dangerous,Garbage,High
Water shortage is dangerous,Water,High
Drain blockage is dangerous,Drainage,High
Streetlight failure is dangerous,Streetlight,High
Air pollution is dangerous,Pollution,High
Road pothole affects traffic,Road/Pothole,Low
Garbage overflow affects cleanliness,Garbage,Low
Water shortage affects households,Water,Low
Drain blockage affects residents,Drainage,Low
Streetlight failure affects pedestrians,Streetlight,Low
Air pollution affects residents,Pollution,Low
Road pothole affects safety,Road/Pothole,Low
Garbage overflow affects hygiene,Garbage,Low
Water shortage affects daily life,Water,Low
Drain blockage affects safety,Drainage,Low
Streetlight failure affects safety,Streetlight,Low
Air pollution affects health,Pollution,Low
Road pothole causes accidents,Road/Pothole,Critical
Garbage overflow causes bad smell,Garbage,Medium
Water shortage causes difficulties,Water,Low
Drain blockage causes flooding,Drainage,High
Streetlight failure causes darkness,Streetlight,Low
Air pollution causes breathing problems,Pollution,Low
Road pothole near my house needs repair,Road/Pothole,Medium
Garbage overflow near my house needs removal,Garbage,Low
Water shortage near my house needs supply,Water,Low
Drain blockage near my house needs cleaning,Drainage,Low
Streetlight failure near my house needs repair,Streetlight,Medium
Air pollution near my house needs control,Pollution,Low
Road pothole near school needs repair,Road/Pothole,High
Garbage overflow near school needs removal,Garbage,High
Water shortage near school needs supply,Water,High
Drain blockage near school needs cleaning,Drainage,High
Streetlight failure near school needs repair,Streetlight,High
Air pollution near school needs control,Pollution,High
Road pothole near hospital needs repair,Road/Pothole,High
Garbage overflow near hospital needs removal,Garbage,High
Water shortage near hospital needs supply,Water,High
Drain blockage near hospital needs cleaning,Drainage,High
Streetlight failure near hospital needs repair,Streetlight,High
Air pollution near hospital needs control,Pollution,High
Road pothole near market needs repair,Road/Pothole,Medium
Garbage overflow near market needs removal,Garbage,Low
Water shortage near market needs supply,Water,Low
Drain blockage near market needs cleaning,Drainage,Low
Streetlight failure near market needs repair,Streetlight,Medium
Air pollution near market needs control,Pollution,Low
Road pothole near bus stop needs repair,Road/Pothole,Medium
Garbage overflow near bus stop needs removal,Garbage,Low
Water shortage near bus stop needs supply,Water,Low
Drain blockage near bus stop needs cleaning,Drainage,Low
Streetlight failure near bus stop needs repair,Streetlight,Medium
Air pollution near bus stop needs control,Pollution,Low
Road pothole near college needs repair,Road/Pothole,Medium
Garbage overflow near college needs removal,Garbage,Low
Water shortage near college needs supply,Water,Low
Drain blockage near college needs cleaning,Drainage,Low
Streetlight failure near college needs repair,Streetlight,Medium
Air pollution near college needs control,Pollution,Low
Road pothole in my area needs repair,Road/Pothole,Medium
Garbage overflow in my area needs removal,Garbage,Low
Water shortage in my area needs supply,Water,Low
Drain blockage in my area needs cleaning,Drainage,Low
Streetlight failure in my area needs repair,Streetlight,Medium
Air pollution in my area needs control,Pollution,Low
Road pothole in my locality needs repair,Road/Pothole,Medium
Garbage overflow in my locality needs removal,Garbage,Low
Water shortage in my locality needs supply,Water,Low
Drain blockage in my locality needs cleaning,Drainage,Low
Streetlight failure in my locality needs repair,Streetlight,Medium
Air pollution in my locality needs control,Pollution,Low
Road pothole in my neighborhood needs repair,Road/Pothole,Medium
Garbage overflow in my neighborhood needs removal,Garbage,Low
Water shortage in my neighborhood needs supply,Water,Low
Drain blockage in my neighborhood needs cleaning,Drainage,Low
Streetlight failure in my neighborhood needs repair,Streetlight,Medium
Air pollution in my neighborhood needs control,Pollution,Low
Road pothole in our area needs repair,Road/Pothole,Medium
Garbage overflow in our area needs removal,Garbage,Low
Water shortage in our area needs supply,Water,Low
Drain blockage in our area needs cleaning,Drainage,Low
Streetlight failure in our area needs repair,Streetlight,Medium
Air pollution in our area needs control,Pollution,Low
Road pothole in city needs repair,Road/Pothole,Medium
Garbage overflow in city needs removal,Garbage,Low
Water shortage in city needs supply,Water,Low
Drain blockage in city needs cleaning,Drainage,Low
Streetlight failure in city needs repair,Streetlight,Medium
Air pollution in city needs control,Pollution,Low
Road pothole in district needs repair,Road/Pothole,Medium
Garbage overflow in district needs removal,Garbage,Low
Water shortage in district needs supply,Water,Low
Drain blockage in district needs cleaning,Drainage,Low
Streetlight failure in district needs repair,Streetlight,Medium
Air pollution in district needs control,Pollution,Low
Road complaint about pothole,Road/Pothole,Low
Garbage complaint about overflow,Garbage,Low
Water complaint about shortage,Water,Low
Drainage complaint about blockage,Drainage,Low
Streetlight complaint about failure,Streetlight,Low
Pollution complaint about smoke,Pollution,Low
Road issue about pothole,Road/Pothole,Low
Garbage issue about overflow,Garbage,Low
Water issue about shortage,Water,Low
Drainage issue about blockage,Drainage,Low
Streetlight issue about failure,Streetlight,Low
Pollution issue about smoke,Pollution,Low
Road problem about pothole,Road/Pothole,Low
Garbage problem about overflow,Garbage,Low
Water problem about shortage,Water,Low
Drainage problem about blockage,Drainage,Low
Streetlight problem about failure,Streetlight,Low
Pollution problem about smoke,Pollution,Low
Road complaint about pothole repair,Road/Pothole,Low
Garbage complaint about overflow removal,Garbage,Low
Water complaint about shortage supply,Water,Low
Drainage complaint about blockage cleaning,Drainage,Low
Streetlight complaint about failure repair,Streetlight,Low
Pollution complaint about smoke control,Pollution,Low
Road issue about pothole repair,Road/Pothole,Low
Garbage issue about overflow removal,Garbage,Low
Water issue about shortage supply,Water,Low
Drainage issue about blockage cleaning,Drainage,Low
Streetlight issue about failure repair,Streetlight,Low
Pollution issue about smoke control,Pollution,Low
Road problem about pothole repair,Road/Pothole,Low
Garbage problem about overflow removal,Garbage,Low
Water problem about shortage supply,Water,Low
Drainage problem about blockage cleaning,Drainage,Low
Streetlight problem about failure repair,Streetlight,Low
Pollution problem about smoke control,Pollution,Low
Road complaint about potholes,Road/Pothole,Low
Garbage complaint about overflow,Garbage,Low
Water complaint about shortage,Water,Low
Drainage complaint about blockage,Drainage,Low
Streetlight complaint about failure,Streetlight,Low
Pollution complaint about smoke,Pollution,Low
Road issue about potholes,Road/Pothole,Low
Garbage issue about overflow,Garbage,Low
Water issue about shortage,Water,Low
Drainage issue about blockage,Drainage,Low
Streetlight issue about failure,Streetlight,Low
Pollution issue about smoke,Pollution,Low
Road problem about potholes,Road/Pothole,Low
Garbage problem about overflow,Garbage,Low
Water problem about shortage,Water,Low
Drainage problem about blockage,Drainage,Low
Streetlight problem about failure,Streetlight,Low
Pollution problem about smoke,Pollution,Low
Road complaint about potholes,Road/Pothole,Low
Garbage complaint about waste,Garbage,Low
Water complaint about supply,Water,Low
Drainage complaint about sewage,Drainage,High
Streetlight complaint about lighting,Streetlight,Low
Pollution complaint about air,Pollution,Low
Road issue about potholes,Road/Pothole,Low
Garbage issue about waste,Garbage,Low
Water issue about supply,Water,Low
Drainage issue about sewage,Drainage,High
Streetlight issue about lighting,Streetlight,Low
Pollution issue about air,Pollution,Low
Road problem about potholes,Road/Pothole,Low
Garbage problem about waste,Garbage,Low
Water problem about supply,Water,Low
Drainage problem about sewage,Drainage,High
Streetlight problem about lighting,Streetlight,Low
Pollution problem about air,Pollution,Low
Road complaint about road,Road/Pothole,Low
Garbage complaint about garbage,Garbage,Low
Water complaint about water,Water,Low
Drainage complaint about drainage,Drainage,Low
Streetlight complaint about streetlight,Streetlight,Low
Pollution complaint about pollution,Pollution,Low
Road issue about road,Road/Pothole,Low
Garbage issue about garbage,Garbage,Low
Water issue about water,Water,Low
Drainage issue about drainage,Drainage,Low
Streetlight issue about streetlight,Streetlight,Low
Pollution issue about pollution,Pollution,Low
Road problem about road,Road/Pothole,Low
Garbage problem about garbage,Garbage,Low
Water problem about water,Water,Low
Drainage problem about drainage,Drainage,Low
Streetlight problem about streetlight,Streetlight,Low
Pollution problem about pollution,Pollution,Low
Road repair complaint,Road/Pothole,Low
Garbage removal complaint,Garbage,Low
Water supply complaint,Water,Low
Drainage cleaning complaint,Drainage,Low
Streetlight repair complaint,Streetlight,Low
Pollution control complaint,Pollution,Low
Road repair issue,Road/Pothole,Low
Garbage removal issue,Garbage,Low
Water supply issue,Water,Low
Drainage cleaning issue,Drainage,Low
Streetlight repair issue,Streetlight,Low
Pollution control issue,Pollution,Low
Road repair problem,Road/Pothole,Low
Garbage removal problem,Garbage,Low
Water supply problem,Water,Low
Drainage cleaning problem,Drainage,Low
Streetlight repair problem,Streetlight,Low
Pollution control problem,Pollution,Low
Road repair request,Road/Pothole,Low
Garbage removal request,Garbage,Low
Water supply request,Water,Low
Drainage cleaning request,Drainage,Low
Streetlight repair request,Streetlight,Low
Pollution control request,Pollution,Low
Road repair needed,Road/Pothole,Low
Garbage removal needed,Garbage,Low
Water supply needed,Water,Low
Drainage cleaning needed,Drainage,Low
Streetlight repair needed,Streetlight,Low
Pollution control needed,Pollution,Low
Road repair required,Road/Pothole,Medium
Garbage removal required,Garbage,Low
Water supply required,Water,Low
Drainage cleaning required,Drainage,Low
Streetlight repair required,Streetlight,Medium
Pollution control required,Pollution,Low
Road repair urgently,Road/Pothole,Low
Garbage removal urgently,Garbage,Low
Water supply urgently,Water,Low
Drainage cleaning urgently,Drainage,Low
Streetlight repair urgently,Streetlight,Low
Pollution control urgently,Pollution,Low
Road repair now,Road/Pothole,Low
Garbage removal now,Garbage,Low
Water supply now,Water,Low
Drainage cleaning now,Drainage,Low
Streetlight repair now,Streetlight,Low
Pollution control now,Pollution,Low
Road repair immediately,Road/Pothole,Low
Garbage removal immediately,Garbage,Low
Water supply immediately,Water,Low
Drainage cleaning immediately,Drainage,Low
Streetlight repair immediately,Streetlight,Low
Pollution control immediately,Pollution,Low
Road repair as soon as possible,Road/Pothole,Low
Garbage removal as soon as possible,Garbage,Low
Water supply as soon as possible,Water,Low
Drainage cleaning as soon as possible,Drainage,Low
Streetlight repair as soon as possible,Streetlight,Low
Pollution control as soon as possible,Pollution,Low
Road issue is urgent due to potholes,Road/Pothole,Low
Garbage issue is urgent due to overflow,Garbage,Low
Water issue is urgent due to shortage,Water,Low
Drainage issue is urgent due to blockage,Drainage,Low
Streetlight issue is urgent due to failure,Streetlight,Low
Pollution issue is urgent due to smoke,Pollution,Low
Road complaint is urgent due to potholes,Road/Pothole,Low
Garbage complaint is urgent due to overflow,Garbage,Low
Water complaint is urgent due to shortage,Water,Low
Drainage complaint is urgent due to blockage,Drainage,Low
Streetlight complaint is urgent due to failure,Streetlight,Low
Pollution complaint is urgent due to smoke,Pollution,Low
Road problem is urgent due to potholes,Road/Pothole,Low
Garbage problem is urgent due to overflow,Garbage,Low
Water problem is urgent due to shortage,Water,Low
Drainage problem is urgent due to blockage,Drainage,Low
Streetlight problem is urgent due to failure,Streetlight,Low
Pollution problem is urgent due to smoke,Pollution,Low
Road complaint is critical due to potholes,Road/Pothole,Low
Garbage complaint is critical due to overflow,Garbage,Low
Water complaint is critical due to shortage,Water,Low
Drainage complaint is critical due to blockage,Drainage,Low
Streetlight complaint is critical due to failure,Streetlight,Low
Pollution complaint is critical due to smoke,Pollution,Low
Road issue is critical due to potholes,Road/Pothole,Low
Garbage issue is critical due to overflow,Garbage,Low
Water issue is critical due to shortage,Water,Low
Drainage issue is critical due to blockage,Drainage,Low
Streetlight issue is critical due to failure,Streetlight,Low
Pollution issue is critical due to smoke,Pollution,Low
Road problem is critical due to potholes,Road/Pothole,Low
Garbage problem is critical due to overflow,Garbage,Low
Water problem is critical due to shortage,Water,Low
Drainage problem is critical due to blockage,Drainage,Low
Streetlight problem is critical due to failure,Streetlight,Low
Pollution problem is critical due to smoke,Pollution,Low
Road complaint is dangerous due to potholes,Road/Pothole,High
Garbage complaint is dangerous due to overflow,Garbage,High
Water complaint is dangerous due to shortage,Water,High
Drainage complaint is dangerous due to blockage,Drainage,High
Streetlight complaint is dangerous due to failure,Streetlight,High
Pollution complaint is dangerous due to smoke,Pollution,High
Road issue is dangerous due to potholes,Road/Pothole,High
Garbage issue is dangerous due to overflow,Garbage,High
Water issue is dangerous due to shortage,Water,High
Drainage issue is dangerous due to blockage,Drainage,High
Streetlight issue is dangerous due to failure,Streetlight,High
Pollution issue is dangerous due to smoke,Pollution,High
Road problem is dangerous due to potholes,Road/Pothole,High
Garbage problem is dangerous due to overflow,Garbage,High
Water problem is dangerous due to shortage,Water,High
Drainage problem is dangerous due to blockage,Drainage,High
Streetlight problem is dangerous due to failure,Streetlight,High
Pollution problem is dangerous due to smoke,Pollution,High
Road complaint needs immediate repair because of potholes,Road/Pothole,Low
Garbage complaint needs immediate removal because of overflow,Garbage,Low
Water complaint needs immediate supply because of shortage,Water,Low
Drainage complaint needs immediate cleaning because of blockage,Drainage,Low
Streetlight complaint needs immediate repair because of failure,Streetlight,Low
Pollution complaint needs immediate control because of smoke,Pollution,Low
Road issue needs immediate repair because of potholes,Road/Pothole,Low
Garbage issue needs immediate removal because of overflow,Garbage,Low
Water issue needs immediate supply because of shortage,Water,Low
Drainage issue needs immediate cleaning because of blockage,Drainage,Low
Streetlight issue needs immediate repair because of failure,Streetlight,Low
Pollution issue needs immediate control because of smoke,Pollution,Low
Road problem needs immediate repair because of potholes,Road/Pothole,Low
Garbage problem needs immediate removal because of overflow,Garbage,Low
Water problem needs immediate supply because of shortage,Water,Low
Drainage problem needs immediate cleaning because of blockage,Drainage,Low
Streetlight problem needs immediate repair because of failure,Streetlight,Low
Pollution problem needs immediate control because of smoke,Pollution,Low
Road complaint needs urgent repair because of potholes,Road/Pothole,Low
Garbage complaint needs urgent removal because of overflow,Garbage,Low
Water complaint needs urgent supply because of shortage,Water,Low
Drainage complaint needs urgent cleaning because of blockage,Drainage,Low
Streetlight complaint needs urgent repair because of failure,Streetlight,Low
Pollution complaint needs urgent control because of smoke,Pollution,Low
Road issue needs urgent repair because of potholes,Road/Pothole,Low
Garbage issue needs urgent removal because of overflow,Garbage,Low
Water issue needs urgent supply because of shortage,Water,Low
Drainage issue needs urgent cleaning because of blockage,Drainage,Low
Streetlight issue needs urgent repair because of failure,Streetlight,Low
Pollution issue needs urgent control because of smoke,Pollution,Low
Road problem needs urgent repair because of potholes,Road/Pothole,Low
Garbage problem needs urgent removal because of overflow,Garbage,Low
Water problem needs urgent supply because of shortage,Water,Low
Drainage problem needs urgent cleaning because of blockage,Drainage,Low
Streetlight problem needs urgent repair because of failure,Streetlight,Low
Pollution problem needs urgent control because of smoke,Pollution,Low
Road complaint needs attention because of potholes,Road/Pothole,Low
Garbage complaint needs attention because of overflow,Garbage,Low
Water complaint needs attention because of shortage,Water,Low
Drainage complaint needs attention because of blockage,Drainage,Low
Streetlight complaint needs attention because of failure,Streetlight,Low
Pollution complaint needs attention because of smoke,Pollution,Low
Road issue needs attention because of potholes,Road/Pothole,Low
Garbage issue needs attention because of overflow,Garbage,Low
Water issue needs attention because of shortage,Water,Low
Drainage issue needs attention because of blockage,Drainage,Low
Streetlight issue needs attention because of failure,Streetlight,Low
Pollution issue needs attention because of smoke,Pollution,Low
Road problem needs attention because of potholes,Road/Pothole,Low
Garbage problem needs attention because of overflow,Garbage,Low
Water problem needs attention because of shortage,Water,Low
Drainage problem needs attention because of blockage,Drainage,Low
Streetlight problem needs attention because of failure,Streetlight,Low
Pollution problem needs attention because of smoke,Pollution,Low
Road complaint affects safety due to potholes,Road/Pothole,Low
Garbage complaint affects hygiene due to overflow,Garbage,Low
Water complaint affects households due to shortage,Water,Low
Drainage complaint affects residents due to blockage,Drainage,Low
Streetlight complaint affects safety due to failure,Streetlight,Low
Pollution complaint affects residents due to smoke,Pollution,Low
Road issue affects safety due to potholes,Road/Pothole,Low
Garbage issue affects hygiene due to overflow,Garbage,Low
Water issue affects households due to shortage,Water,Low
Drainage issue affects residents due to blockage,Drainage,Low
Streetlight issue affects safety due to failure,Streetlight,Low
Pollution issue affects residents due to smoke,Pollution,Low
Road problem affects safety due to potholes,Road/Pothole,Low
Garbage problem affects hygiene due to overflow,Garbage,Low
Water problem affects households due to shortage,Water,Low
Drainage problem affects residents due to blockage,Drainage,Low
Streetlight problem affects safety due to failure,Streetlight,Low
Pollution problem affects residents due to smoke,Pollution,Low
Road potholes are creating safety risks,Road/Pothole,Low
Garbage overflow is creating hygiene risks,Garbage,Low
Water shortage is creating household risks,Water,Low
Drain blockage is creating flooding risks,Drainage,High
Streetlight failure is creating safety risks,Streetlight,Low
Air pollution is creating health risks,Pollution,Low
Road potholes are creating transportation risks,Road/Pothole,Low
Garbage overflow is creating cleanliness risks,Garbage,Low
Water shortage is creating daily life problems,Water,Low
Drain blockage is creating sanitation problems,Drainage,Low
Streetlight failure is creating visibility problems,Streetlight,Low
Air pollution is creating health problems,Pollution,Low
Road potholes are creating commuter problems,Road/Pothole,Low
Garbage overflow is creating resident problems,Garbage,Low
Water shortage is creating resident problems,Water,Low
Drain blockage is creating resident problems,Drainage,Low
Streetlight failure is creating pedestrian problems,Streetlight,Low
Air pollution is creating resident problems,Pollution,Low
Road pothole is causing vehicle damage,Road/Pothole,Low
Garbage overflow is causing hygiene issues,Garbage,Low
Water shortage is causing supply issues,Water,Low
Drain blockage is causing sanitation issues,Drainage,Low
Streetlight failure is causing visibility issues,Streetlight,Low
Air pollution is causing health issues,Pollution,Low
Road pothole is causing commuter problems,Road/Pothole,Low
Garbage overflow is causing resident problems,Garbage,Low
Water shortage is causing household issues,Water,Low
Drain blockage is causing household problems,Drainage,Low
Streetlight failure is causing pedestrian problems,Streetlight,Low
Air pollution is causing resident problems,Pollution,Low
Road repair is needed for safety,Road/Pothole,Low
Garbage removal is needed for hygiene,Garbage,Low
Water supply is needed for households,Water,Low
Drainage cleaning is needed for sanitation,Drainage,Low
Streetlight repair is needed for safety,Streetlight,Low
Pollution control is needed for health,Pollution,Low
Road maintenance is needed for safety,Road/Pothole,Low
Garbage collection is needed for cleanliness,Garbage,Low
Water supply is needed for daily life,Water,Low
Drainage maintenance is needed for sanitation,Drainage,Low
Streetlight maintenance is needed for visibility,Streetlight,Low
Pollution control is needed for air quality,Pollution,Low
Road complaint should be prioritized,Road/Pothole,Low
Garbage complaint should be prioritized,Garbage,Low
Water complaint should be prioritized,Water,Low
Drainage complaint should be prioritized,Drainage,Low
Streetlight complaint should be prioritized,Streetlight,Low
Pollution complaint should be prioritized,Pollution,Low
Road issue should be prioritized,Road/Pothole,Low
Garbage issue should be prioritized,Garbage,Low
Water issue should be prioritized,Water,Low
Drainage issue should be prioritized,Drainage,Low
Streetlight issue should be prioritized,Streetlight,Low
Pollution issue should be prioritized,Pollution,Low
Road problem should be prioritized,Road/Pothole,Low
Garbage problem should be prioritized,Garbage,Low
Water problem should be prioritized,Water,Low
Drainage problem should be prioritized,Drainage,Low
Streetlight problem should be prioritized,Streetlight,Low
Pollution problem should be prioritized,Pollution,Low
Road complaint priority,Road/Pothole,Low
Garbage complaint priority,Garbage,Low
Water complaint priority,Water,Low
Drainage complaint priority,Drainage,Low
Streetlight complaint priority,Streetlight,Low
Pollution complaint priority,Pollution,Low
Road issue priority,Road/Pothole,Low
Garbage issue priority,Garbage,Low
Water issue priority,Water,Low
Drainage issue priority,Drainage,Low
Streetlight issue priority,Streetlight,Low
Pollution issue priority,Pollution,Low
Road problem priority,Road/Pothole,Low
Garbage problem priority,Garbage,Low
Water problem priority,Water,Low
Drainage problem priority,Drainage,Low
Streetlight problem priority,Streetlight,Low
Pollution problem priority,Pollution,Low
Road complaint severity,Road/Pothole,Low
Garbage complaint severity,Garbage,Low
Water complaint severity,Water,Low
Drainage complaint severity,Drainage,Low
Streetlight complaint severity,Streetlight,Low
Pollution complaint severity,Pollution,Low
Road issue severity,Road/Pothole,Low
Garbage issue severity,Garbage,Low
Water issue severity,Water,Low
Drainage issue severity,Drainage,Low
Streetlight issue severity,Streetlight,Low
Pollution issue severity,Pollution,Low
Road problem severity,Road/Pothole,Low
Garbage problem severity,Garbage,Low
Water problem severity,Water,Low
Drainage problem severity,Drainage,Low
Streetlight problem severity,Streetlight,Low
Pollution problem severity,Pollution,Low
Road complaint urgency,Road/Pothole,Low
Garbage complaint urgency,Garbage,Low
Water complaint urgency,Water,Low
Drainage complaint urgency,Drainage,Low
Streetlight complaint urgency,Streetlight,Low
Pollution complaint urgency,Pollution,Low
Road issue urgency,Road/Pothole,Low
Garbage issue urgency,Garbage,Low
Water issue urgency,Water,Low
Drainage issue urgency,Drainage,Low
Streetlight issue urgency,Streetlight,Low
Pollution issue urgency,Pollution,Low
Road problem urgency,Road/Pothole,Low
Garbage problem urgency,Garbage,Low
Water problem urgency,Water,Low
Drainage problem urgency,Drainage,Low
Streetlight problem urgency,Streetlight,Low
Pollution problem urgency,Pollution,Low
Road complaint category road,Road/Pothole,Low
Garbage complaint category garbage,Garbage,Low
Water complaint category water,Water,Low
Drainage complaint category drainage,Drainage,Low
Streetlight complaint category streetlight,Streetlight,Low
Pollution complaint category pollution,Pollution,Low
Road issue category road,Road/Pothole,Low
Garbage issue category garbage,Garbage,Low
Water issue category water,Water,Low
Drainage issue category drainage,Drainage,Low
Streetlight issue category streetlight,Streetlight,Low
Pollution issue category pollution,Pollution,Low
Road problem category road,Road/Pothole,Low
Garbage problem category garbage,Garbage,Low
Water problem category water,Water,Low
Drainage problem category drainage,Drainage,Low
Streetlight problem category streetlight,Streetlight,Low
Pollution problem category pollution,Pollution,Low
Road complaint about pothole,Road/Pothole,Low
Garbage complaint about garbage,Garbage,Low
Water complaint about water supply,Water,Low
Drainage complaint about blocked drain,Drainage,High
Streetlight complaint about broken streetlight,Streetlight,Medium
Pollution complaint about air pollution,Pollution,Low
Road issue about pothole,Road/Pothole,Low
Garbage issue about garbage,Garbage,Low
Water issue about water supply,Water,Low
Drainage issue about blocked drain,Drainage,High
Streetlight issue about broken streetlight,Streetlight,Medium
Pollution issue about air pollution,Pollution,Low
Road problem about pothole,Road/Pothole,Low
Garbage problem about garbage,Garbage,Low
Water problem about water supply,Water,Low
Drainage problem about blocked drain,Drainage,High
Streetlight problem about broken streetlight,Streetlight,Medium
Pollution problem about air pollution,Pollution,Low
Road complaint about road damage,Road/Pothole,Low
Garbage complaint about waste,Garbage,Low
Water complaint about water shortage,Water,Low
Drainage complaint about drainage blockage,Drainage,Low
Streetlight complaint about light failure,Streetlight,Low
Pollution complaint about smoke pollution,Pollution,Low
Road issue about road damage,Road/Pothole,Low
Garbage issue about waste,Garbage,Low
Water issue about water shortage,Water,Low
Drainage issue about drainage blockage,Drainage,Low
Streetlight issue about light failure,Streetlight,Low
Pollution issue about smoke pollution,Pollution,Low
Road problem about road damage,Road/Pothole,Low
Garbage problem about waste,Garbage,Low
Water problem about water shortage,Water,Low
Drainage problem about drainage blockage,Drainage,Low
Streetlight problem about light failure,Streetlight,Low
Pollution problem about smoke pollution,Pollution,Low
Road complaint about damaged road,Road/Pothole,Medium
Garbage complaint about overflowing garbage,Garbage,High
Water complaint about no water,Water,High
Drainage complaint about blocked drainage,Drainage,High
Streetlight complaint about no light,Streetlight,Low
Pollution complaint about smoke,Pollution,Low
Road issue about damaged road,Road/Pothole,Medium
Garbage issue about overflowing garbage,Garbage,High
Water issue about no water,Water,High
Drainage issue about blocked drainage,Drainage,High
Streetlight issue about no light,Streetlight,Low
Pollution issue about smoke,Pollution,Low
Road problem about damaged road,Road/Pothole,Medium
Garbage problem about overflowing garbage,Garbage,High
Water problem about no water,Water,High
Drainage problem about blocked drainage,Drainage,High
Streetlight problem about no light,Streetlight,Low
Pollution problem about smoke,Pollution,Low
Road complaint about bad road,Road/Pothole,Low
Garbage complaint about bad garbage management,Garbage,Low
Water complaint about water shortage,Water,Low
Drainage complaint about bad drainage,Drainage,Low
Streetlight complaint about bad lighting,Streetlight,Low
Pollution complaint about bad air,Pollution,Low
Road issue about bad road,Road/Pothole,Low
Garbage issue about bad garbage management,Garbage,Low
Water issue about water shortage,Water,Low
Drainage issue about bad drainage,Drainage,Low
Streetlight issue about bad lighting,Streetlight,Low
Pollution issue about bad air,Pollution,Low
Road problem about bad road,Road/Pothole,Low
Garbage problem about bad garbage management,Garbage,Low
Water problem about water shortage,Water,Low
Drainage problem about bad drainage,Drainage,Low
Streetlight problem about bad lighting,Streetlight,Low
Pollution problem about bad air,Pollution,Low
Road complaint about unsafe road,Road/Pothole,Low
Garbage complaint about unhygienic waste,Garbage,Low
Water complaint about water shortage,Water,Low
Drainage complaint about flooding,Drainage,High
Streetlight complaint about darkness,Streetlight,Low
Pollution complaint about unhealthy air,Pollution,Low
Road issue about unsafe road,Road/Pothole,Low
Garbage issue about unhygienic waste,Garbage,Low
Water issue about water shortage,Water,Low
Drainage issue about flooding,Drainage,High
Streetlight issue about darkness,Streetlight,Low
Pollution issue about unhealthy air,Pollution,Low
Road problem about unsafe road,Road/Pothole,Low
Garbage problem about unhygienic waste,Garbage,Low
Water problem about water shortage,Water,Low
Drainage problem about flooding,Drainage,High
Streetlight problem about darkness,Streetlight,Low
Pollution problem about unhealthy air,Pollution,Low
Road complaint about traffic,Road/Pothole,Low
Garbage complaint about cleanliness,Garbage,Low
Water complaint about supply,Water,Low
Drainage complaint about waterlogging,Drainage,Low
Streetlight complaint about visibility,Streetlight,Low
Pollution complaint about air quality,Pollution,Low
Road issue about traffic,Road/Pothole,Low
Garbage issue about cleanliness,Garbage,Low
Water issue about supply,Water,Low
Drainage issue about waterlogging,Drainage,Low
Streetlight issue about visibility,Streetlight,Low
Pollution issue about air quality,Pollution,Low
Road problem about traffic,Road/Pothole,Low
Garbage problem about cleanliness,Garbage,Low
Water problem about supply,Water,Low
Drainage problem about waterlogging,Drainage,Low
Streetlight problem about visibility,Streetlight,Low
Pollution problem about air quality,Pollution,Low
Road complaint about accidents,Road/Pothole,Critical
Garbage complaint about insects,Garbage,Low
Water complaint about shortage,Water,Low
Drainage complaint about flooding,Drainage,High
Streetlight complaint about darkness,Streetlight,Low
Pollution complaint about breathing,Pollution,Low
Road issue about accidents,Road/Pothole,Critical
Garbage issue about insects,Garbage,Low
Water issue about shortage,Water,Low
Drainage issue about flooding,Drainage,High
Streetlight issue about darkness,Streetlight,Low
Pollution issue about breathing,Pollution,Low
Road problem about accidents,Road/Pothole,Critical
Garbage problem about insects,Garbage,Low
Water problem about shortage,Water,Low
Drainage problem about flooding,Drainage,High
Streetlight problem about darkness,Streetlight,Low
Pollution problem about breathing,Pollution,Low
Road complaint about vehicles,Road/Pothole,Low
Garbage complaint about waste,Garbage,Low
Water complaint about taps,Water,Low
Drainage complaint about sewage,Drainage,High
Streetlight complaint about lamps,Streetlight,Low
Pollution complaint about smoke,Pollution,Low
Road issue about vehicles,Road/Pothole,Low
Garbage issue about waste,Garbage,Low
Water issue about taps,Water,Low
Drainage issue about sewage,Drainage,High
Streetlight issue about lamps,Streetlight,Low
Pollution issue about smoke,Pollution,Low
Road problem about vehicles,Road/Pothole,Low
Garbage problem about waste,Garbage,Low
Water problem about taps,Water,Low
Drainage problem about sewage,Drainage,High
Streetlight problem about lamps,Streetlight,Low
Pollution problem about smoke,Pollution,Low
Road complaint about road maintenance,Road/Pothole,Low
Garbage complaint about waste collection,Garbage,Low
Water complaint about water supply,Water,Low
Drainage complaint about drain cleaning,Drainage,Low
Streetlight complaint about streetlight repair,Streetlight,Low
Pollution complaint about pollution control,Pollution,Low
Road issue about road maintenance,Road/Pothole,Low
Garbage issue about waste collection,Garbage,Low
Water issue about water supply,Water,Low
Drainage issue about drain cleaning,Drainage,Low
Streetlight issue about streetlight repair,Streetlight,Low
Pollution issue about pollution control,Pollution,Low
Road problem about road maintenance,Road/Pothole,Low
Garbage problem about waste collection,Garbage,Low
Water problem about water supply,Water,Low
Drainage problem about drain cleaning,Drainage,Low
Streetlight problem about streetlight repair,Streetlight,Low
Pollution problem about pollution control,Pollution,Low
Road complaint about maintenance,Road/Pothole,Low
Garbage complaint about collection,Garbage,Low
Water complaint about supply,Water,Low
Drainage complaint about cleaning,Drainage,Low
Streetlight complaint about repair,Streetlight,Low
Pollution complaint about control,Pollution,Low
Road issue about maintenance,Road/Pothole,Low
Garbage issue about collection,Garbage,Low
Water issue about supply,Water,Low
Drainage issue about cleaning,Drainage,Low
Streetlight issue about repair,Streetlight,Low
Pollution issue about control,Pollution,Low
Road problem about maintenance,Road/Pothole,Low
Garbage problem about collection,Garbage,Low
Water problem about supply,Water,Low
Drainage problem about cleaning,Drainage,Low
Streetlight problem about repair,Streetlight,Low
Pollution problem about control,Pollution,Low
Road complaint about service,Road/Pothole,Low
Garbage complaint about service,Garbage,Low
Water complaint about service,Water,Low
Drainage complaint about service,Drainage,Low
Streetlight complaint about service,Streetlight,Low
Pollution complaint about service,Pollution,Low
Road issue about service,Road/Pothole,Low
Garbage issue about service,Garbage,Low
Water issue about service,Water,Low
Drainage issue about service,Drainage,Low
Streetlight issue about service,Streetlight,Low
Pollution issue about service,Pollution,Low
Road problem about service,Road/Pothole,Low
Garbage problem about service,Garbage,Low
Water problem about service,Water,Low
Drainage problem about service,Drainage,Low
Streetlight problem about service,Streetlight,Low
Pollution problem about service,Pollution,Low
Road complaint about department,Road/Pothole,Low
Garbage complaint about department,Garbage,Low
Water complaint about department,Water,Low
Drainage complaint about department,Drainage,Low
Streetlight complaint about department,Streetlight,Low
Pollution complaint about department,Pollution,Low
Road issue about department,Road/Pothole,Low
Garbage issue about department,Garbage,Low
Water issue about department,Water,Low
Drainage issue about department,Drainage,Low
Streetlight issue about department,Streetlight,Low
Pollution issue about department,Pollution,Low
Road problem about department,Road/Pothole,Low
Garbage problem about department,Garbage,Low
Water problem about department,Water,Low
Drainage problem about department,Drainage,Low
Streetlight problem about department,Streetlight,Low
Pollution problem about department,Pollution,Low
Road complaint about authority,Road/Pothole,Low
Garbage complaint about authority,Garbage,Low
Water complaint about authority,Water,Low
Drainage complaint about authority,Drainage,Low
Streetlight complaint about authority,Streetlight,Low
Pollution complaint about authority,Pollution,Low
Road issue about authority,Road/Pothole,Low
Garbage issue about authority,Garbage,Low
Water issue about authority,Water,Low
Drainage issue about authority,Drainage,Low
Streetlight issue about authority,Streetlight,Low
Pollution issue about authority,Pollution,Low
Road problem about authority,Road/Pothole,Low
Garbage problem about authority,Garbage,Low
Water problem about authority,Water,Low
Drainage problem about authority,Drainage,Low
Streetlight problem about authority,Streetlight,Low
Pollution problem about authority,Pollution,Low
Road complaint about municipal,Road/Pothole,Low
Garbage complaint about municipal,Garbage,Low
Water complaint about municipal,Water,Low
Drainage complaint about municipal,Drainage,Low
Streetlight complaint about municipal,Streetlight,Low
Pollution complaint about municipal,Pollution,Low
Road issue about municipal,Road/Pothole,Low
Garbage issue about municipal,Garbage,Low
Water issue about municipal,Water,Low
Drainage issue about municipal,Drainage,Low
Streetlight issue about municipal,Streetlight,Low
Pollution issue about municipal,Pollution,Low
Road problem about municipal,Road/Pothole,Low
Garbage problem about municipal,Garbage,Low
Water problem about municipal,Water,Low
Drainage problem about municipal,Drainage,Low
Streetlight problem about municipal,Streetlight,Low
Pollution problem about municipal,Pollution,Low
Road complaint about government,Road/Pothole,Low
Garbage complaint about government,Garbage,Low
Water complaint about government,Water,Low
Drainage complaint about government,Drainage,Low
Streetlight complaint about government,Streetlight,Low
Pollution complaint about government,Pollution,Low
Road issue about government,Road/Pothole,Low
Garbage issue about government,Garbage,Low
Water issue about government,Water,Low
Drainage issue about government,Drainage,Low
Streetlight issue about government,Streetlight,Low
Pollution issue about government,Pollution,Low
Road problem about government,Road/Pothole,Low
Garbage problem about government,Garbage,Low
Water problem about government,Water,Low
Drainage problem about government,Drainage,Low
Streetlight problem about government,Streetlight,Low
Pollution problem about government,Pollution,Low
Road complaint about civic body,Road/Pothole,Low
Garbage complaint about civic body,Garbage,Low
Water complaint about civic body,Water,Low
Drainage complaint about civic body,Drainage,Low
Streetlight complaint about civic body,Streetlight,Low
Pollution complaint about civic body,Pollution,Low
Road issue about civic body,Road/Pothole,Low
Garbage issue about civic body,Garbage,Low
Water issue about civic body,Water,Low
Drainage issue about civic body,Drainage,Low
Streetlight issue about civic body,Streetlight,Low
Pollution issue about civic body,Pollution,Low
Road problem about civic body,Road/Pothole,Low
Garbage problem about civic body,Garbage,Low
Water problem about civic body,Water,Low
Drainage problem about civic body,Drainage,Low
Streetlight problem about civic body,Streetlight,Low
Pollution problem about civic body,Pollution,Low
Road complaint about municipality,Road/Pothole,Low
Garbage complaint about municipality,Garbage,Low
Water complaint about municipality,Water,Low
Drainage complaint about municipality,Drainage,Low
Streetlight complaint about municipality,Streetlight,Low
Pollution complaint about municipality,Pollution,Low
Road issue about municipality,Road/Pothole,Low
Garbage issue about municipality,Garbage,Low
Water issue about municipality,Water,Low
Drainage issue about municipality,Drainage,Low
Streetlight issue about municipality,Streetlight,Low
Pollution issue about municipality,Pollution,Low
Road problem about municipality,Road/Pothole,Low
Garbage problem about municipality,Garbage,Low
Water problem about municipality,Water,Low
Drainage problem about municipality,Drainage,Low
Streetlight problem about municipality,Streetlight,Low
Pollution problem about municipality,Pollution,Low
Road complaint about civic authority,Road/Pothole,Low
Garbage complaint about civic authority,Garbage,Low
Water complaint about civic authority,Water,Low
Drainage complaint about civic authority,Drainage,Low
Streetlight complaint about civic authority,Streetlight,Low
Pollution complaint about civic authority,Pollution,Low
Road issue about civic authority,Road/Pothole,Low
Garbage issue about civic authority,Garbage,Low
Water issue about civic authority,Water,Low
Drainage issue about civic authority,Drainage,Low
Streetlight issue about civic authority,Streetlight,Low
Pollution issue about civic authority,Pollution,Low
Road problem about civic authority,Road/Pothole,Low
Garbage problem about civic authority,Garbage,Low
Water problem about civic authority,Water,Low
Drainage problem about civic authority,Drainage,Low
Streetlight problem about civic authority,Streetlight,Low
Pollution problem about civic authority,Pollution,Low
Road complaint about civic department,Road/Pothole,Low
Garbage complaint about civic department,Garbage,Low
Water complaint about civic department,Water,Low
Drainage complaint about civic department,Drainage,Low
Streetlight complaint about civic department,Streetlight,Low
Pollution complaint about civic department,Pollution,Low
Road issue about civic department,Road/Pothole,Low
Garbage issue about civic department,Garbage,Low
Water issue about civic department,Water,Low
Drainage issue about civic department,Drainage,Low
Streetlight issue about civic department,Streetlight,Low
Pollution issue about civic department,Pollution,Low
Road problem about civic department,Road/Pothole,Low
Garbage problem about civic department,Garbage,Low
Water problem about civic department,Water,Low
Drainage problem about civic department,Drainage,Low
Streetlight problem about civic department,Streetlight,Low
Pollution problem about civic department,Pollution,Low
Road complaint about civic service,Road/Pothole,Low
Garbage complaint about civic service,Garbage,Low
Water complaint about civic service,Water,Low
Drainage complaint about civic service,Drainage,Low
Streetlight complaint about civic service,Streetlight,Low
Pollution complaint about civic service,Pollution,Low
Road issue about civic service,Road/Pothole,Low
Garbage issue about civic service,Garbage,Low
Water issue about civic service,Water,Low
Drainage issue about civic service,Drainage,Low
Streetlight issue about civic service,Streetlight,Low
Pollution issue about civic service,Pollution,Low
Road problem about civic service,Road/Pothole,Low
Garbage problem about civic service,Garbage,Low
Water problem about civic service,Water,Low
Drainage problem about civic service,Drainage,Low
Streetlight problem about civic service,Streetlight,Low
Pollution problem about civic service,Pollution,Low
Road complaint about public service,Road/Pothole,Low
Garbage complaint about public service,Garbage,Low
Water complaint about public service,Water,Low
Drainage complaint about public service,Drainage,Low
Streetlight complaint about public service,Streetlight,Low
Pollution complaint about public service,Pollution,Low
Road issue about public service,Road/Pothole,Low
Garbage issue about public service,Garbage,Low
Water issue about public service,Water,Low
Drainage issue about public service,Drainage,Low
Streetlight issue about public service,Streetlight,Low
Pollution issue about public service,Pollution,Low
Road problem about public service,Road/Pothole,Low
Garbage problem about public service,Garbage,Low
Water problem about public service,Water,Low
Drainage problem about public service,Drainage,Low
Streetlight problem about public service,Streetlight,Low
Pollution problem about public service,Pollution,Low
Road complaint about public utilities,Road/Pothole,Low
Garbage complaint about public utilities,Garbage,Low
Water complaint about public utilities,Water,Low
Drainage complaint about public utilities,Drainage,Low
Streetlight complaint about public utilities,Streetlight,Low
Pollution complaint about public utilities,Pollution,Low
Road issue about public utilities,Road/Pothole,Low
Garbage issue about public utilities,Garbage,Low
Water issue about public utilities,Water,Low
Drainage issue about public utilities,Drainage,Low
Streetlight issue about public utilities,Streetlight,Low
Pollution issue about public utilities,Pollution,Low
Road problem about public utilities,Road/Pothole,Low
Garbage problem about public utilities,Garbage,Low
Water problem about public utilities,Water,Low
Drainage problem about public utilities,Drainage,Low
Streetlight problem about public utilities,Streetlight,Low
Pollution problem about public utilities,Pollution,Low
Road complaint about public infrastructure,Road/Pothole,Low
Garbage complaint about public infrastructure,Garbage,Low
Water complaint about public infrastructure,Water,Low
Drainage complaint about public infrastructure,Drainage,Low
Streetlight complaint about public infrastructure,Streetlight,Low
Pollution complaint about public infrastructure,Pollution,Low
Road issue about public infrastructure,Road/Pothole,Low
Garbage issue about public infrastructure,Garbage,Low
Water issue about public infrastructure,Water,Low
Drainage issue about public infrastructure,Drainage,Low
Streetlight issue about public infrastructure,Streetlight,Low
Pollution issue about public infrastructure,Pollution,Low
Road problem about public infrastructure,Road/Pothole,Low
Garbage problem about public infrastructure,Garbage,Low
Water problem about public infrastructure,Water,Low
Drainage problem about public infrastructure,Drainage,Low
Streetlight problem about public infrastructure,Streetlight,Low
Pollution problem about public infrastructure,Pollution,Low
Road complaint about public facilities,Road/Pothole,Low
Garbage complaint about public facilities,Garbage,Low
Water complaint about public facilities,Water,Low
Drainage complaint about public facilities,Drainage,Low
Streetlight complaint about public facilities,Streetlight,Low
Pollution complaint about public facilities,Pollution,Low
Road issue about public facilities,Road/Pothole,Low
Garbage issue about public facilities,Garbage,Low
Water issue about public facilities,Water,Low
Drainage issue about public facilities,Drainage,Low
Streetlight issue about public facilities,Streetlight,Low
Pollution issue about public facilities,Pollution,Low
Road problem about public facilities,Road/Pothole,Low
Garbage problem about public facilities,Garbage,Low
Water problem about public facilities,Water,Low
Drainage problem about public facilities,Drainage,Low
Streetlight problem about public facilities,Streetlight,Low
Pollution problem about public facilities,Pollution,Low
Road complaint about public amenities,Road/Pothole,Low
Garbage complaint about public amenities,Garbage,Low
Water complaint about public amenities,Water,Low
Drainage complaint about public amenities,Drainage,Low
Streetlight complaint about public amenities,Streetlight,Low
Pollution complaint about public amenities,Pollution,Low
Road issue about public amenities,Road/Pothole,Low
Garbage issue about public amenities,Garbage,Low
Water issue about public amenities,Water,Low
Drainage issue about public amenities,Drainage,Low
Streetlight issue about public amenities,Streetlight,Low
Pollution issue about public amenities,Pollution,Low
Road problem about public amenities,Road/Pothole,Low
Garbage problem about public amenities,Garbage,Low
Water problem about public amenities,Water,Low
Drainage problem about public amenities,Drainage,Low
Streetlight problem about public amenities,Streetlight,Low
Pollution problem about public amenities,Pollution,Low
Road complaint about civic amenities,Road/Pothole,Low
Garbage complaint about civic amenities,Garbage,Low
Water complaint about civic amenities,Water,Low
Drainage complaint about civic amenities,Drainage,Low
Streetlight complaint about civic amenities,Streetlight,Low
Pollution complaint about civic amenities,Pollution,Low
Road issue about civic amenities,Road/Pothole,Low
Garbage issue about civic amenities,Garbage,Low
Water issue about civic amenities,Water,Low
Drainage issue about civic amenities,Drainage,Low
Streetlight issue about civic amenities,Streetlight,Low
Pollution issue about civic amenities,Pollution,Low
Road problem about civic amenities,Road/Pothole,Low
Garbage problem about civic amenities,Garbage,Low
Water problem about civic amenities,Water,Low
Drainage problem about civic amenities,Drainage,Low
Streetlight problem about civic amenities,Streetlight,Low
Pollution problem about civic amenities,Pollution,Low
Road complaint about civic facilities,Road/Pothole,Low
Garbage complaint about civic facilities,Garbage,Low
Water complaint about civic facilities,Water,Low
Drainage complaint about civic facilities,Drainage,Low
Streetlight complaint about civic facilities,Streetlight,Low
Pollution complaint about civic facilities,Pollution,Low
Road issue about civic facilities,Road/Pothole,Low
Garbage issue about civic facilities,Garbage,Low
Water issue about civic facilities,Water,Low
Drainage issue about civic facilities,Drainage,Low
Streetlight issue about civic facilities,Streetlight,Low
Pollution issue about civic facilities,Pollution,Low
Road problem about civic facilities,Road/Pothole,Low
Garbage problem about civic facilities,Garbage,Low
Water problem about civic facilities,Water,Low
Drainage problem about civic facilities,Drainage,Low
Streetlight problem about civic facilities,Streetlight,Low
Pollution problem about civic facilities,Pollution,Low
Road complaint about civic services,Road/Pothole,Low
Garbage complaint about civic services,Garbage,Low
Water complaint about civic services,Water,Low
Drainage complaint about civic services,Drainage,Low
Streetlight complaint about civic services,Streetlight,Low
Pollution complaint about civic services,Pollution,Low
Road issue about civic services,Road/Pothole,Low
Garbage issue about civic services,Garbage,Low
Water issue about civic services,Water,Low
Drainage issue about civic services,Drainage,Low
Streetlight issue about civic services,Streetlight,Low
Pollution issue about civic services,Pollution,Low
Road problem about civic services,Road/Pothole,Low
Garbage problem about civic services,Garbage,Low
Water problem about civic services,Water,Low
Drainage problem about civic services,Drainage,Low
Streetlight problem about civic services,Streetlight,Low
Pollution problem about civic services,Pollution,Low
Road complaint about civic issues,Road/Pothole,Low
Garbage complaint about civic issues,Garbage,Low
Water complaint about civic issues,Water,Low
Drainage complaint about civic issues,Drainage,Low
Streetlight complaint about civic issues,Streetlight,Low
Pollution complaint about civic issues,Pollution,Low
Road issue about civic issues,Road/Pothole,Low
Garbage issue about civic issues,Garbage,Low
Water issue about civic issues,Water,Low
Drainage issue about civic issues,Drainage,Low
Streetlight issue about civic issues,Streetlight,Low
Pollution issue about civic issues,Pollution,Low
Road problem about civic issues,Road/Pothole,Low
Garbage problem about civic issues,Garbage,Low
Water problem about civic issues,Water,Low
Drainage problem about civic issues,Drainage,Low
Streetlight problem about civic issues,Streetlight,Low
Pollution problem about civic issues,Pollution,Low
Road complaint about civic matter,Road/Pothole,Low
Garbage complaint about civic matter,Garbage,Low
Water complaint about civic matter,Water,Low
Drainage complaint about civic matter,Drainage,Low
Streetlight complaint about civic matter,Streetlight,Low
Pollution complaint about civic matter,Pollution,Low
Road issue about civic matter,Road/Pothole,Low
Garbage issue about civic matter,Garbage,Low
Water issue about civic matter,Water,Low
Drainage issue about civic matter,Drainage,Low
Streetlight issue about civic matter,Streetlight,Low
Pollution issue about civic matter,Pollution,Low
Road problem about civic matter,Road/Pothole,Low
Garbage problem about civic matter,Garbage,Low
Water problem about civic matter,Water,Low
Drainage problem about civic matter,Drainage,Low
Streetlight problem about civic matter,Streetlight,Low
Pollution problem about civic matter,Pollution,Low
Road complaint about civic concern,Road/Pothole,Low
Garbage complaint about civic concern,Garbage,Low
Water complaint about civic concern,Water,Low
Drainage complaint about civic concern,Drainage,Low
Streetlight complaint about civic concern,Streetlight,Low
Pollution complaint about civic concern,Pollution,Low
Road issue about civic concern,Road/Pothole,Low
Garbage issue about civic concern,Garbage,Low
Water issue about civic concern,Water,Low
Drainage issue about civic concern,Drainage,Low
Streetlight issue about civic concern,Streetlight,Low
Pollution issue about civic concern,Pollution,Low
Road problem about civic concern,Road/Pothole,Low
Garbage problem about civic concern,Garbage,Low
Water problem about civic concern,Water,Low
Drainage problem about civic concern,Drainage,Low
Streetlight problem about civic concern,Streetlight,Low
Pollution problem about civic concern,Pollution,Low
Road complaint about civic need,Road/Pothole,Low
Garbage complaint about civic need,Garbage,Low
Water complaint about civic need,Water,Low
Drainage complaint about civic need,Drainage,Low
Streetlight complaint about civic need,Streetlight,Low
Pollution complaint about civic need,Pollution,Low
Road issue about civic need,Road/Pothole,Low
Garbage issue about civic need,Garbage,Low
Water issue about civic need,Water,Low
Drainage issue about civic need,Drainage,Low
Streetlight issue about civic need,Streetlight,Low
Pollution issue about civic need,Pollution,Low
Road problem about civic need,Road/Pothole,Low
Garbage problem about civic need,Garbage,Low
Water problem about civic need,Water,Low
Drainage problem about civic need,Drainage,Low
Streetlight problem about civic need,Streetlight,Low
Pollution problem about civic need,Pollution,Low
Road complaint about civic requirement,Road/Pothole,Low
Garbage complaint about civic requirement,Garbage,Low
Water complaint about civic requirement,Water,Low
Drainage complaint about civic requirement,Drainage,Low
Streetlight complaint about civic requirement,Streetlight,Low
Pollution complaint about civic requirement,Pollution,Low
Road issue about civic requirement,Road/Pothole,Low
Garbage issue about civic requirement,Garbage,Low
Water issue about civic requirement,Water,Low
Drainage issue about civic requirement,Drainage,Low
Streetlight issue about civic requirement,Streetlight,Low
Pollution issue about civic requirement,Pollution,Low
Road problem about civic requirement,Road/Pothole,Low
Garbage problem about civic requirement,Garbage,Low
Water problem about civic requirement,Water,Low
Drainage problem about civic requirement,Drainage,Low
Streetlight problem about civic requirement,Streetlight,Low
Pollution problem about civic requirement,Pollution,Low
Road complaint about civic request,Road/Pothole,Low
Garbage complaint about civic request,Garbage,Low
Water complaint about civic request,Water,Low
Drainage complaint about civic request,Drainage,Low
Streetlight complaint about civic request,Streetlight,Low
Pollution complaint about civic request,Pollution,Low
Road issue about civic request,Road/Pothole,Low
Garbage issue about civic request,Garbage,Low
Water issue about civic request,Water,Low
Drainage issue about civic request,Drainage,Low
Streetlight issue about civic request,Streetlight,Low
Pollution issue about civic request,Pollution,Low
Road problem about civic request,Road/Pothole,Low
Garbage problem about civic request,Garbage,Low
Water problem about civic request,Water,Low
Drainage problem about civic request,Drainage,Low
Streetlight problem about civic request,Streetlight,Low
Pollution problem about civic request,Pollution,Low
Road complaint about civic support,Road/Pothole,Low
Garbage complaint about civic support,Garbage,Low
Water complaint about civic support,Water,Low
Drainage complaint about civic support,Drainage,Low
Streetlight complaint about civic support,Streetlight,Low
Pollution complaint about civic support,Pollution,Low
Road issue about civic support,Road/Pothole,Low
Garbage issue about civic support,Garbage,Low
Water issue about civic support,Water,Low
Drainage issue about civic support,Drainage,Low
Streetlight issue about civic support,Streetlight,Low
Pollution issue about civic support,Pollution,Low
Road problem about civic support,Road/Pothole,Low
Garbage problem about civic support,Garbage,Low
Water problem about civic support,Water,Low
Drainage problem about civic support,Drainage,Low
Streetlight problem about civic support,Streetlight,Low
Pollution problem about civic support,Pollution,Low
Road complaint about civic assistance,Road/Pothole,Low
Garbage complaint about civic assistance,Garbage,Low
Water complaint about civic assistance,Water,Low
Drainage complaint about civic assistance,Drainage,Low
Streetlight complaint about civic assistance,Streetlight,Low
Pollution complaint about civic assistance,Pollution,Low
Road issue about civic assistance,Road/Pothole,Low
Garbage issue about civic assistance,Garbage,Low
Water issue about civic assistance,Water,Low
Drainage issue about civic assistance,Drainage,Low
Streetlight issue about civic assistance,Streetlight,Low
Pollution issue about civic assistance,Pollution,Low
Road problem about civic assistance,Road/Pothole,Low
Garbage problem about civic assistance,Garbage,Low
Water problem about civic assistance,Water,Low
Drainage problem about civic assistance,Drainage,Low
Streetlight problem about civic assistance,Streetlight,Low
Pollution problem about civic assistance,Pollution,Low
Road complaint about civic help,Road/Pothole,Low
Garbage complaint about civic help,Garbage,Low
Water complaint about civic help,Water,Low
Drainage complaint about civic help,Drainage,Low
Streetlight complaint about civic help,Streetlight,Low
Pollution complaint about civic help,Pollution,Low
Road issue about civic help,Road/Pothole,Low
Garbage issue about civic help,Garbage,Low
Water issue about civic help,Water,Low
Drainage issue about civic help,Drainage,Low
Streetlight issue about civic help,Streetlight,Low
Pollution issue about civic help,Pollution,Low
Road problem about civic help,Road/Pothole,Low
Garbage problem about civic help,Garbage,Low
Water problem about civic help,Water,Low
Drainage problem about civic help,Drainage,Low
Streetlight problem about civic help,Streetlight,Low
Pollution problem about civic help,Pollution,Low
Road complaint about civic solution,Road/Pothole,Low
Garbage complaint about civic solution,Garbage,Low
Water complaint about civic solution,Water,Low
Drainage complaint about civic solution,Drainage,Low
Streetlight complaint about civic solution,Streetlight,Low
Pollution complaint about civic solution,Pollution,Low
Road issue about civic solution,Road/Pothole,Low
Garbage issue about civic solution,Garbage,Low
Water issue about civic solution,Water,Low
Drainage issue about civic solution,Drainage,Low
Streetlight issue about civic solution,Streetlight,Low
Pollution issue about civic solution,Pollution,Low
Road problem about civic solution,Road/Pothole,Low
Garbage problem about civic solution,Garbage,Low
Water problem about civic solution,Water,Low
Drainage problem about civic solution,Drainage,Low
Streetlight problem about civic solution,Streetlight,Low
Pollution problem about civic solution,Pollution,Low
Road complaint about civic resolution,Road/Pothole,Low
Garbage complaint about civic resolution,Garbage,Low
Water complaint about civic resolution,Water,Low
Drainage complaint about civic resolution,Drainage,Low
Streetlight complaint about civic resolution,Streetlight,Low
Pollution complaint about civic resolution,Pollution,Low
Road issue about civic resolution,Road/Pothole,Low
Garbage issue about civic resolution,Garbage,Low
Water issue about civic resolution,Water,Low
Drainage issue about civic resolution,Drainage,Low
Streetlight issue about civic resolution,Streetlight,Low
Pollution issue about civic resolution,Pollution,Low
Road problem about civic resolution,Road/Pothole,Low
Garbage problem about civic resolution,Garbage,Low
Water problem about civic resolution,Water,Low
Drainage problem about civic resolution,Drainage,Low
Streetlight problem about civic resolution,Streetlight,Low
Pollution problem about civic resolution,Pollution,Low
Road complaint about civic action,Road/Pothole,Low
Garbage complaint about civic action,Garbage,Low
Water complaint about civic action,Water,Low
Drainage complaint about civic action,Drainage,Low
Streetlight complaint about civic action,Streetlight,Low
Pollution complaint about civic action,Pollution,Low
Road issue about civic action,Road/Pothole,Low
Garbage issue about civic action,Garbage,Low
Water issue about civic action,Water,Low
Drainage issue about civic action,Drainage,Low
Streetlight issue about civic action,Streetlight,Low
Pollution issue about civic action,Pollution,Low
Road problem about civic action,Road/Pothole,Low
Garbage problem about civic action,Garbage,Low
Water problem about civic action,Water,Low
Drainage problem about civic action,Drainage,Low
Streetlight problem about civic action,Streetlight,Low
Pollution problem about civic action,Pollution,Low
Road complaint about civic response,Road/Pothole,Low
Garbage complaint about civic response,Garbage,Low
Water complaint about civic response,Water,Low
Drainage complaint about civic response,Drainage,Low
Streetlight complaint about civic response,Streetlight,Low
Pollution complaint about civic response,Pollution,Low
Road issue about civic response,Road/Pothole,Low
Garbage issue about civic response,Garbage,Low
Water issue about civic response,Water,Low
Drainage issue about civic response,Drainage,Low
Streetlight issue about civic response,Streetlight,Low
Pollution issue about civic response,Pollution,Low
Road problem about civic response,Road/Pothole,Low
Garbage problem about civic response,Garbage,Low
Water problem about civic response,Water,Low
Drainage problem about civic response,Drainage,Low
Streetlight problem about civic response,Streetlight,Low
Pollution problem about civic response,Pollution,Low
Road complaint about civic monitoring,Road/Pothole,Low
Garbage complaint about civic monitoring,Garbage,Low
Water complaint about civic monitoring,Water,Low
Drainage complaint about civic monitoring,Drainage,Low
Streetlight complaint about civic monitoring,Streetlight,Low
Pollution complaint about civic monitoring,Pollution,Low
Road issue about civic monitoring,Road/Pothole,Low
Garbage issue about civic monitoring,Garbage,Low
Water issue about civic monitoring,Water,Low
Drainage issue about civic monitoring,Drainage,Low
Streetlight issue about civic monitoring,Streetlight,Low
Pollution issue about civic monitoring,Pollution,Low
Road problem about civic monitoring,Road/Pothole,Low
Garbage problem about civic monitoring,Garbage,Low
Water problem about civic monitoring,Water,Low
Drainage problem about civic monitoring,Drainage,Low
Streetlight problem about civic monitoring,Streetlight,Low
Pollution problem about civic monitoring,Pollution,Low
Road complaint about civic tracking,Road/Pothole,Low
Garbage complaint about civic tracking,Garbage,Low
Water complaint about civic tracking,Water,Low
Drainage complaint about civic tracking,Drainage,Low
Streetlight complaint about civic tracking,Streetlight,Low
Pollution complaint about civic tracking,Pollution,Low
Road issue about civic tracking,Road/Pothole,Low
Garbage issue about civic tracking,Garbage,Low
Water issue about civic tracking,Water,Low
Drainage issue about civic tracking,Drainage,Low
Streetlight issue about civic tracking,Streetlight,Low
Pollution issue about civic tracking,Pollution,Low
Road problem about civic tracking,Road/Pothole,Low
Garbage problem about civic tracking,Garbage,Low
Water problem about civic tracking,Water,Low
Drainage problem about civic tracking,Drainage,Low
Streetlight problem about civic tracking,Streetlight,Low
Pollution problem about civic tracking,Pollution,Low
Road complaint about civic status,Road/Pothole,Low
Garbage complaint about civic status,Garbage,Low
Water complaint about civic status,Water,Low
Drainage complaint about civic status,Drainage,Low
Streetlight complaint about civic status,Streetlight,Low
Pollution complaint about civic status,Pollution,Low
Road issue about civic status,Road/Pothole,Low
Garbage issue about civic status,Garbage,Low
Water issue about civic status,Water,Low
Drainage issue about civic status,Drainage,Low
Streetlight issue about civic status,Streetlight,Low
Pollution issue about civic status,Pollution,Low
Road problem about civic status,Road/Pothole,Low
Garbage problem about civic status,Garbage,Low
Water problem about civic status,Water,Low
Drainage problem about civic status,Drainage,Low
Streetlight problem about civic status,Streetlight,Low
Pollution problem about civic status,Pollution,Low
Road complaint about civic follow up,Road/Pothole,Low
Garbage complaint about civic follow up,Garbage,Low
Water complaint about civic follow up,Water,Low
Drainage complaint about civic follow up,Drainage,Low
Streetlight complaint about civic follow up,Streetlight,Low
Pollution complaint about civic follow up,Pollution,Low
Road issue about civic follow up,Road/Pothole,Low
Garbage issue about civic follow up,Garbage,Low
Water issue about civic follow up,Water,Low
Drainage issue about civic follow up,Drainage,Low
Streetlight issue about civic follow up,Streetlight,Low
Pollution issue about civic follow up,Pollution,Low
Road problem about civic follow up,Road/Pothole,Low
Garbage problem about civic follow up,Garbage,Low
Water problem about civic follow up,Water,Low
Drainage problem about civic follow up,Drainage,Low
Streetlight problem about civic follow up,Streetlight,Low
Pollution problem about civic follow up,Pollution,Low
Road complaint about civic escalation,Road/Pothole,Low
Garbage complaint about civic escalation,Garbage,Low
Water complaint about civic escalation,Water,Low
Drainage complaint about civic escalation,Drainage,Low
Streetlight complaint about civic escalation,Streetlight,Low
Pollution complaint about civic escalation,Pollution,Low
Road issue about civic escalation,Road/Pothole,Low
Garbage issue about civic escalation,Garbage,Low
Water issue about civic escalation,Water,Low
Drainage issue about civic escalation,Drainage,Low
Streetlight issue about civic escalation,Streetlight,Low
Pollution issue about civic escalation,Pollution,Low
Road problem about civic escalation,Road/Pothole,Low
Garbage problem about civic escalation,Garbage,Low
Water problem about civic escalation,Water,Low
Drainage problem about civic escalation,Drainage,Low
Streetlight problem about civic escalation,Streetlight,Low
Pollution problem about civic escalation,Pollution,Low
Road complaint about civic escalation needed,Road/Pothole,Low
Garbage complaint about civic escalation needed,Garbage,Low
Water complaint about civic escalation needed,Water,Low
Drainage complaint about civic escalation needed,Drainage,Low
Streetlight complaint about civic escalation needed,Streetlight,Low
Pollution complaint about civic escalation needed,Pollution,Low
Road issue about civic escalation needed,Road/Pothole,Low
Garbage issue about civic escalation needed,Garbage,Low
Water issue about civic escalation needed,Water,Low
Drainage issue about civic escalation needed,Drainage,Low
Streetlight issue about civic escalation needed,Streetlight,Low
Pollution issue about civic escalation needed,Pollution,Low
Road problem about civic escalation needed,Road/Pothole,Low
Garbage problem about civic escalation needed,Garbage,Low
Water problem about civic escalation needed,Water,Low
Drainage problem about civic escalation needed,Drainage,Low
Streetlight problem about civic escalation needed,Streetlight,Low
Pollution problem about civic escalation needed,Pollution,Low
Road complaint about civic escalation required,Road/Pothole,Low
Garbage complaint about civic escalation required,Garbage,Low
Water complaint about civic escalation required,Water,Low
Drainage complaint about civic escalation required,Drainage,Low
Streetlight complaint about civic escalation required,Streetlight,Low
Pollution complaint about civic escalation required,Pollution,Low
Road issue about civic escalation required,Road/Pothole,Low
Garbage issue about civic escalation required,Garbage,Low
Water issue about civic escalation required,Water,Low
Drainage issue about civic escalation required,Drainage,Low
Streetlight issue about civic escalation required,Streetlight,Low
Pollution issue about civic escalation required,Pollution,Low
Road problem about civic escalation required,Road/Pothole,Low
Garbage problem about civic escalation required,Garbage,Low
Water problem about civic escalation required,Water,Low
Drainage problem about civic escalation required,Drainage,Low
Streetlight problem about civic escalation required,Streetlight,Low
Pollution problem about civic escalation required,Pollution,Low
Road complaint about civic escalation urgently,Road/Pothole,Low
Garbage complaint about civic escalation urgently,Garbage,Low
Water complaint about civic escalation urgently,Water,Low
Drainage complaint about civic escalation urgently,Drainage,Low
Streetlight complaint about civic escalation urgently,Streetlight,Low
Pollution complaint about civic escalation urgently,Pollution,Low
Road issue about civic escalation urgently,Road/Pothole,Low
Garbage issue about civic escalation urgently,Garbage,Low
Water issue about civic escalation urgently,Water,Low
Drainage issue about civic escalation urgently,Drainage,Low
Streetlight issue about civic escalation urgently,Streetlight,Low
Pollution issue about civic escalation urgently,Pollution,Low
Road problem about civic escalation urgently,Road/Pothole,Low
Garbage problem about civic escalation urgently,Garbage,Low
Water problem about civic escalation urgently,Water,Low
Drainage problem about civic escalation urgently,Drainage,Low
Streetlight problem about civic escalation urgently,Streetlight,Low
Pollution problem about civic escalation urgently,Pollution,Low
Road complaint about civic escalation immediately,Road/Pothole,Low
Garbage complaint about civic escalation immediately,Garbage,Low
Water complaint about civic escalation immediately,Water,Low
Drainage complaint about civic escalation immediately,Drainage,Low
Streetlight complaint about civic escalation immediately,Streetlight,Low
Pollution complaint about civic escalation immediately,Pollution,Low
Road issue about civic escalation immediately,Road/Pothole,Low
Garbage issue about civic escalation immediately,Garbage,Low
Water issue about civic escalation immediately,Water,Low
Drainage issue about civic escalation immediately,Drainage,Low
Streetlight issue about civic escalation immediately,Streetlight,Low
Pollution issue about civic escalation immediately,Pollution,Low
Road problem about civic escalation immediately,Road/Pothole,Low
Garbage problem about civic escalation immediately,Garbage,Low
Water problem about civic escalation immediately,Water,Low
Drainage problem about civic escalation immediately,Drainage,Low
Streetlight problem about civic escalation immediately,Streetlight,Low
Pollution problem about civic escalation immediately,Pollution,Low
Road complaint about civic escalation now,Road/Pothole,Low
Garbage complaint about civic escalation now,Garbage,Low
Water complaint about civic escalation now,Water,Low
Drainage complaint about civic escalation now,Drainage,Low
Streetlight complaint about civic escalation now,Streetlight,Low
Pollution complaint about civic escalation now,Pollution,Low
Road issue about civic escalation now,Road/Pothole,Low
Garbage issue about civic escalation now,Garbage,Low
Water issue about civic escalation now,Water,Low
Drainage issue about civic escalation now,Drainage,Low
Streetlight issue about civic escalation now,Streetlight,Low
Pollution issue about civic escalation now,Pollution,Low
Road problem about civic escalation now,Road/Pothole,Low
Garbage problem about civic escalation now,Garbage,Low
Water problem about civic escalation now,Water,Low
Drainage problem about civic escalation now,Drainage,Low
Streetlight problem about civic escalation now,Streetlight,Low
Pollution problem about civic escalation now,Pollution,Low
Road complaint about civic escalation,Road/Pothole,Low
Garbage complaint about civic escalation,Garbage,Low
Water complaint about civic escalation,Water,Low
Drainage complaint about civic escalation,Drainage,Low
Streetlight complaint about civic escalation,Streetlight,Low
Pollution complaint about civic escalation,Pollution,Low
Road issue about civic escalation,Road/Pothole,Low
Garbage issue about civic escalation,Garbage,Low
Water issue about civic escalation,Water,Low
Drainage issue about civic escalation,Drainage,Low
Streetlight issue about civic escalation,Streetlight,Low
Pollution issue about civic escalation,Pollution,Low
Road problem about civic escalation,Road/Pothole,Low
Garbage problem about civic escalation,Garbage,Low
Water problem about civic escalation,Water,Low
Drainage problem about civic escalation,Drainage,Low
Streetlight problem about civic escalation,Streetlight,Low
Pollution problem about civic escalation,Pollution,Low
Road complaint about escalation,Road/Pothole,Low
Garbage complaint about escalation,Garbage,Low
Water complaint about escalation,Water,Low
Drainage complaint about escalation,Drainage,Low
Streetlight complaint about escalation,Streetlight,Low
Pollution complaint about escalation,Pollution,Low
Road issue about escalation,Road/Pothole,Low
Garbage issue about escalation,Garbage,Low
Water issue about escalation,Water,Low
Drainage issue about escalation,Drainage,Low
Streetlight issue about escalation,Streetlight,Low
Pollution issue about escalation,Pollution,Low
Road problem about escalation,Road/Pothole,Low
Garbage problem about escalation,Garbage,Low
Water problem about escalation,Water,Low
Drainage problem about escalation,Drainage,Low
Streetlight problem about escalation,Streetlight,Low
Pollution problem about escalation,Pollution,Low
Road complaint escalation,Road/Pothole,Low
Garbage complaint escalation,Garbage,Low
Water complaint escalation,Water,Low
Drainage complaint escalation,Drainage,Low
Streetlight complaint escalation,Streetlight,Low
Pollution complaint escalation,Pollution,Low
Road issue escalation,Road/Pothole,Low
Garbage issue escalation,Garbage,Low
Water issue escalation,Water,Low
Drainage issue escalation,Drainage,Low
Streetlight issue escalation,Streetlight,Low
Pollution issue escalation,Pollution,Low
Road problem escalation,Road/Pothole,Low
Garbage problem escalation,Garbage,Low
Water problem escalation,Water,Low
Drainage problem escalation,Drainage,Low
Streetlight problem escalation,Streetlight,Low
Pollution problem escalation,Pollution,Low
Road complaint,Road/Pothole,Low
Garbage complaint,Garbage,Low
Water complaint,Water,Low
Drainage complaint,Drainage,Low
Streetlight complaint,Streetlight,Low
Pollution complaint,Pollution,Low
Road issue,Road/Pothole,Low
Garbage issue,Garbage,Low
Water issue,Water,Low
Drainage issue,Drainage,Low
Streetlight issue,Streetlight,Low
Pollution issue,Pollution,Low
Road problem,Road/Pothole,Low
Garbage problem,Garbage,Low
Water problem,Water,Low
Drainage problem,Drainage,Low
Streetlight problem,Streetlight,Low
Pollution problem,Pollution,Low
Road maintenance,Road/Pothole,Low
Garbage collection,Garbage,Low
Water supply,Water,Low
Drainage cleaning,Drainage,Low
Streetlight repair,Streetlight,Low
Pollution control,Pollution,Low
Road pothole,Road/Pothole,Low
Garbage overflow,Garbage,Low
Water shortage,Water,Low
Drain blockage,Drainage,Low
Streetlight failure,Streetlight,Low
Air pollution,Pollution,Low
Road damage,Road/Pothole,Low
Garbage accumulation,Garbage,Low
Water outage,Water,Low
Drain overflow,Drainage,Low
Streetlight outage,Streetlight,Low
Smoke pollution,Pollution,Low
Road repair,Road/Pothole,Low
Garbage removal,Garbage,Low
Water restoration,Water,Low
Drain cleaning,Drainage,Low
Streetlight repair,Streetlight,Low
Pollution control,Pollution,Low
Road maintenance required,Road/Pothole,Low
Garbage collection required,Garbage,Low
Water supply required,Water,Low
Drainage cleaning required,Drainage,Low
Streetlight repair required,Streetlight,Medium
Pollution control required,Pollution,Low
Road pothole repair,Road/Pothole,Low
Garbage overflow removal,Garbage,Low
Water shortage restoration,Water,Low
Drain blockage cleaning,Drainage,Low
Streetlight failure repair,Streetlight,Low
Air pollution control,Pollution,Low
Road pothole maintenance,Road/Pothole,Low
Garbage overflow management,Garbage,Low
Water shortage management,Water,Low
Drain blockage management,Drainage,Low
Streetlight failure management,Streetlight,Low
Air pollution management,Pollution,Low
Road pothole complaint,Road/Pothole,Low
Garbage overflow complaint,Garbage,Low
Water shortage complaint,Water,Low
Drain blockage complaint,Drainage,Low
Streetlight failure complaint,Streetlight,Low
Air pollution complaint,Pollution,Low
Road pothole issue,Road/Pothole,Low
Garbage overflow issue,Garbage,Low
Water shortage issue,Water,Low
Drain blockage issue,Drainage,Low
Streetlight failure issue,Streetlight,Low
Air pollution issue,Pollution,Low
Road pothole problem,Road/Pothole,Low
Garbage overflow problem,Garbage,Low
Water shortage problem,Water,Low
Drain blockage problem,Drainage,Low
Streetlight failure problem,Streetlight,Low
Air pollution problem,Pollution,Low
Road pothole request,Road/Pothole,Low
Garbage overflow request,Garbage,Low
Water shortage request,Water,Low
Drain blockage request,Drainage,Low
Streetlight failure request,Streetlight,Low
Air pollution request,Pollution,Low
Road pothole needs repair,Road/Pothole,Medium
Garbage overflow needs removal,Garbage,Low
Water shortage needs supply,Water,Low
Drain blockage needs cleaning,Drainage,Low
Streetlight failure needs repair,Streetlight,Medium
Air pollution needs control,Pollution,Low
Road pothole requires repair,Road/Pothole,Low
Garbage overflow requires removal,Garbage,Low
Water shortage requires supply,Water,Low
Drain blockage requires cleaning,Drainage,Low
Streetlight failure requires repair,Streetlight,Low
Air pollution requires control,Pollution,Low
Road pothole requires immediate repair,Road/Pothole,Low
Garbage overflow requires immediate removal,Garbage,Low
Water shortage requires immediate supply,Water,Low
Drain blockage requires immediate cleaning,Drainage,Low
Streetlight failure requires immediate repair,Streetlight,Low
Air pollution requires immediate control,Pollution,Low
Road pothole is dangerous,Road/Pothole,High
Garbage overflow is unhygienic,Garbage,Low
Water shortage is serious,Water,Low
Drain blockage is dangerous,Drainage,High
Streetlight failure is dangerous,Streetlight,High
Air pollution is dangerous,Pollution,High
Road pothole affects safety,Road/Pothole,Low
Garbage overflow affects hygiene,Garbage,Low
Water shortage affects households,Water,Low
Drain blockage affects safety,Drainage,Low
Streetlight failure affects safety,Streetlight,Low
Air pollution affects health,Pollution,Low
Road pothole causes accidents,Road/Pothole,Critical
Garbage overflow causes bad smell,Garbage,Medium
Water shortage causes difficulties,Water,Low
Drain blockage causes flooding,Drainage,High
Streetlight failure causes darkness,Streetlight,Low
Air pollution causes breathing problems,Pollution,Low
Road pothole near my home,Road/Pothole,Low
Garbage overflow near my home,Garbage,Low
Water shortage near my home,Water,Low
Drain blockage near my home,Drainage,Low
Streetlight failure near my home,Streetlight,Low
Air pollution near my home,Pollution,Low
Road pothole near school,Road/Pothole,High
Garbage overflow near school,Garbage,High
Water shortage near school,Water,High
Drain blockage near school,Drainage,High
Streetlight failure near school,Streetlight,High
Air pollution near school,Pollution,High
Road pothole near hospital,Road/Pothole,High
Garbage overflow near hospital,Garbage,High
Water shortage near hospital,Water,High
Drain blockage near hospital,Drainage,High
Streetlight failure near hospital,Streetlight,High
Air pollution near hospital,Pollution,High
Road pothole near market,Road/Pothole,Low
Garbage overflow near market,Garbage,Low
Water shortage near market,Water,Low
Drain blockage near market,Drainage,Low
Streetlight failure near market,Streetlight,Low
Air pollution near market,Pollution,Low
Road pothole near bus stop,Road/Pothole,Low
Garbage overflow near bus stop,Garbage,Low
Water shortage near bus stop,Water,Low
Drain blockage near bus stop,Drainage,Low
Streetlight failure near bus stop,Streetlight,Low
Air pollution near bus stop,Pollution,Low
Road pothole near college,Road/Pothole,Low
Garbage overflow near college,Garbage,Low
Water shortage near college,Water,Low
Drain blockage near college,Drainage,Low
Streetlight failure near college,Streetlight,Low
Air pollution near college,Pollution,Low
Road pothole in my area,Road/Pothole,Low
Garbage overflow in my area,Garbage,Low
Water shortage in my area,Water,Low
Drain blockage in my area,Drainage,Low
Streetlight failure in my area,Streetlight,Low
Air pollution in my area,Pollution,Low
Road pothole in my locality,Road/Pothole,Low
Garbage overflow in my locality,Garbage,Low
Water shortage in my locality,Water,Low
Drain blockage in my locality,Drainage,Low
Streetlight failure in my locality,Streetlight,Low
Air pollution in my locality,Pollution,Low
Road pothole in my neighborhood,Road/Pothole,Low
Garbage overflow in my neighborhood,Garbage,Low
Water shortage in my neighborhood,Water,Low
Drain blockage in my neighborhood,Drainage,Low
Streetlight failure in my neighborhood,Streetlight,Low
Air pollution in my neighborhood,Pollution,Low
Road pothole in our area,Road/Pothole,Low
Garbage overflow in our area,Garbage,Low
Water shortage in our area,Water,Low
Drain blockage in our area,Drainage,Low
Streetlight failure in our area,Streetlight,Low
Air pollution in our area,Pollution,Low
Road pothole in city,Road/Pothole,Low
Garbage overflow in city,Garbage,Low
Water shortage in city,Water,Low
Drain blockage in city,Drainage,Low
Streetlight failure in city,Streetlight,Low
Air pollution in city,Pollution,Low
Road pothole in district,Road/Pothole,Low
Garbage overflow in district,Garbage,Low
Water shortage in district,Water,Low
Drain blockage in district,Drainage,Low
Streetlight failure in district,Streetlight,Low
Air pollution in district,Pollution,Low
Road complaint is unresolved,Road/Pothole,Low
Garbage complaint is unresolved,Garbage,Low
Water complaint is unresolved,Water,Low
Drainage complaint is unresolved,Drainage,Low
Streetlight complaint is unresolved,Streetlight,Low
Pollution complaint is unresolved,Pollution,Low
Road issue is unresolved,Road/Pothole,Low
Garbage issue is unresolved,Garbage,Low
Water issue is unresolved,Water,Low
Drainage issue is unresolved,Drainage,Low
Streetlight issue is unresolved,Streetlight,Low
Pollution issue is unresolved,Pollution,Low
Road problem is unresolved,Road/Pothole,Low
Garbage problem is unresolved,Garbage,Low
Water problem is unresolved,Water,Low
Drainage problem is unresolved,Drainage,Low
Streetlight problem is unresolved,Streetlight,Low
Pollution problem is unresolved,Pollution,Low
Road complaint is pending,Road/Pothole,Low
Garbage complaint is pending,Garbage,Low
Water complaint is pending,Water,Low
Drainage complaint is pending,Drainage,Low
Streetlight complaint is pending,Streetlight,Low
Pollution complaint is pending,Pollution,Low
Road issue is pending,Road/Pothole,Low
Garbage issue is pending,Garbage,Low
Water issue is pending,Water,Low
Drainage issue is pending,Drainage,Low
Streetlight issue is pending,Streetlight,Low
Pollution issue is pending,Pollution,Low
Road problem is pending,Road/Pothole,Low
Garbage problem is pending,Garbage,Low
Water problem is pending,Water,Low
Drainage problem is pending,Drainage,Low
Streetlight problem is pending,Streetlight,Low
Pollution problem is pending,Pollution,Low
Road complaint is not resolved,Road/Pothole,Low
Garbage complaint is not resolved,Garbage,Low
Water complaint is not resolved,Water,Low
Drainage complaint is not resolved,Drainage,Low
Streetlight complaint is not resolved,Streetlight,Low
Pollution complaint is not resolved,Pollution,Low
Road issue is not resolved,Road/Pothole,Low
Garbage issue is not resolved,Garbage,Low
Water issue is not resolved,Water,Low
Drainage issue is not resolved,Drainage,Low
Streetlight issue is not resolved,Streetlight,Low
Pollution issue is not resolved,Pollution,Low
Road problem is not resolved,Road/Pothole,Low
Garbage problem is not resolved,Garbage,Low
Water problem is not resolved,Water,Low
Drainage problem is not resolved,Drainage,Low
Streetlight problem is not resolved,Streetlight,Low
Pollution problem is not resolved,Pollution,Low
Road complaint is still pending,Road/Pothole,Low
Garbage complaint is still pending,Garbage,Low
Water complaint is still pending,Water,Low
Drainage complaint is still pending,Drainage,Low
Streetlight complaint is still pending,Streetlight,Low
Pollution complaint is still pending,Pollution,Low
Road issue is still pending,Road/Pothole,Low
Garbage issue is still pending,Garbage,Low
Water issue is still pending,Water,Low
Drainage issue is still pending,Drainage,Low
Streetlight issue is still pending,Streetlight,Low
Pollution issue is still pending,Pollution,Low
Road problem is still pending,Road/Pothole,Low
Garbage problem is still pending,Garbage,Low
Water problem is still pending,Water,Low
Drainage problem is still pending,Drainage,Low
Streetlight problem is still pending,Streetlight,Low
Pollution problem is still pending,Pollution,Low
Road complaint is still unresolved,Road/Pothole,Low
Garbage complaint is still unresolved,Garbage,Low
Water complaint is still unresolved,Water,Low
Drainage complaint is still unresolved,Drainage,Low
Streetlight complaint is still unresolved,Streetlight,Low
Pollution complaint is still unresolved,Pollution,Low
Road issue is still unresolved,Road/Pothole,Low
Garbage issue is still unresolved,Garbage,Low
Water issue is still unresolved,Water,Low
Drainage issue is still unresolved,Drainage,Low
Streetlight issue is still unresolved,Streetlight,Low
Pollution issue is still unresolved,Pollution,Low
Road problem is still unresolved,Road/Pothole,Low
Garbage problem is still unresolved,Garbage,Low
Water problem is still unresolved,Water,Low
Drainage problem is still unresolved,Drainage,Low
Streetlight problem is still unresolved,Streetlight,Low
Pollution problem is still unresolved,Pollution,Low
Road complaint has been pending for days,Road/Pothole,Medium
Garbage complaint has been pending for days,Garbage,Medium
Water complaint has been pending for days,Water,Medium
Drainage complaint has been pending for days,Drainage,Medium
Streetlight complaint has been pending for days,Streetlight,Medium
Pollution complaint has been pending for days,Pollution,Medium
Road issue has been pending for days,Road/Pothole,Medium
Garbage issue has been pending for days,Garbage,Medium
Water issue has been pending for days,Water,Medium
Drainage issue has been pending for days,Drainage,Medium
Streetlight issue has been pending for days,Streetlight,Medium
Pollution issue has been pending for days,Pollution,Medium
Road problem has been pending for days,Road/Pothole,Medium
Garbage problem has been pending for days,Garbage,Medium
Water problem has been pending for days,Water,Medium
Drainage problem has been pending for days,Drainage,Medium
Streetlight problem has been pending for days,Streetlight,Medium
Pollution problem has been pending for days,Pollution,Medium
Road complaint has been ignored,Road/Pothole,Low
Garbage complaint has been ignored,Garbage,Low
Water complaint has been ignored,Water,Low
Drainage complaint has been ignored,Drainage,Low
Streetlight complaint has been ignored,Streetlight,Low
Pollution complaint has been ignored,Pollution,Low
Road issue has been ignored,Road/Pothole,Low
Garbage issue has been ignored,Garbage,Low
Water issue has been ignored,Water,Low
Drainage issue has been ignored,Drainage,Low
Streetlight issue has been ignored,Streetlight,Low
Pollution issue has been ignored,Pollution,Low
Road problem has been ignored,Road/Pothole,Low
Garbage problem has been ignored,Garbage,Low
Water problem has been ignored,Water,Low
Drainage problem has been ignored,Drainage,Low
Streetlight problem has been ignored,Streetlight,Low
Pollution problem has been ignored,Pollution,Low
Road complaint has not received response,Road/Pothole,Low
Garbage complaint has not received response,Garbage,Low
Water complaint has not received response,Water,Low
Drainage complaint has not received response,Drainage,Low
Streetlight complaint has not received response,Streetlight,Low
Pollution complaint has not received response,Pollution,Low
Road issue has not received response,Road/Pothole,Low
Garbage issue has not received response,Garbage,Low
Water issue has not received response,Water,Low
Drainage issue has not received response,Drainage,Low
Streetlight issue has not received response,Streetlight,Low
Pollution issue has not received response,Pollution,Low
Road problem has not received response,Road/Pothole,Low
Garbage problem has not received response,Garbage,Low
Water problem has not received response,Water,Low
Drainage problem has not received response,Drainage,Low
Streetlight problem has not received response,Streetlight,Low
Pollution problem has not received response,Pollution,Low
Road complaint needs escalation,Road/Pothole,Low
Garbage complaint needs escalation,Garbage,Low
Water complaint needs escalation,Water,Low
Drainage complaint needs escalation,Drainage,Low
Streetlight complaint needs escalation,Streetlight,Low
Pollution complaint needs escalation,Pollution,Low
Road issue needs escalation,Road/Pothole,Low
Garbage issue needs escalation,Garbage,Low
Water issue needs escalation,Water,Low
Drainage issue needs escalation,Drainage,Low
Streetlight issue needs escalation,Streetlight,Low
Pollution issue needs escalation,Pollution,Low
Road problem needs escalation,Road/Pothole,Low
Garbage problem needs escalation,Garbage,Low
Water problem needs escalation,Water,Low
Drainage problem needs escalation,Drainage,Low
Streetlight problem needs escalation,Streetlight,Low
Pollution problem needs escalation,Pollution,Low
Road complaint needs escalation urgently,Road/Pothole,Low
Garbage complaint needs escalation urgently,Garbage,Low
Water complaint needs escalation urgently,Water,Low
Drainage complaint needs escalation urgently,Drainage,Low
Streetlight complaint needs escalation urgently,Streetlight,Low
Pollution complaint needs escalation urgently,Pollution,Low
Road issue needs escalation urgently,Road/Pothole,Low
Garbage issue needs escalation urgently,Garbage,Low
Water issue needs escalation urgently,Water,Low
Drainage issue needs escalation urgently,Drainage,Low
Streetlight issue needs escalation urgently,Streetlight,Low
Pollution issue needs escalation urgently,Pollution,Low
Road problem needs escalation urgently,Road/Pothole,Low
Garbage problem needs escalation urgently,Garbage,Low
Water problem needs escalation urgently,Water,Low
Drainage problem needs escalation urgently,Drainage,Low
Streetlight problem needs escalation urgently,Streetlight,Low
Pollution problem needs escalation urgently,Pollution,Low
Road complaint needs escalation immediately,Road/Pothole,Low
Garbage complaint needs escalation immediately,Garbage,Low
Water complaint needs escalation immediately,Water,Low
Drainage complaint needs escalation immediately,Drainage,Low
Streetlight complaint needs escalation immediately,Streetlight,Low
Pollution complaint needs escalation immediately,Pollution,Low
Road issue needs escalation immediately,Road/Pothole,Low
Garbage issue needs escalation immediately,Garbage,Low
Water issue needs escalation immediately,Water,Low
Drainage issue needs escalation immediately,Drainage,Low
Streetlight issue needs escalation immediately,Streetlight,Low
Pollution issue needs escalation immediately,Pollution,Low
Road problem needs escalation immediately,Road/Pothole,Low
Garbage problem needs escalation immediately,Garbage,Low
Water problem needs escalation immediately,Water,Low
Drainage problem needs escalation immediately,Drainage,Low
Streetlight problem needs escalation immediately,Streetlight,Low
Pollution problem needs escalation immediately,Pollution,Low
Road complaint needs escalation now,Road/Pothole,Low
Garbage complaint needs escalation now,Garbage,Low
Water complaint needs escalation now,Water,Low
Drainage complaint needs escalation now,Drainage,Low
Streetlight complaint needs escalation now,Streetlight,Low
Pollution complaint needs escalation now,Pollution,Low
Road issue needs escalation now,Road/Pothole,Low
Garbage issue needs escalation now,Garbage,Low
Water issue needs escalation now,Water,Low
Drainage issue needs escalation now,Drainage,Low
Streetlight issue needs escalation now,Streetlight,Low
Pollution issue needs escalation now,Pollution,Low
Road problem needs escalation now,Road/Pothole,Low
Garbage problem needs escalation now,Garbage,Low
Water problem needs escalation now,Water,Low
Drainage problem needs escalation now,Drainage,Low
Streetlight problem needs escalation now,Streetlight,Low
Pollution problem needs escalation now,Pollution,Low
Road complaint should be escalated,Road/Pothole,Low
Garbage complaint should be escalated,Garbage,Low
Water complaint should be escalated,Water,Low
Drainage complaint should be escalated,Drainage,Low
Streetlight complaint should be escalated,Streetlight,Low
Pollution complaint should be escalated,Pollution,Low
Road issue should be escalated,Road/Pothole,Low
Garbage issue should be escalated,Garbage,Low
Water issue should be escalated,Water,Low
Drainage issue should be escalated,Drainage,Low
Streetlight issue should be escalated,Streetlight,Low
Pollution issue should be escalated,Pollution,Low
Road problem should be escalated,Road/Pothole,Low
Garbage problem should be escalated,Garbage,Low
Water problem should be escalated,Water,Low
Drainage problem should be escalated,Drainage,Low
Streetlight problem should be escalated,Streetlight,Low
Pollution problem should be escalated,Pollution,Low
Road complaint escalation required,Road/Pothole,Low
Garbage complaint escalation required,Garbage,Low
Water complaint escalation required,Water,Low
Drainage complaint escalation required,Drainage,Low
Streetlight complaint escalation required,Streetlight,Low
Pollution complaint escalation required,Pollution,Low
Road issue escalation required,Road/Pothole,Low
Garbage issue escalation required,Garbage,Low
Water issue escalation required,Water,Low
Drainage issue escalation required,Drainage,Low
Streetlight issue escalation required,Streetlight,Low
Pollution issue escalation required,Pollution,Low
Road problem escalation required,Road/Pothole,Low
Garbage problem escalation required,Garbage,Low
Water problem escalation required,Water,Low
Drainage problem escalation required,Drainage,Low
Streetlight problem escalation required,Streetlight,Low
Pollution problem escalation required,Pollution,Low
Road complaint escalation,Road/Pothole,Low
Garbage complaint escalation,Garbage,Low
Water complaint escalation,Water,Low
Drainage complaint escalation,Drainage,Low
Streetlight complaint escalation,Streetlight,Low
Pollution complaint escalation,Pollution,Low
Road issue escalation,Road/Pothole,Low
Garbage issue escalation,Garbage,Low
Water issue escalation,Water,Low
Drainage issue escalation,Drainage,Low
Streetlight issue escalation,Streetlight,Low
Pollution issue escalation,Pollution,Low
Road problem escalation,Road/Pothole,Low
Garbage problem escalation,Garbage,Low
Water problem escalation,Water,Low
Drainage problem escalation,Drainage,Low
Streetlight problem escalation,Streetlight,Low
Pollution problem escalation,Pollution,Low
Road complaint escalation required,Road/Pothole,Low
Garbage complaint escalation required,Garbage,Low
Water complaint escalation required,Water,Low
Drainage complaint escalation required,Drainage,Low
Streetlight complaint escalation required,Streetlight,Low
Pollution complaint escalation required,Pollution,Low
Road issue escalation required,Road/Pothole,Low
Garbage issue escalation required,Garbage,Low
Water issue escalation required,Water,Low
Drainage issue escalation required,Drainage,Low
Streetlight issue escalation required,Streetlight,Low
Pollution issue escalation required,Pollution,Low
Road problem escalation required,Road/Pothole,Low
Garbage problem escalation required,Garbage,Low
Water problem escalation required,Water,Low
Drainage problem escalation required,Drainage,Low
Streetlight problem escalation required,Streetlight,Low
Pollution problem escalation required,Pollution,Low
Road complaint escalation needed,Road/Pothole,Low
Garbage complaint escalation needed,Garbage,Low
Water complaint escalation needed,Water,Low
Drainage complaint escalation needed,Drainage,Low
Streetlight complaint escalation needed,Streetlight,Low
Pollution complaint escalation needed,Pollution,Low
Road issue escalation needed,Road/Pothole,Low
Garbage issue escalation needed,Garbage,Low
Water issue escalation needed,Water,Low
Drainage issue escalation needed,Drainage,Low
Streetlight issue escalation needed,Streetlight,Low
Pollution issue escalation needed,Pollution,Low
Road problem escalation needed,Road/Pothole,Low
Garbage problem escalation needed,Garbage,Low
Water problem escalation needed,Water,Low
Drainage problem escalation needed,Drainage,Low
Streetlight problem escalation needed,Streetlight,Low
Pollution problem escalation needed,Pollution,Low
Road complaint escalation now,Road/Pothole,Low
Garbage complaint escalation now,Garbage,Low
Water complaint escalation now,Water,Low
Drainage complaint escalation now,Drainage,Low
Streetlight complaint escalation now,Streetlight,Low
Pollution complaint escalation now,Pollution,Low
Road issue escalation now,Road/Pothole,Low
Garbage issue escalation now,Garbage,Low
Water issue escalation now,Water,Low
Drainage issue escalation now,Drainage,Low
Streetlight issue escalation now,Streetlight,Low
Pollution issue escalation now,Pollution,Low
Road problem escalation now,Road/Pothole,Low
Garbage problem escalation now,Garbage,Low
Water problem escalation now,Water,Low
Drainage problem escalation now,Drainage,Low
Streetlight problem escalation now,Streetlight,Low
Pollution problem escalation now,Pollution,Low
Road complaint escalation immediately,Road/Pothole,Low
Garbage complaint escalation immediately,Garbage,Low
Water complaint escalation immediately,Water,Low
Drainage complaint escalation immediately,Drainage,Low
Streetlight complaint escalation immediately,Streetlight,Low
Pollution complaint escalation immediately,Pollution,Low
Road issue escalation immediately,Road/Pothole,Low
Garbage issue escalation immediately,Garbage,Low
Water issue escalation immediately,Water,Low
Drainage issue escalation immediately,Drainage,Low
Streetlight issue escalation immediately,Streetlight,Low
Pollution issue escalation immediately,Pollution,Low
Road problem escalation immediately,Road/Pothole,Low
Garbage problem escalation immediately,Garbage,Low
Water problem escalation immediately,Water,Low
Drainage problem escalation immediately,Drainage,Low
Streetlight problem escalation immediately,Streetlight,Low
Pollution problem escalation immediately,Pollution,Low
Road complaint escalation urgently,Road/Pothole,Low
Garbage complaint escalation urgently,Garbage,Low
Water complaint escalation urgently,Water,Low
Drainage complaint escalation urgently,Drainage,Low
Streetlight complaint escalation urgently,Streetlight,Low
Pollution complaint escalation urgently,Pollution,Low
Road issue escalation urgently,Road/Pothole,Low
Garbage issue escalation urgently,Garbage,Low
Water issue escalation urgently,Water,Low
Drainage issue escalation urgently,Drainage,Low
Streetlight issue escalation urgently,Streetlight,Low
Pollution issue escalation urgently,Pollution,Low
Road problem escalation urgently,Road/Pothole,Low
Garbage problem escalation urgently,Garbage,Low
Water problem escalation urgently,Water,Low
Drainage problem escalation urgently,Drainage,Low
Streetlight problem escalation urgently,Streetlight,Low
Pollution problem escalation urgently,Pollution,Low
Road complaint needs priority,Road/Pothole,Low
Garbage complaint needs priority,Garbage,Low
Water complaint needs priority,Water,Low
Drainage complaint needs priority,Drainage,Low
Streetlight complaint needs priority,Streetlight,Low
Pollution complaint needs priority,Pollution,Low
Road issue needs priority,Road/Pothole,Low
Garbage issue needs priority,Garbage,Low
Water issue needs priority,Water,Low
Drainage issue needs priority,Drainage,Low
Streetlight issue needs priority,Streetlight,Low
Pollution issue needs priority,Pollution,Low
Road problem needs priority,Road/Pothole,Low
Garbage problem needs priority,Garbage,Low
Water problem needs priority,Water,Low
Drainage problem needs priority,Drainage,Low
Streetlight problem needs priority,Streetlight,Low
Pollution problem needs priority,Pollution,Low
Road complaint priority needed,Road/Pothole,Low
Garbage complaint priority needed,Garbage,Low
Water complaint priority needed,Water,Low
Drainage complaint priority needed,Drainage,Low
Streetlight complaint priority needed,Streetlight,Low
Pollution complaint priority needed,Pollution,Low
Road issue priority needed,Road/Pothole,Low
Garbage issue priority needed,Garbage,Low
Water issue priority needed,Water,Low
Drainage issue priority needed,Drainage,Low
Streetlight issue priority needed,Streetlight,Low
Pollution issue priority needed,Pollution,Low
Road problem priority needed,Road/Pothole,Low
Garbage problem priority needed,Garbage,Low
Water problem priority needed,Water,Low
Drainage problem priority needed,Drainage,Low
Streetlight problem priority needed,Streetlight,Low
Pollution problem priority needed,Pollution,Low
Road complaint should get high priority,Road/Pothole,Low
Garbage complaint should get high priority,Garbage,Low
Water complaint should get high priority,Water,Low
Drainage complaint should get high priority,Drainage,Low
Streetlight complaint should get high priority,Streetlight,Low
Pollution complaint should get high priority,Pollution,Low
Road issue should get high priority,Road/Pothole,Low
Garbage issue should get high priority,Garbage,Low
Water issue should get high priority,Water,Low
Drainage issue should get high priority,Drainage,Low
Streetlight issue should get high priority,Streetlight,Low
Pollution issue should get high priority,Pollution,Low
Road problem should get high priority,Road/Pothole,Low
Garbage problem should get high priority,Garbage,Low
Water problem should get high priority,Water,Low
Drainage problem should get high priority,Drainage,Low
Streetlight problem should get high priority,Streetlight,Low
Pollution problem should get high priority,Pollution,Low
Road complaint should get low priority,Road/Pothole,Low
Garbage complaint should get low priority,Garbage,Low
Water complaint should get low priority,Water,Low
Drainage complaint should get low priority,Drainage,Low
Streetlight complaint should get low priority,Streetlight,Low
Pollution complaint should get low priority,Pollution,Low
Road issue should get low priority,Road/Pothole,Low
Garbage issue should get low priority,Garbage,Low
Water issue should get low priority,Water,Low
Drainage issue should get low priority,Drainage,Low
Streetlight issue should get low priority,Streetlight,Low
Pollution issue should get low priority,Pollution,Low
Road problem should get low priority,Road/Pothole,Low
Garbage problem should get low priority,Garbage,Low
Water problem should get low priority,Water,Low
Drainage problem should get low priority,Drainage,Low
Streetlight problem should get low priority,Streetlight,Low
Pollution problem should get low priority,Pollution,Low
Road complaint priority should be high,Road/Pothole,Low
Garbage complaint priority should be high,Garbage,Low
Water complaint priority should be high,Water,Low
Drainage complaint priority should be high,Drainage,Low
Streetlight complaint priority should be high,Streetlight,Low
Pollution complaint priority should be high,Pollution,Low
Road issue priority should be high,Road/Pothole,Low
Garbage issue priority should be high,Garbage,Low
Water issue priority should be high,Water,Low
Drainage issue priority should be high,Drainage,Low
Streetlight issue priority should be high,Streetlight,Low
Pollution issue priority should be high,Pollution,Low
Road problem priority should be high,Road/Pothole,Low
Garbage problem priority should be high,Garbage,Low
Water problem priority should be high,Water,Low
Drainage problem priority should be high,Drainage,Low
Streetlight problem priority should be high,Streetlight,Low
Pollution problem priority should be high,Pollution,Low
Road complaint priority should be low,Road/Pothole,Low
Garbage complaint priority should be low,Garbage,Low
Water complaint priority should be low,Water,Low
Drainage complaint priority should be low,Drainage,Low
Streetlight complaint priority should be low,Streetlight,Low
Pollution complaint priority should be low,Pollution,Low
Road issue priority should be low,Road/Pothole,Low
Garbage issue priority should be low,Garbage,Low
Water issue priority should be low,Water,Low
Drainage issue priority should be low,Drainage,Low
Streetlight issue priority should be low,Streetlight,Low
Pollution issue priority should be low,Pollution,Low
Road problem priority should be low,Road/Pothole,Low
Garbage problem priority should be low,Garbage,Low
Water problem priority should be low,Water,Low
Drainage problem priority should be low,Drainage,Low
Streetlight problem priority should be low,Streetlight,Low
Pollution problem priority should be low,Pollution,Low
Road complaint needs immediate priority,Road/Pothole,Low
Garbage complaint needs immediate priority,Garbage,Low
Water complaint needs immediate priority,Water,Low
Drainage complaint needs immediate priority,Drainage,Low
Streetlight complaint needs immediate priority,Streetlight,Low
Pollution complaint needs immediate priority,Pollution,Low
Road issue needs immediate priority,Road/Pothole,Low
Garbage issue needs immediate priority,Garbage,Low
Water issue needs immediate priority,Water,Low
Drainage issue needs immediate priority,Drainage,Low
Streetlight issue needs immediate priority,Streetlight,Low
Pollution issue needs immediate priority,Pollution,Low
Road problem needs immediate priority,Road/Pothole,Low
Garbage problem needs immediate priority,Garbage,Low
Water problem needs immediate priority,Water,Low
Drainage problem needs immediate priority,Drainage,Low
Streetlight problem needs immediate priority,Streetlight,Low
Pollution problem needs immediate priority,Pollution,Low
Road complaint needs immediate attention,Road/Pothole,Low
Garbage complaint needs immediate attention,Garbage,Low
Water complaint needs immediate attention,Water,Low
Drainage complaint needs immediate attention,Drainage,Low
Streetlight complaint needs immediate attention,Streetlight,Low
Pollution complaint needs immediate attention,Pollution,Low
Road issue needs immediate attention,Road/Pothole,Low
Garbage issue needs immediate attention,Garbage,Low
Water issue needs immediate attention,Water,Low
Drainage issue needs immediate attention,Drainage,Low
Streetlight issue needs immediate attention,Streetlight,Low
Pollution issue needs immediate attention,Pollution,Low
Road problem needs immediate attention,Road/Pothole,Low
Garbage problem needs immediate attention,Garbage,Low
Water problem needs immediate attention,Water,Low
Drainage problem needs immediate attention,Drainage,Low
Streetlight problem needs immediate attention,Streetlight,Low
Pollution problem needs immediate attention,Pollution,Low
Road complaint needs urgent attention,Road/Pothole,Low
Garbage complaint needs urgent attention,Garbage,Low
Water complaint needs urgent attention,Water,Low
Drainage complaint needs urgent attention,Drainage,Low
Streetlight complaint needs urgent attention,Streetlight,Low
Pollution complaint needs urgent attention,Pollution,Low
Road issue needs urgent attention,Road/Pothole,Low
Garbage issue needs urgent attention,Garbage,Low
Water issue needs urgent attention,Water,Low
Drainage issue needs urgent attention,Drainage,Low
Streetlight issue needs urgent attention,Streetlight,Low
Pollution issue needs urgent attention,Pollution,Low
Road problem needs urgent attention,Road/Pothole,Low
Garbage problem needs urgent attention,Garbage,Low
Water problem needs urgent attention,Water,Low
Drainage problem needs urgent attention,Drainage,Low
Streetlight problem needs urgent attention,Streetlight,Low
Pollution problem needs urgent attention,Pollution,Low
Road complaint requires urgent attention,Road/Pothole,Low
Garbage complaint requires urgent attention,Garbage,Low
Water complaint requires urgent attention,Water,Low
Drainage complaint requires urgent attention,Drainage,Low
Streetlight complaint requires urgent attention,Streetlight,Low
Pollution complaint requires urgent attention,Pollution,Low
Road issue requires urgent attention,Road/Pothole,Low
Garbage issue requires urgent attention,Garbage,Low
Water issue requires urgent attention,Water,Low
Drainage issue requires urgent attention,Drainage,Low
Streetlight issue requires urgent attention,Streetlight,Low
Pollution issue requires urgent attention,Pollution,Low
Road problem requires urgent attention,Road/Pothole,Low
Garbage problem requires urgent attention,Garbage,Low
Water problem requires urgent attention,Water,Low
Drainage problem requires urgent attention,Drainage,Low
Streetlight problem requires urgent attention,Streetlight,Low
Pollution problem requires urgent attention,Pollution,Low
Road complaint requires immediate attention,Road/Pothole,Low
Garbage complaint requires immediate attention,Garbage,Low
Water complaint requires immediate attention,Water,Low
Drainage complaint requires immediate attention,Drainage,Low
Streetlight complaint requires immediate attention,Streetlight,Low
Pollution complaint requires immediate attention,Pollution,Low
Road issue requires immediate attention,Road/Pothole,Low
Garbage issue requires immediate attention,Garbage,Low
Water issue requires immediate attention,Water,Low
Drainage issue requires immediate attention,Drainage,Low
Streetlight issue requires immediate attention,Streetlight,Low
Pollution issue requires immediate attention,Pollution,Low
Road problem requires immediate attention,Road/Pothole,Low
Garbage problem requires immediate attention,Garbage,Low
Water problem requires immediate attention,Water,Low
Drainage problem requires immediate attention,Drainage,Low
Streetlight problem requires immediate attention,Streetlight,Low
Pollution problem requires immediate attention,Pollution,Low
Road complaint requires priority,Road/Pothole,Low
Garbage complaint requires priority,Garbage,Low
Water complaint requires priority,Water,Low
Drainage complaint requires priority,Drainage,Low
Streetlight complaint requires priority,Streetlight,Low
Pollution complaint requires priority,Pollution,Low
Road issue requires priority,Road/Pothole,Low
Garbage issue requires priority,Garbage,Low
Water issue requires priority,Water,Low
Drainage issue requires priority,Drainage,Low
Streetlight issue requires priority,Streetlight,Low
Pollution issue requires priority,Pollution,Low
Road problem requires priority,Road/Pothole,Low
Garbage problem requires priority,Garbage,Low
Water problem requires priority,Water,Low
Drainage problem requires priority,Drainage,Low
Streetlight problem requires priority,Streetlight,Low
Pollution problem requires priority,Pollution,Low
Road complaint priority required,Road/Pothole,Low
Garbage complaint priority required,Garbage,Low
Water complaint priority required,Water,Low
Drainage complaint priority required,Drainage,Low
Streetlight complaint priority required,Streetlight,Low
Pollution complaint priority required,Pollution,Low
Road issue priority required,Road/Pothole,Low
Garbage issue priority required,Garbage,Low
Water issue priority required,Water,Low
Drainage issue priority required,Drainage,Low
Streetlight issue priority required,Streetlight,Low
Pollution issue priority required,Pollution,Low
Road problem priority required,Road/Pothole,Low
Garbage problem priority required,Garbage,Low
Water problem priority required,Water,Low
Drainage problem priority required,Drainage,Low
Streetlight problem priority required,Streetlight,Low
Pollution problem priority required,Pollution,Low
Road complaint priority needed,Road/Pothole,Low
Garbage complaint priority needed,Garbage,Low
Water complaint priority needed,Water,Low
Drainage complaint priority needed,Drainage,Low
Streetlight complaint priority needed,Streetlight,Low
Pollution complaint priority needed,Pollution,Low
Road issue priority needed,Road/Pothole,Low
Garbage issue priority needed,Garbage,Low
Water issue priority needed,Water,Low
Drainage issue priority needed,Drainage,Low
Streetlight issue priority needed,Streetlight,Low
Pollution issue priority needed,Pollution,Low
Road problem priority needed,Road/Pothole,Low
Garbage problem priority needed,Garbage,Low
Water problem priority needed,Water,Low
Drainage problem priority needed,Drainage,Low
Streetlight problem priority needed,Streetlight,Low
Pollution problem priority needed,Pollution,Low
Road complaint needs prioritization,Road/Pothole,Low
Garbage complaint needs prioritization,Garbage,Low
Water complaint needs prioritization,Water,Low
Drainage complaint needs prioritization,Drainage,Low
Streetlight complaint needs prioritization,Streetlight,Low
Pollution complaint needs prioritization,Pollution,Low
Road issue needs prioritization,Road/Pothole,Low
Garbage issue needs prioritization,Garbage,Low
Water issue needs prioritization,Water,Low
Drainage issue needs prioritization,Drainage,Low
Streetlight issue needs prioritization,Streetlight,Low
Pollution issue needs prioritization,Pollution,Low
Road problem needs prioritization,Road/Pothole,Low
Garbage problem needs prioritization,Garbage,Low
Water problem needs prioritization,Water,Low
Drainage problem needs prioritization,Drainage,Low
Streetlight problem needs prioritization,Streetlight,Low
Pollution problem needs prioritization,Pollution,Low
Road complaint needs severity,Road/Pothole,Low
Garbage complaint needs severity,Garbage,Low
Water complaint needs severity,Water,Low
Drainage complaint needs severity,Drainage,Low
Streetlight complaint needs severity,Streetlight,Low
Pollution complaint needs severity,Pollution,Low
Road issue needs severity,Road/Pothole,Low
Garbage issue needs severity,Garbage,Low
Water issue needs severity,Water,Low
Drainage issue needs severity,Drainage,Low
Streetlight issue needs severity,Streetlight,Low
Pollution issue needs severity,Pollution,Low
Road problem needs severity,Road/Pothole,Low
Garbage problem needs severity,Garbage,Low
Water problem needs severity,Water,Low
Drainage problem needs severity,Drainage,Low
Streetlight problem needs severity,Streetlight,Low
Pollution problem needs severity,Pollution,Low
Road complaint needs urgency,Road/Pothole,Low
Garbage complaint needs urgency,Garbage,Low
Water complaint needs urgency,Water,Low
Drainage complaint needs urgency,Drainage,Low
Streetlight complaint needs urgency,Streetlight,Low
Pollution complaint needs urgency,Pollution,Low
Road issue needs urgency,Road/Pothole,Low
Garbage issue needs urgency,Garbage,Low
Water issue needs urgency,Water,Low
Drainage issue needs urgency,Drainage,Low
Streetlight issue needs urgency,Streetlight,Low
Pollution issue needs urgency,Pollution,Low
Road problem needs urgency,Road/Pothole,Low
Garbage problem needs urgency,Garbage,Low
Water problem needs urgency,Water,Low
Drainage problem needs urgency,Drainage,Low
Streetlight problem needs urgency,Streetlight,Low
Pollution problem needs urgency,Pollution,Low
Road complaint should be high priority,Road/Pothole,Low
Garbage complaint should be high priority,Garbage,Low
Water complaint should be high priority,Water,Low
Drainage complaint should be high priority,Drainage,Low
Streetlight complaint should be high priority,Streetlight,Low
Pollution complaint should be high priority,Pollution,Low
Road issue should be high priority,Road/Pothole,Low
Garbage issue should be high priority,Garbage,Low
Water issue should be high priority,Water,Low
Drainage issue should be high priority,Drainage,Low
Streetlight issue should be high priority,Streetlight,Low
Pollution issue should be high priority,Pollution,Low
Road problem should be high priority,Road/Pothole,Low
Garbage problem should be high priority,Garbage,Low
Water problem should be high priority,Water,Low
Drainage problem should be high priority,Drainage,Low
Streetlight problem should be high priority,Streetlight,Low
Pollution problem should be high priority,Pollution,Low
Road complaint should be low priority,Road/Pothole,Low
Garbage complaint should be low priority,Garbage,Low
Water complaint should be low priority,Water,Low
Drainage complaint should be low priority,Drainage,Low
Streetlight complaint should be low priority,Streetlight,Low
Pollution complaint should be low priority,Pollution,Low
Road issue should be low priority,Road/Pothole,Low
Garbage issue should be low priority,Garbage,Low
Water issue should be low priority,Water,Low
Drainage issue should be low priority,Drainage,Low
Streetlight issue should be low priority,Streetlight,Low
Pollution issue should be low priority,Pollution,Low
Road problem should be low priority,Road/Pothole,Low
Garbage problem should be low priority,Garbage,Low
Water problem should be low priority,Water,Low
Drainage problem should be low priority,Drainage,Low
Streetlight problem should be low priority,Streetlight,Low
Pollution problem should be low priority,Pollution,Low
Road complaint priority is high,Road/Pothole,Low
Garbage complaint priority is high,Garbage,Low
Water complaint priority is high,Water,Low
Drainage complaint priority is high,Drainage,Low
Streetlight complaint priority is high,Streetlight,Low
Pollution complaint priority is high,Pollution,Low
Road issue priority is high,Road/Pothole,Low
Garbage issue priority is high,Garbage,Low
Water issue priority is high,Water,Low
Drainage issue priority is high,Drainage,Low
Streetlight issue priority is high,Streetlight,Low
Pollution issue priority is high,Pollution,Low
Road problem priority is high,Road/Pothole,Low
Garbage problem priority is high,Garbage,Low
Water problem priority is high,Water,Low
Drainage problem priority is high,Drainage,Low
Streetlight problem priority is high,Streetlight,Low
Pollution problem priority is high,Pollution,Low
Road complaint priority is low,Road/Pothole,Low
Garbage complaint priority is low,Garbage,Low
Water complaint priority is low,Water,Low
Drainage complaint priority is low,Drainage,Low
Streetlight complaint priority is low,Streetlight,Low
Pollution complaint priority is low,Pollution,Low
Road issue priority is low,Road/Pothole,Low
Garbage issue priority is low,Garbage,Low
Water issue priority is low,Water,Low
Drainage issue priority is low,Drainage,Low
Streetlight issue priority is low,Streetlight,Low
Pollution issue priority is low,Pollution,Low
Road problem priority is low,Road/Pothole,Low
Garbage problem priority is low,Garbage,Low
Water problem priority is low,Water,Low
Drainage problem priority is low,Drainage,Low
Streetlight problem priority is low,Streetlight,Low
Pollution problem priority is low,Pollution,Low
Road complaint needs urgent prioritization,Road/Pothole,Low
Garbage complaint needs urgent prioritization,Garbage,Low
Water complaint needs urgent prioritization,Water,Low
Drainage complaint needs urgent prioritization,Drainage,Low
Streetlight complaint needs urgent prioritization,Streetlight,Low
Pollution complaint needs urgent prioritization,Pollution,Low
Road issue needs urgent prioritization,Road/Pothole,Low
Garbage issue needs urgent prioritization,Garbage,Low
Water issue needs urgent prioritization,Water,Low
Drainage issue needs urgent prioritization,Drainage,Low
Streetlight issue needs urgent prioritization,Streetlight,Low
Pollution issue needs urgent prioritization,Pollution,Low
Road problem needs urgent prioritization,Road/Pothole,Low
Garbage problem needs urgent prioritization,Garbage,Low
Water problem needs urgent prioritization,Water,Low
Drainage problem needs urgent prioritization,Drainage,Low
Streetlight problem needs urgent prioritization,Streetlight,Low
Pollution problem needs urgent prioritization,Pollution,Low
Road complaint needs urgent severity,Road/Pothole,Low
Garbage complaint needs urgent severity,Garbage,Low
Water complaint needs urgent severity,Water,Low
Drainage complaint needs urgent severity,Drainage,Low
Streetlight complaint needs urgent severity,Streetlight,Low
Pollution complaint needs urgent severity,Pollution,Low
Road issue needs urgent severity,Road/Pothole,Low
Garbage issue needs urgent severity,Garbage,Low
Water issue needs urgent severity,Water,Low
Drainage issue needs urgent severity,Drainage,Low
Streetlight issue needs urgent severity,Streetlight,Low
Pollution issue needs urgent severity,Pollution,Low
Road problem needs urgent severity,Road/Pothole,Low
Garbage problem needs urgent severity,Garbage,Low
Water problem needs urgent severity,Water,Low
Drainage problem needs urgent severity,Drainage,Low
Streetlight problem needs urgent severity,Streetlight,Low
Pollution problem needs urgent severity,Pollution,Low
Road complaint needs urgent classification,Road/Pothole,Low
Garbage complaint needs urgent classification,Garbage,Low
Water complaint needs urgent classification,Water,Low
Drainage complaint needs urgent classification,Drainage,Low
Streetlight complaint needs urgent classification,Streetlight,Low
Pollution complaint needs urgent classification,Pollution,Low
Road issue needs urgent classification,Road/Pothole,Low
Garbage issue needs urgent classification,Garbage,Low
Water issue needs urgent classification,Water,Low
Drainage issue needs urgent classification,Drainage,Low
Streetlight issue needs urgent classification,Streetlight,Low
Pollution issue needs urgent classification,Pollution,Low
Road problem needs urgent classification,Road/Pothole,Low
Garbage problem needs urgent classification,Garbage,Low
Water problem needs urgent classification,Water,Low
Drainage problem needs urgent classification,Drainage,Low
Streetlight problem needs urgent classification,Streetlight,Low
Pollution problem needs urgent classification,Pollution,Low
Road complaint classification,Road/Pothole,Low
Garbage complaint classification,Garbage,Low
Water complaint classification,Water,Low
Drainage complaint classification,Drainage,Low
Streetlight complaint classification,Streetlight,Low
Pollution complaint classification,Pollution,Low
Road issue classification,Road/Pothole,Low
Garbage issue classification,Garbage,Low
Water issue classification,Water,Low
Drainage issue classification,Drainage,Low
Streetlight issue classification,Streetlight,Low
Pollution issue classification,Pollution,Low
Road problem classification,Road/Pothole,Low
Garbage problem classification,Garbage,Low
Water problem classification,Water,Low
Drainage problem classification,Drainage,Low
Streetlight problem classification,Streetlight,Low
Pollution problem classification,Pollution,Low
Road complaint needs classification,Road/Pothole,Low
Garbage complaint needs classification,Garbage,Low
Water complaint needs classification,Water,Low
Drainage complaint needs classification,Drainage,Low
Streetlight complaint needs classification,Streetlight,Low
Pollution complaint needs classification,Pollution,Low
Road issue needs classification,Road/Pothole,Low
Garbage issue needs classification,Garbage,Low
Water issue needs classification,Water,Low
Drainage issue needs classification,Drainage,Low
Streetlight issue needs classification,Streetlight,Low
Pollution issue needs classification,Pollution,Low
Road problem needs classification,Road/Pothole,Low
Garbage problem needs classification,Garbage,Low
Water problem needs classification,Water,Low
Drainage problem needs classification,Drainage,Low
Streetlight problem needs classification,Streetlight,Low
Pollution problem needs classification,Pollution,Low
Road complaint should be classified,Road/Pothole,Low
Garbage complaint should be classified,Garbage,Low
Water complaint should be classified,Water,Low
Drainage complaint should be classified,Drainage,Low
Streetlight complaint should be classified,Streetlight,Low
Pollution complaint should be classified,Pollution,Low
Road issue should be classified,Road/Pothole,Low
Garbage issue should be classified,Garbage,Low
Water issue should be classified,Water,Low
Drainage issue should be classified,Drainage,Low
Streetlight issue should be classified,Streetlight,Low
Pollution issue should be classified,Pollution,Low
Road problem should be classified,Road/Pothole,Low
Garbage problem should be classified,Garbage,Low
Water problem should be classified,Water,Low
Drainage problem should be classified,Drainage,Low
Streetlight problem should be classified,Streetlight,Low
Pollution problem should be classified,Pollution,Low
Road complaint classification needed,Road/Pothole,Low
Garbage complaint classification needed,Garbage,Low
Water complaint classification needed,Water,Low
Drainage complaint classification needed,Drainage,Low
Streetlight complaint classification needed,Streetlight,Low
Pollution complaint classification needed,Pollution,Low
Road issue classification needed,Road/Pothole,Low
Garbage issue classification needed,Garbage,Low
Water issue classification needed,Water,Low
Drainage issue classification needed,Drainage,Low
Streetlight issue classification needed,Streetlight,Low
Pollution issue classification needed,Pollution,Low
Road problem classification needed,Road/Pothole,Low
Garbage problem classification needed,Garbage,Low
Water problem classification needed,Water,Low
Drainage problem classification needed,Drainage,Low
Streetlight problem classification needed,Streetlight,Low
Pollution problem classification needed,Pollution,Low
Road complaint classification required,Road/Pothole,Low
Garbage complaint classification required,Garbage,Low
Water complaint classification required,Water,Low
Drainage complaint classification required,Drainage,Low
Streetlight complaint classification required,Streetlight,Low
Pollution complaint classification required,Pollution,Low
Road issue classification required,Road/Pothole,Low
Garbage issue classification required,Garbage,Low
Water issue classification required,Water,Low
Drainage issue classification required,Drainage,Low
Streetlight issue classification required,Streetlight,Low
Pollution issue classification required,Pollution,Low
Road problem classification required,Road/Pothole,Low
Garbage problem classification required,Garbage,Low
Water problem classification required,Water,Low
Drainage problem classification required,Drainage,Low
Streetlight problem classification required,Streetlight,Low
Pollution problem classification required,Pollution,Low
Road complaint classification requested,Road/Pothole,Low
Garbage complaint classification requested,Garbage,Low
Water complaint classification requested,Water,Low
Drainage complaint classification requested,Drainage,Low
Streetlight complaint classification requested,Streetlight,Low
Pollution complaint classification requested,Pollution,Low
Road issue classification requested,Road/Pothole,Low
Garbage issue classification requested,Garbage,Low
Water issue classification requested,Water,Low
Drainage issue classification requested,Drainage,Low
Streetlight issue classification requested,Streetlight,Low
Pollution issue classification requested,Pollution,Low
Road problem classification requested,Road/Pothole,Low
Garbage problem classification requested,Garbage,Low
Water problem classification requested,Water,Low
Drainage problem classification requested,Drainage,Low
Streetlight problem classification requested,Streetlight,Low
Pollution problem classification requested,Pollution,Low
Road complaint classification needed urgently,Road/Pothole,Low
Garbage complaint classification needed urgently,Garbage,Low
Water complaint classification needed urgently,Water,Low
Drainage complaint classification needed urgently,Drainage,Low
Streetlight complaint classification needed urgently,Streetlight,Low
Pollution complaint classification needed urgently,Pollution,Low
Road issue classification needed urgently,Road/Pothole,Low
Garbage issue classification needed urgently,Garbage,Low
Water issue classification needed urgently,Water,Low
Drainage issue classification needed urgently,Drainage,Low
Streetlight issue classification needed urgently,Streetlight,Low
Pollution issue classification needed urgently,Pollution,Low
Road problem classification needed urgently,Road/Pothole,Low
Garbage problem classification needed urgently,Garbage,Low
Water problem classification needed urgently,Water,Low
Drainage problem classification needed urgently,Drainage,Low
Streetlight problem classification needed urgently,Streetlight,Low
Pollution problem classification needed urgently,Pollution,Low
Road complaint classification needed immediately,Road/Pothole,Low
Garbage complaint classification needed immediately,Garbage,Low
Water complaint classification needed immediately,Water,Low
Drainage complaint classification needed immediately,Drainage,Low
Streetlight complaint classification needed immediately,Streetlight,Low
Pollution complaint classification needed immediately,Pollution,Low
Road issue classification needed immediately,Road/Pothole,Low
Garbage issue classification needed immediately,Garbage,Low
Water issue classification needed immediately,Water,Low
Drainage issue classification needed immediately,Drainage,Low
Streetlight issue classification needed immediately,Streetlight,Low
Pollution issue classification needed immediately,Pollution,Low
Road problem classification needed immediately,Road/Pothole,Low
Garbage problem classification needed immediately,Garbage,Low
Water problem classification needed immediately,Water,Low
Drainage problem classification needed immediately,Drainage,Low
Streetlight problem classification needed immediately,Streetlight,Low
Pollution problem classification needed immediately,Pollution,Low
Road complaint classification needed now,Road/Pothole,Low
Garbage complaint classification needed now,Garbage,Low
Water complaint classification needed now,Water,Low
Drainage complaint classification needed now,Drainage,Low
Streetlight complaint classification needed now,Streetlight,Low
Pollution complaint classification needed now,Pollution,Low
Road issue classification needed now,Road/Pothole,Low
Garbage issue classification needed now,Garbage,Low
Water issue classification needed now,Water,Low
Drainage issue classification needed now,Drainage,Low
Streetlight issue classification needed now,Streetlight,Low
Pollution issue classification needed now,Pollution,Low
Road problem classification needed now,Road/Pothole,Low
Garbage problem classification needed now,Garbage,Low
Water problem classification needed now,Water,Low
Drainage problem classification needed now,Drainage,Low
Streetlight problem classification needed now,Streetlight,Low
Pollution problem classification needed now,Pollution,Low
Road complaint classification,Road/Pothole,Low
Garbage complaint classification,Garbage,Low
Water complaint classification,Water,Low
Drainage complaint classification,Drainage,Low
Streetlight complaint classification,Streetlight,Low
Pollution complaint classification,Pollution,Low
Road issue classification,Road/Pothole,Low
Garbage issue classification,Garbage,Low
Water issue classification,Water,Low
Drainage issue classification,Drainage,Low
Streetlight issue classification,Streetlight,Low
Pollution issue classification,Pollution,Low
Road problem classification,Road/Pothole,Low
Garbage problem classification,Garbage,Low
Water problem classification,Water,Low
Drainage problem classification,Drainage,Low
Streetlight problem classification,Streetlight,Low
Pollution problem classification,Pollution,Low
Road complaint category,Road/Pothole,Low
Garbage complaint category,Garbage,Low
Water complaint category,Water,Low
Drainage complaint category,Drainage,Low
Streetlight complaint category,Streetlight,Low
Pollution complaint category,Pollution,Low
Road issue category,Road/Pothole,Low
Garbage issue category,Garbage,Low
Water issue category,Water,Low
Drainage issue category,Drainage,Low
Streetlight issue category,Streetlight,Low
Pollution issue category,Pollution,Low
Road problem category,Road/Pothole,Low
Garbage problem category,Garbage,Low
Water problem category,Water,Low
Drainage problem category,Drainage,Low
Streetlight problem category,Streetlight,Low
Pollution problem category,Pollution,Low
Road category,Road/Pothole,Low
Garbage category,Garbage,Low
Water category,Water,Low
Drainage category,Drainage,Low
Streetlight category,Streetlight,Low
Pollution category,Pollution,Low
Road pothole complaint category,Road/Pothole,Low
Garbage overflow complaint category,Garbage,Low
Water shortage complaint category,Water,Low
Drain blockage complaint category,Drainage,Low
Streetlight failure complaint category,Streetlight,Low
Air pollution complaint category,Pollution,Low
Road pothole issue category,Road/Pothole,Low
Garbage overflow issue category,Garbage,Low
Water shortage issue category,Water,Low
Drain blockage issue category,Drainage,Low
Streetlight failure issue category,Streetlight,Low
Air pollution issue category,Pollution,Low
Road pothole problem category,Road/Pothole,Low
Garbage overflow problem category,Garbage,Low
Water shortage problem category,Water,Low
Drain blockage problem category,Drainage,Low
Streetlight failure problem category,Streetlight,Low
Air pollution problem category,Pollution,Low
Road pothole request category,Road/Pothole,Low
Garbage overflow request category,Garbage,Low
Water shortage request category,Water,Low
Drain blockage request category,Drainage,Low
Streetlight failure request category,Streetlight,Low
Air pollution request category,Pollution,Low
Road pothole repair category,Road/Pothole,Low
Garbage overflow removal category,Garbage,Low
Water shortage restoration category,Water,Low
Drain blockage cleaning category,Drainage,Low
Streetlight failure repair category,Streetlight,Low
Air pollution control category,Pollution,Low
Road pothole maintenance category,Road/Pothole,Low
Garbage overflow management category,Garbage,Low
Water shortage management category,Water,Low
Drain blockage management category,Drainage,Low
Streetlight failure management category,Streetlight,Low
Air pollution management category,Pollution,Low
Road pothole safety category,Road/Pothole,Low
Garbage hygiene category,Garbage,Low
Water shortage category,Water,Low
Drainage flooding category,Drainage,High
Streetlight safety category,Streetlight,Low
Air pollution health category,Pollution,Low
Road pothole urgency category,Road/Pothole,Low
Garbage overflow urgency category,Garbage,Low
Water shortage urgency category,Water,Low
Drain blockage urgency category,Drainage,Low
Streetlight failure urgency category,Streetlight,Low
Air pollution urgency category,Pollution,Low
Road pothole severity category,Road/Pothole,Low
Garbage overflow severity category,Garbage,Low
Water shortage severity category,Water,Low
Drain blockage severity category,Drainage,Low
Streetlight failure severity category,Streetlight,Low
Air pollution severity category,Pollution,Low
Road pothole priority category,Road/Pothole,Low
Garbage overflow priority category,Garbage,Low
Water shortage priority category,Water,Low
Drain blockage priority category,Drainage,Low
Streetlight failure priority category,Streetlight,Low
Air pollution priority category,Pollution,Low
Road pothole classification,Road/Pothole,Low
Garbage overflow classification,Garbage,Low
Water shortage classification,Water,Low
Drain blockage classification,Drainage,Low
Streetlight failure classification,Streetlight,Low
Air pollution classification,Pollution,Low
Road pothole classification needed,Road/Pothole,Low
Garbage overflow classification needed,Garbage,Low
Water shortage classification needed,Water,Low
Drain blockage classification needed,Drainage,Low
Streetlight failure classification needed,Streetlight,Low
Air pollution classification needed,Pollution,Low
Road pothole classification required,Road/Pothole,Low
Garbage overflow classification required,Garbage,Low
Water shortage classification required,Water,Low
Drain blockage classification required,Drainage,Low
Streetlight failure classification required,Streetlight,Low
Air pollution classification required,Pollution,Low
Road pothole classification requested,Road/Pothole,Low
Garbage overflow classification requested,Garbage,Low
Water shortage classification requested,Water,Low
Drain blockage classification requested,Drainage,Low
Streetlight failure classification requested,Streetlight,Low
Air pollution classification requested,Pollution,Low
Road pothole classification needed urgently,Road/Pothole,Low
Garbage overflow classification needed urgently,Garbage,Low
Water shortage classification needed urgently,Water,Low
Drain blockage classification needed urgently,Drainage,Low
Streetlight failure classification needed urgently,Streetlight,Low
Air pollution classification needed urgently,Pollution,Low
Road pothole classification needed immediately,Road/Pothole,Low
Garbage overflow classification needed immediately,Garbage,Low
Water shortage classification needed immediately,Water,Low
Drain blockage classification needed immediately,Drainage,Low
Streetlight failure classification needed immediately,Streetlight,Low
Air pollution classification needed immediately,Pollution,Low
Road pothole classification needed now,Road/Pothole,Low
Garbage overflow classification needed now,Garbage,Low
Water shortage classification needed now,Water,Low
Drain blockage classification needed now,Drainage,Low
Streetlight failure classification needed now,Streetlight,Low
Air pollution classification needed now,Pollution,Low
Road pothole category,Road/Pothole,Low
Garbage overflow category,Garbage,Low
Water shortage category,Water,Low
Drain blockage category,Drainage,Low
Streetlight failure category,Streetlight,Low
Air pollution category,Pollution,Low
Road pothole problem,Road/Pothole,Low
Garbage overflow problem,Garbage,Low
Water shortage problem,Water,Low
Drain blockage problem,Drainage,Low
Streetlight failure problem,Streetlight,Low
Air pollution problem,Pollution,Low
Road pothole issue,Road/Pothole,Low
Garbage overflow issue,Garbage,Low
Water shortage issue,Water,Low
Drain blockage issue,Drainage,Low
Streetlight failure issue,Streetlight,Low
Air pollution issue,Pollution,Low
Road pothole complaint,Road/Pothole,Low
Garbage overflow complaint,Garbage,Low
Water shortage complaint,Water,Low
Drain blockage complaint,Drainage,Low
Streetlight failure complaint,Streetlight,Low
Air pollution complaint,Pollution,Low
Road pothole request,Road/Pothole,Low
Garbage overflow request,Garbage,Low
Water shortage request,Water,Low
Drain blockage request,Drainage,Low
Streetlight failure request,Streetlight,Low
Air pollution request,Pollution,Low
Road pothole repair,Road/Pothole,Low
Garbage overflow removal,Garbage,Low
Water shortage restoration,Water,Low
Drain blockage cleaning,Drainage,Low
Streetlight failure repair,Streetlight,Low
Air pollution control,Pollution,Low
Road pothole maintenance,Road/Pothole,Low
Garbage overflow management,Garbage,Low
Water shortage management,Water,Low
Drain blockage management,Drainage,Low
Streetlight failure management,Streetlight,Low
Air pollution management,Pollution,Low
Road pothole safety issue,Road/Pothole,Low
Garbage hygiene issue,Garbage,Low
Water shortage issue,Water,Low
Drainage flooding issue,Drainage,High
Streetlight safety issue,Streetlight,Low
Air pollution health issue,Pollution,Low
Road pothole urgent issue,Road/Pothole,Low
Garbage overflow urgent issue,Garbage,Low
Water shortage urgent issue,Water,Low
Drain blockage urgent issue,Drainage,Low
Streetlight failure urgent issue,Streetlight,Low
Air pollution urgent issue,Pollution,Low
Road pothole critical issue,Road/Pothole,Low
Garbage overflow critical issue,Garbage,Low
Water shortage critical issue,Water,Low
Drain blockage critical issue,Drainage,Low
Streetlight failure critical issue,Streetlight,Low
Air pollution critical issue,Pollution,Low
Road pothole severe issue,Road/Pothole,Low
Garbage overflow severe issue,Garbage,Low
Water shortage severe issue,Water,Low
Drain blockage severe issue,Drainage,Low
Streetlight failure severe issue,Streetlight,Low
Air pollution severe issue,Pollution,Low
Road pothole dangerous issue,Road/Pothole,High
Garbage overflow dangerous issue,Garbage,High
Water shortage dangerous issue,Water,High
Drain blockage dangerous issue,Drainage,High
Streetlight failure dangerous issue,Streetlight,High
Air pollution dangerous issue,Pollution,High
Road pothole affects public safety,Road/Pothole,Low
Garbage overflow affects public hygiene,Garbage,Low
Water shortage affects public households,Water,Low
Drain blockage affects public safety,Drainage,Low
Streetlight failure affects public safety,Streetlight,Low
Air pollution affects public health,Pollution,Low
Road pothole near public place,Road/Pothole,Low
Garbage overflow near public place,Garbage,Low
Water shortage near public place,Water,Low
Drain blockage near public place,Drainage,Low
Streetlight failure near public place,Streetlight,Low
Air pollution near public place,Pollution,Low
Road pothole near residential area,Road/Pothole,Low
Garbage overflow near residential area,Garbage,Low
Water shortage near residential area,Water,Low
Drain blockage near residential area,Drainage,Low
Streetlight failure near residential area,Streetlight,Low
Air pollution near residential area,Pollution,Low
Road pothole in residential area,Road/Pothole,Low
Garbage overflow in residential area,Garbage,Low
Water shortage in residential area,Water,Low
Drain blockage in residential area,Drainage,Low
Streetlight failure in residential area,Streetlight,Low
Air pollution in residential area,Pollution,Low
Road pothole around residential area,Road/Pothole,Low
Garbage overflow around residential area,Garbage,Low
Water shortage around residential area,Water,Low
Drain blockage around residential area,Drainage,Low
Streetlight failure around residential area,Streetlight,Low
Air pollution around residential area,Pollution,Low
Road pothole at residential area,Road/Pothole,Low
Garbage overflow at residential area,Garbage,Low
Water shortage at residential area,Water,Low
Drain blockage at residential area,Drainage,Low
Streetlight failure at residential area,Streetlight,Low
Air pollution at residential area,Pollution,Low
Road pothole near public road,Road/Pothole,Low
Garbage overflow near public road,Garbage,Low
Water shortage near public road,Water,Low
Drain blockage near public road,Drainage,Low
Streetlight failure near public road,Streetlight,Low
Air pollution near public road,Pollution,Low
Road pothole on public road,Road/Pothole,Low
Garbage overflow on public road,Garbage,Low
Water shortage on public road,Water,Low
Drain blockage on public road,Drainage,Low
Streetlight failure on public road,Streetlight,Low
Air pollution on public road,Pollution,Low
Road pothole on main road,Road/Pothole,Low
Garbage overflow on main road,Garbage,Low
Water shortage on main road,Water,Low
Drain blockage on main road,Drainage,Low
Streetlight failure on main road,Streetlight,Low
Air pollution on main road,Pollution,Low
Road pothole near bus stop,Road/Pothole,Low
Garbage overflow near bus stop,Garbage,Low
Water shortage near bus stop,Water,Low
Drain blockage near bus stop,Drainage,Low
Streetlight failure near bus stop,Streetlight,Low
Air pollution near bus stop,Pollution,Low
Road pothole near market,Road/Pothole,Low
Garbage overflow near market,Garbage,Low
Water shortage near market,Water,Low
Drain blockage near market,Drainage,Low
Streetlight failure near market,Streetlight,Low
Air pollution near market,Pollution,Low
Road pothole near school,Road/Pothole,High
Garbage overflow near school,Garbage,High
Water shortage near school,Water,High
Drain blockage near school,Drainage,High
Streetlight failure near school,Streetlight,High
Air pollution near school,Pollution,High
Road pothole near hospital,Road/Pothole,High
Garbage overflow near hospital,Garbage,High
Water shortage near hospital,Water,High
Drain blockage near hospital,Drainage,High
Streetlight failure near hospital,Streetlight,High
Air pollution near hospital,Pollution,High
Road pothole near college,Road/Pothole,Low
Garbage overflow near college,Garbage,Low
Water shortage near college,Water,Low
Drain blockage near college,Drainage,Low
Streetlight failure near college,Streetlight,Low
Air pollution near college,Pollution,Low
Road pothole in locality,Road/Pothole,Low
Garbage overflow in locality,Garbage,Low
Water shortage in locality,Water,Low
Drain blockage in locality,Drainage,Low
Streetlight failure in locality,Streetlight,Low
Air pollution in locality,Pollution,Low
Road pothole in neighborhood,Road/Pothole,Low
Garbage overflow in neighborhood,Garbage,Low
Water shortage in neighborhood,Water,Low
Drain blockage in neighborhood,Drainage,Low
Streetlight failure in neighborhood,Streetlight,Low
Air pollution in neighborhood,Pollution,Low
Road pothole in our area,Road/Pothole,Low
Garbage overflow in our area,Garbage,Low
Water shortage in our area,Water,Low
Drain blockage in our area,Drainage,Low
Streetlight failure in our area,Streetlight,Low
Air pollution in our area,Pollution,Low
Road pothole in city,Road/Pothole,Low
Garbage overflow in city,Garbage,Low
Water shortage in city,Water,Low
Drain blockage in city,Drainage,Low
Streetlight failure in city,Streetlight,Low
Air pollution in city,Pollution,Low
Road pothole in district,Road/Pothole,Low
Garbage overflow in district,Garbage,Low
Water shortage in district,Water,Low
Drain blockage in district,Drainage,Low
Streetlight failure in district,Streetlight,Low
Air pollution in district,Pollution,Low
Road pothole in state,Road/Pothole,Low
Garbage overflow in state,Garbage,Low
Water shortage in state,Water,Low
Drain blockage in state,Drainage,Low
Streetlight failure in state,Streetlight,Low
Air pollution in state,Pollution,Low
Road pothole across city,Road/Pothole,Low
Garbage overflow across city,Garbage,Low
Water shortage across city,Water,Low
Drain blockage across city,Drainage,Low
Streetlight failure across city,Streetlight,Low
Air pollution across city,Pollution,Low
Road pothole across district,Road/Pothole,Low
Garbage overflow across district,Garbage,Low
Water shortage across district,Water,Low
Drain blockage across district,Drainage,Low
Streetlight failure across district,Streetlight,Low
Air pollution across district,Pollution,Low
Road pothole affecting many people,Road/Pothole,Low
Garbage overflow affecting many people,Garbage,Low
Water shortage affecting many people,Water,Low
Drain blockage affecting many people,Drainage,Low
Streetlight failure affecting many people,Streetlight,Low
Air pollution affecting many people,Pollution,Low
Road pothole affecting many residents,Road/Pothole,Low
Garbage overflow affecting many residents,Garbage,Low
Water shortage affecting many residents,Water,Low
Drain blockage affecting many residents,Drainage,Low
Streetlight failure affecting many residents,Streetlight,Low
Air pollution affecting many residents,Pollution,Low
Road pothole affecting hundreds of people,Road/Pothole,Low
Garbage overflow affecting hundreds of people,Garbage,Low
Water shortage affecting hundreds of people,Water,Low
Drain blockage affecting hundreds of people,Drainage,Low
Streetlight failure affecting hundreds of people,Streetlight,Low
Air pollution affecting hundreds of people,Pollution,Low
Road pothole affects everyone,Road/Pothole,Low
Garbage overflow affects everyone,Garbage,Low
Water shortage affects everyone,Water,Low
Drain blockage affects everyone,Drainage,Low
Streetlight failure affects everyone,Streetlight,Low
Air pollution affects everyone,Pollution,Low
Road pothole is a major issue,Road/Pothole,Low
Garbage overflow is a major issue,Garbage,Low
Water shortage is a major issue,Water,Low
Drain blockage is a major issue,Drainage,Low
Streetlight failure is a major issue,Streetlight,Low
Air pollution is a major issue,Pollution,Low
Road pothole is a minor issue,Road/Pothole,Low
Garbage overflow is a minor issue,Garbage,Low
Water shortage is a minor issue,Water,Low
Drain blockage is a minor issue,Drainage,Low
Streetlight failure is a minor issue,Streetlight,Low
Air pollution is a minor issue,Pollution,Low
Road pothole is a recurring issue,Road/Pothole,Low
Garbage overflow is a recurring issue,Garbage,Low
Water shortage is a recurring issue,Water,Low
Drain blockage is a recurring issue,Drainage,Low
Streetlight failure is a recurring issue,Streetlight,Low
Air pollution is a recurring issue,Pollution,Low
Road pothole keeps happening,Road/Pothole,Low
Garbage overflow keeps happening,Garbage,Low
Water shortage keeps happening,Water,Low
Drain blockage keeps happening,Drainage,Low
Streetlight failure keeps happening,Streetlight,Low
Air pollution keeps happening,Pollution,Low
Road pothole happens every day,Road/Pothole,Low
Garbage overflow happens every day,Garbage,Low
Water shortage happens every day,Water,Low
Drain blockage happens every day,Drainage,Low
Streetlight failure happens every day,Streetlight,Low
Air pollution happens every day,Pollution,Low
Road pothole happens frequently,Road/Pothole,Low
Garbage overflow happens frequently,Garbage,Low
Water shortage happens frequently,Water,Low
Drain blockage happens frequently,Drainage,Low
Streetlight failure happens frequently,Streetlight,Low
Air pollution happens frequently,Pollution,Low
Road pothole has been there for weeks,Road/Pothole,Medium
Garbage overflow has been there for weeks,Garbage,Medium
Water shortage has continued for weeks,Water,Medium
Drain blockage has continued for weeks,Drainage,Medium
Streetlight failure has continued for weeks,Streetlight,Medium
Air pollution has continued for weeks,Pollution,Medium
Road pothole has been there for months,Road/Pothole,Low
Garbage overflow has been there for months,Garbage,Low
Water shortage has continued for months,Water,Low
Drain blockage has continued for months,Drainage,Low
Streetlight failure has continued for months,Streetlight,Low
Air pollution has continued for months,Pollution,Low
Road pothole is still there,Road/Pothole,Low
Garbage overflow is still there,Garbage,Low
Water shortage is still there,Water,Low
Drain blockage is still there,Drainage,Low
Streetlight failure is still there,Streetlight,Low
Air pollution is still there,Pollution,Low
Road pothole remains,Road/Pothole,Low
Garbage overflow remains,Garbage,Low
Water shortage remains,Water,Low
Drain blockage remains,Drainage,Low
Streetlight failure remains,Streetlight,Low
Air pollution remains,Pollution,Low
Road pothole continues,Road/Pothole,Low
Garbage overflow continues,Garbage,Low
Water shortage continues,Water,Low
Drain blockage continues,Drainage,Low
Streetlight failure continues,Streetlight,Low
Air pollution continues,Pollution,Low
Road pothole persists,Road/Pothole,Low
Garbage overflow persists,Garbage,Low
Water shortage persists,Water,Low
Drain blockage persists,Drainage,Low
Streetlight failure persists,Streetlight,Low
Air pollution persists,Pollution,Low
Road pothole ongoing,Road/Pothole,Low
Garbage overflow ongoing,Garbage,Low
Water shortage ongoing,Water,Low
Drain blockage ongoing,Drainage,Low
Streetlight failure ongoing,Streetlight,Low
Air pollution ongoing,Pollution,Low
Road pothole recurring,Road/Pothole,Low
Garbage overflow recurring,Garbage,Low
Water shortage recurring,Water,Low
Drain blockage recurring,Drainage,Low
Streetlight failure recurring,Streetlight,Low
Air pollution recurring,Pollution,Low
Road pothole frequently reported,Road/Pothole,Low
Garbage overflow frequently reported,Garbage,Low
Water shortage frequently reported,Water,Low
Drain blockage frequently reported,Drainage,Low
Streetlight failure frequently reported,Streetlight,Low
Air pollution frequently reported,Pollution,Low
Road pothole repeatedly reported,Road/Pothole,Low
Garbage overflow repeatedly reported,Garbage,Low
Water shortage repeatedly reported,Water,Low
Drain blockage repeatedly reported,Drainage,Low
Streetlight failure repeatedly reported,Streetlight,Low
Air pollution repeatedly reported,Pollution,Low
Road pothole reported multiple times,Road/Pothole,Low
Garbage overflow reported multiple times,Garbage,Low
Water shortage reported multiple times,Water,Low
Drain blockage reported multiple times,Drainage,Low
Streetlight failure reported multiple times,Streetlight,Low
Air pollution reported multiple times,Pollution,Low
Road pothole reported by many residents,Road/Pothole,Low
Garbage overflow reported by many residents,Garbage,Low
Water shortage reported by many residents,Water,Low
Drain blockage reported by many residents,Drainage,Low
Streetlight failure reported by many residents,Streetlight,Low
Air pollution reported by many residents,Pollution,Low
Road pothole reported by many citizens,Road/Pothole,Low
Garbage overflow reported by many citizens,Garbage,Low
Water shortage reported by many citizens,Water,Low
Drain blockage reported by many citizens,Drainage,Low
Streetlight failure reported by many citizens,Streetlight,Low
Air pollution reported by many citizens,Pollution,Low
Road pothole reported by many people,Road/Pothole,Low
Garbage overflow reported by many people,Garbage,Low
Water shortage reported by many people,Water,Low
Drain blockage reported by many people,Drainage,Low
Streetlight failure reported by many people,Streetlight,Low
Air pollution reported by many people,Pollution,Low
Road pothole reported repeatedly,Road/Pothole,Low
Garbage overflow reported repeatedly,Garbage,Low
Water shortage reported repeatedly,Water,Low
Drain blockage reported repeatedly,Drainage,Low
Streetlight failure reported repeatedly,Streetlight,Low
Air pollution reported repeatedly,Pollution,Low
Road pothole is recurring,Road/Pothole,Low
Garbage overflow is recurring,Garbage,Low
Water shortage is recurring,Water,Low
Drain blockage is recurring,Drainage,Low
Streetlight failure is recurring,Streetlight,Low
Air pollution is recurring,Pollution,Low
Road pothole keeps recurring,Road/Pothole,Low
Garbage overflow keeps recurring,Garbage,Low
Water shortage keeps recurring,Water,Low
Drain blockage keeps recurring,Drainage,Low
Streetlight failure keeps recurring,Streetlight,Low
Air pollution keeps recurring,Pollution,Low
Road pothole happens repeatedly,Road/Pothole,Low
Garbage overflow happens repeatedly,Garbage,Low
Water shortage happens repeatedly,Water,Low
Drain blockage happens repeatedly,Drainage,Low
Streetlight failure happens repeatedly,Streetlight,Low
Air pollution happens repeatedly,Pollution,Low
Road pothole is a recurring complaint,Road/Pothole,Low
Garbage overflow is a recurring complaint,Garbage,Low
Water shortage is a recurring complaint,Water,Low
Drain blockage is a recurring complaint,Drainage,Low
Streetlight failure is a recurring complaint,Streetlight,Low
Air pollution is a recurring complaint,Pollution,Low
Road pothole is frequently complained about,Road/Pothole,Low
Garbage overflow is frequently complained about,Garbage,Low
Water shortage is frequently complained about,Water,Low
Drain blockage is frequently complained about,Drainage,Low
Streetlight failure is frequently complained about,Streetlight,Low
Air pollution is frequently complained about,Pollution,Low
Road pothole has multiple complaints,Road/Pothole,Low
Garbage overflow has multiple complaints,Garbage,Low
Water shortage has multiple complaints,Water,Low
Drain blockage has multiple complaints,Drainage,Low
Streetlight failure has multiple complaints,Streetlight,Low
Air pollution has multiple complaints,Pollution,Low
Road pothole is reported often,Road/Pothole,Low
Garbage overflow is reported often,Garbage,Low
Water shortage is reported often,Water,Low
Drain blockage is reported often,Drainage,Low
Streetlight failure is reported often,Streetlight,Low
Air pollution is reported often,Pollution,Low
Road pothole is a repeated complaint,Road/Pothole,Low
Garbage overflow is a repeated complaint,Garbage,Low
Water shortage is a repeated complaint,Water,Low
Drain blockage is a repeated complaint,Drainage,Low
Streetlight failure is a repeated complaint,Streetlight,Low
Air pollution is a repeated complaint,Pollution,Low
Road pothole is a common complaint,Road/Pothole,Low
Garbage overflow is a common complaint,Garbage,Low
Water shortage is a common complaint,Water,Low
Drain blockage is a common complaint,Drainage,Low
Streetlight failure is a common complaint,Streetlight,Low
Air pollution is a common complaint,Pollution,Low
Road pothole is frequently reported,Road/Pothole,Low
Garbage overflow is frequently reported,Garbage,Low
Water shortage is frequently reported,Water,Low
Drain blockage is frequently reported,Drainage,Low
Streetlight failure is frequently reported,Streetlight,Low
Air pollution is frequently reported,Pollution,Low
Road pothole is often reported,Road/Pothole,Low
Garbage overflow is often reported,Garbage,Low
Water shortage is often reported,Water,Low
Drain blockage is often reported,Drainage,Low
Streetlight failure is often reported,Streetlight,Low
Air pollution is often reported,Pollution,Low
Road pothole is widely reported,Road/Pothole,Low
Garbage overflow is widely reported,Garbage,Low
Water shortage is widely reported,Water,Low
Drain blockage is widely reported,Drainage,Low
Streetlight failure is widely reported,Streetlight,Low
Air pollution is widely reported,Pollution,Low
Road pothole is reported across the area,Road/Pothole,Low
Garbage overflow is reported across the area,Garbage,Low
Water shortage is reported across the area,Water,Low
Drain blockage is reported across the area,Drainage,Low
Streetlight failure is reported across the area,Streetlight,Low
Air pollution is reported across the area,Pollution,Low
Road pothole is reported across the locality,Road/Pothole,Low
Garbage overflow is reported across the locality,Garbage,Low
Water shortage is reported across the locality,Water,Low
Drain blockage is reported across the locality,Drainage,Low
Streetlight failure is reported across the locality,Streetlight,Low
Air pollution is reported across the locality,Pollution,Low
Road pothole is reported across the neighborhood,Road/Pothole,Low
Garbage overflow is reported across the neighborhood,Garbage,Low
Water shortage is reported across the neighborhood,Water,Low
Drain blockage is reported across the neighborhood,Drainage,Low
Streetlight failure is reported across the neighborhood,Streetlight,Low
Air pollution is reported across the neighborhood,Pollution,Low
Road pothole is reported across the city,Road/Pothole,Low
Garbage overflow is reported across the city,Garbage,Low
Water shortage is reported across the city,Water,Low
Drain blockage is reported across the city,Drainage,Low
Streetlight failure is reported across the city,Streetlight,Low
Air pollution is reported across the city,Pollution,Low
Road pothole is reported across the district,Road/Pothole,Low
Garbage overflow is reported across the district,Garbage,Low
Water shortage is reported across the district,Water,Low
Drain blockage is reported across the district,Drainage,Low
Streetlight failure is reported across the district,Streetlight,Low
Air pollution is reported across the district,Pollution,Low
Road pothole is reported across the state,Road/Pothole,Low
Garbage overflow is reported across the state,Garbage,Low
Water shortage is reported across the state,Water,Low
Drain blockage is reported across the state,Drainage,Low
Streetlight failure is reported across the state,Streetlight,Low
Air pollution is reported across the state,Pollution,Low
Road pothole is affecting the whole area,Road/Pothole,Low
Garbage overflow is affecting the whole area,Garbage,Low
Water shortage is affecting the whole area,Water,Low
Drain blockage is affecting the whole area,Drainage,Low
Streetlight failure is affecting the whole area,Streetlight,Low
Air pollution is affecting the whole area,Pollution,Low
Road pothole is affecting the whole locality,Road/Pothole,Low
Garbage overflow is affecting the whole locality,Garbage,Low
Water shortage is affecting the whole locality,Water,Low
Drain blockage is affecting the whole locality,Drainage,Low
Streetlight failure is affecting the whole locality,Streetlight,Low
Air pollution is affecting the whole locality,Pollution,Low
Road pothole is affecting the whole neighborhood,Road/Pothole,Low
Garbage overflow is affecting the whole neighborhood,Garbage,Low
Water shortage is affecting the whole neighborhood,Water,Low
Drain blockage is affecting the whole neighborhood,Drainage,Low
Streetlight failure is affecting the whole neighborhood,Streetlight,Low
Air pollution is affecting the whole neighborhood,Pollution,Low
Road pothole is affecting the whole city,Road/Pothole,Low
Garbage overflow is affecting the whole city,Garbage,Low
Water shortage is affecting the whole city,Water,Low
Drain blockage is affecting the whole city,Drainage,Low
Streetlight failure is affecting the whole city,Streetlight,Low
Air pollution is affecting the whole city,Pollution,Low
Road pothole is affecting the whole district,Road/Pothole,Low
Garbage overflow is affecting the whole district,Garbage,Low
Water shortage is affecting the whole district,Water,Low
Drain blockage is affecting the whole district,Drainage,Low
Streetlight failure is affecting the whole district,Streetlight,Low
Air pollution is affecting the whole district,Pollution,Low
Road pothole is affecting the whole state,Road/Pothole,Low
Garbage overflow is affecting the whole state,Garbage,Low
Water shortage is affecting the whole state,Water,Low
Drain blockage is affecting the whole state,Drainage,Low
Streetlight failure is affecting the whole state,Streetlight,Low
Air pollution is affecting the whole state,Pollution,Low
Road pothole affecting everyone,Road/Pothole,Low
Garbage overflow affecting everyone,Garbage,Low
Water shortage affecting everyone,Water,Low
Drain blockage affecting everyone,Drainage,Low
Streetlight failure affecting everyone,Streetlight,Low
Air pollution affecting everyone,Pollution,Low
Road pothole affecting many,Road/Pothole,Low
Garbage overflow affecting many,Garbage,Low
Water shortage affecting many,Water,Low
Drain blockage affecting many,Drainage,Low
Streetlight failure affecting many,Streetlight,Low
Air pollution affecting many,Pollution,Low
Road pothole affecting residents,Road/Pothole,Low
Garbage overflow affecting residents,Garbage,Low
Water shortage affecting residents,Water,Low
Drain blockage affecting residents,Drainage,Low
Streetlight failure affecting residents,Streetlight,Low
Air pollution affecting residents,Pollution,Low
Road pothole affecting citizens,Road/Pothole,Low
Garbage overflow affecting citizens,Garbage,Low
Water shortage affecting citizens,Water,Low
Drain blockage affecting citizens,Drainage,Low
Streetlight failure affecting citizens,Streetlight,Low
Air pollution affecting citizens,Pollution,Low
Road pothole affecting public,Road/Pothole,Low
Garbage overflow affecting public,Garbage,Low
Water shortage affecting public,Water,Low
Drain blockage affecting public,Drainage,Low
Streetlight failure affecting public,Streetlight,Low
Air pollution affecting public,Pollution,Low
Road pothole affecting commuters,Road/Pothole,Low
Garbage overflow affecting commuters,Garbage,Low
Water shortage affecting commuters,Water,Low
Drain blockage affecting commuters,Drainage,Low
Streetlight failure affecting commuters,Streetlight,Low
Air pollution affecting commuters,Pollution,Low
Road pothole affecting pedestrians,Road/Pothole,Low
Garbage overflow affecting pedestrians,Garbage,Low
Water shortage affecting pedestrians,Water,Low
Drain blockage affecting pedestrians,Drainage,Low
Streetlight failure affecting pedestrians,Streetlight,Low
Air pollution affecting pedestrians,Pollution,Low
Road pothole affecting households,Road/Pothole,Low
Garbage overflow affecting households,Garbage,Low
Water shortage affecting households,Water,Low
Drain blockage affecting households,Drainage,Low
Streetlight failure affecting households,Streetlight,Low
Air pollution affecting households,Pollution,Low
Road pothole affecting school,Road/Pothole,High
Garbage overflow affecting school,Garbage,High
Water shortage affecting school,Water,High
Drain blockage affecting school,Drainage,High
Streetlight failure affecting school,Streetlight,High
Air pollution affecting school,Pollution,High
Road pothole affecting hospital,Road/Pothole,High
Garbage overflow affecting hospital,Garbage,High
Water shortage affecting hospital,Water,High
Drain blockage affecting hospital,Drainage,High
Streetlight failure affecting hospital,Streetlight,High
Air pollution affecting hospital,Pollution,High
Road pothole affecting market,Road/Pothole,Low
Garbage overflow affecting market,Garbage,Low
Water shortage affecting market,Water,Low
Drain blockage affecting market,Drainage,Low
Streetlight failure affecting market,Streetlight,Low
Air pollution affecting market,Pollution,Low
Road pothole affecting bus stop,Road/Pothole,Low
Garbage overflow affecting bus stop,Garbage,Low
Water shortage affecting bus stop,Water,Low
Drain blockage affecting bus stop,Drainage,Low
Streetlight failure affecting bus stop,Streetlight,Low
Air pollution affecting bus stop,Pollution,Low
Road pothole affecting college,Road/Pothole,Low
Garbage overflow affecting college,Garbage,Low
Water shortage affecting college,Water,Low
Drain blockage affecting college,Drainage,Low
Streetlight failure affecting college,Streetlight,Low
Air pollution affecting college,Pollution,Low
Road pothole complaint,Road/Pothole,Low
Garbage overflow complaint,Garbage,Low
Water shortage complaint,Water,Low
Drain blockage complaint,Drainage,Low
Streetlight failure complaint,Streetlight,Low
Air pollution complaint,Pollution,Low
Road pothole issue,Road/Pothole,Low
Garbage overflow issue,Garbage,Low
Water shortage issue,Water,Low
Drain blockage issue,Drainage,Low
Streetlight failure issue,Streetlight,Low
Air pollution issue,Pollution,Low
Road pothole problem,Road/Pothole,Low
Garbage overflow problem,Garbage,Low
Water shortage problem,Water,Low
Drain blockage problem,Drainage,Low
Streetlight failure problem,Streetlight,Low
Air pollution problem,Pollution,Low
Road pothole request,Road/Pothole,Low
Garbage overflow request,Garbage,Low
Water shortage request,Water,Low
Drain blockage request,Drainage,Low
Streetlight failure request,Streetlight,Low
Air pollution request,Pollution,Low
Road pothole repair,Road/Pothole,Low
Garbage overflow removal,Garbage,Low
Water shortage restoration,Water,Low
Drain blockage cleaning,Drainage,Low
Streetlight failure repair,Streetlight,Low
Air pollution control,Pollution,Low
Road pothole maintenance,Road/Pothole,Low
Garbage overflow management,Garbage,Low
Water shortage management,Water,Low
Drain blockage management,Drainage,Low
Streetlight failure management,Streetlight,Low
Air pollution management,Pollution,Low
Road pothole needs repair,Road/Pothole,Medium
Garbage overflow needs removal,Garbage,Low
Water shortage needs supply,Water,Low
Drain blockage needs cleaning,Drainage,Low
Streetlight failure needs repair,Streetlight,Medium
Air pollution needs control,Pollution,Low
Road pothole requires repair,Road/Pothole,Low
Garbage overflow requires removal,Garbage,Low
Water shortage requires supply,Water,Low
Drain blockage requires cleaning,Drainage,Low
Streetlight failure requires repair,Streetlight,Low
Air pollution requires control,Pollution,Low
Road pothole requires immediate repair,Road/Pothole,Low
Garbage overflow requires immediate removal,Garbage,Low
Water shortage requires immediate supply,Water,Low
Drain blockage requires immediate cleaning,Drainage,Low
Streetlight failure requires immediate repair,Streetlight,Low
Air pollution requires immediate control,Pollution,Low
Road pothole is serious,Road/Pothole,Low
Garbage overflow is serious,Garbage,Low
Water shortage is serious,Water,Low
Drain blockage is serious,Drainage,Low
Streetlight failure is serious,Streetlight,Low
Air pollution is serious,Pollution,Low
Road pothole is urgent,Road/Pothole,Low
Garbage overflow is urgent,Garbage,Low
Water shortage is urgent,Water,Low
Drain blockage is urgent,Drainage,Low
Streetlight failure is urgent,Streetlight,Low
Air pollution is urgent,Pollution,Low
Road pothole is dangerous,Road/Pothole,High
Garbage overflow is dangerous,Garbage,High
Water shortage is dangerous,Water,High
Drain blockage is dangerous,Drainage,High
Streetlight failure is dangerous,Streetlight,High
Air pollution is dangerous,Pollution,High
Road pothole affects safety,Road/Pothole,Low
Garbage overflow affects hygiene,Garbage,Low
Water shortage affects households,Water,Low
Drain blockage affects safety,Drainage,Low
Streetlight failure affects safety,Streetlight,Low
Air pollution affects health,Pollution,Low
Road pothole causes accidents,Road/Pothole,Critical
Garbage overflow causes bad smell,Garbage,Medium
Water shortage causes difficulties,Water,Low
Drain blockage causes flooding,Drainage,High
Streetlight failure causes darkness,Streetlight,Low
Air pollution causes breathing problems,Pollution,Low
Road pothole near my home,Road/Pothole,Low
Garbage overflow near my home,Garbage,Low
Water shortage near my home,Water,Low
Drain blockage near my home,Drainage,Low
Streetlight failure near my home,Streetlight,Low
Air pollution near my home,Pollution,Low
Road pothole near school,Road/Pothole,High
Garbage overflow near school,Garbage,High
Water shortage near school,Water,High
Drain blockage near school,Drainage,High
Streetlight failure near school,Streetlight,High
Air pollution near school,Pollution,High
Road pothole near hospital,Road/Pothole,High
Garbage overflow near hospital,Garbage,High
Water shortage near hospital,Water,High
Drain blockage near hospital,Drainage,High
Streetlight failure near hospital,Streetlight,High
Air pollution near hospital,Pollution,High
Road pothole near market,Road/Pothole,Low
Garbage overflow near market,Garbage,Low
Water shortage near market,Water,Low
Drain blockage near market,Drainage,Low
Streetlight failure near market,Streetlight,Low
Air pollution near market,Pollution,Low
Road pothole near bus stop,Road/Pothole,Low
Garbage overflow near bus stop,Garbage,Low
Water shortage near bus stop,Water,Low
Drain blockage near bus stop,Drainage,Low
Streetlight failure near bus stop,Streetlight,Low
Air pollution near bus stop,Pollution,Low
Road pothole near college,Road/Pothole,Low
Garbage overflow near college,Garbage,Low
Water shortage near college,Water,Low
Drain blockage near college,Drainage,Low
Streetlight failure near college,Streetlight,Low
Air pollution near college,Pollution,Low
Road pothole in my area,Road/Pothole,Low
Garbage overflow in my area,Garbage,Low
Water shortage in my area,Water,Low
Drain blockage in my area,Drainage,Low
Streetlight failure in my area,Streetlight,Low
Air pollution in my area,Pollution,Low
Road pothole in my locality,Road/Pothole,Low
Garbage overflow in my locality,Garbage,Low
Water shortage in my locality,Water,Low
Drain blockage in my locality,Drainage,Low
Streetlight failure in my locality,Streetlight,Low
Air pollution in my locality,Pollution,Low
Road pothole in my neighborhood,Road/Pothole,Low
Garbage overflow in my neighborhood,Garbage,Low
Water shortage in my neighborhood,Water,Low
Drain blockage in my neighborhood,Drainage,Low
Streetlight failure in my neighborhood,Streetlight,Low
Air pollution in my neighborhood,Pollution,Low
Road pothole in our area,Road/Pothole,Low
Garbage overflow in our area,Garbage,Low
Water shortage in our area,Water,Low
Drain blockage in our area,Drainage,Low
Streetlight failure in our area,Streetlight,Low
Air pollution in our area,Pollution,Low
Road pothole in city,Road/Pothole,Low
Garbage overflow in city,Garbage,Low
Water shortage in city,Water,Low
Drain blockage in city,Drainage,Low
Streetlight failure in city,Streetlight,Low
Air pollution in city,Pollution,Low
Road pothole in district,Road/Pothole,Low
Garbage overflow in district,Garbage,Low
Water shortage in district,Water,Low
Drain blockage in district,Drainage,Low
Streetlight failure in district,Streetlight,Low
Air pollution in district,Pollution,Low
Road pothole in state,Road/Pothole,Low
Garbage overflow in state,Garbage,Low
Water shortage in state,Water,Low
Drain blockage in state,Drainage,Low
Streetlight failure in state,Streetlight,Low
Air pollution in state,Pollution,Low
Road pothole across city,Road/Pothole,Low
Garbage overflow across city,Garbage,Low
Water shortage across city,Water,Low
Drain blockage across city,Drainage,Low
Streetlight failure across city,Streetlight,Low
Air pollution across city,Pollution,Low
Road pothole across district,Road/Pothole,Low
Garbage overflow across district,Garbage,Low
Water shortage across district,Water,Low
Drain blockage across district,Drainage,Low
Streetlight failure across district,Streetlight,Low
Air pollution across district,Pollution,Low
Road pothole affecting many residents,Road/Pothole,Low
Garbage overflow affecting many residents,Garbage,Low
Water shortage affecting many residents,Water,Low
Drain blockage affecting many residents,Drainage,Low
Streetlight failure affecting many residents,Streetlight,Low
Air pollution affecting many residents,Pollution,Low
Road pothole affecting hundreds,Road/Pothole,Low
Garbage overflow affecting hundreds,Garbage,Low
Water shortage affecting hundreds,Water,Low
Drain blockage affecting hundreds,Drainage,Low
Streetlight failure affecting hundreds,Streetlight,Low
Air pollution affecting hundreds,Pollution,Low
Road pothole affects everyone,Road/Pothole,Low
Garbage overflow affects everyone,Garbage,Low
Water shortage affects everyone,Water,Low
Drain blockage affects everyone,Drainage,Low
Streetlight failure affects everyone,Streetlight,Low
Air pollution affects everyone,Pollution,Low
Road pothole is recurring,Road/Pothole,Low
Garbage overflow is recurring,Garbage,Low
Water shortage is recurring,Water,Low
Drain blockage is recurring,Drainage,Low
Streetlight failure is recurring,Streetlight,Low
Air pollution is recurring,Pollution,Low
Road pothole keeps recurring,Road/Pothole,Low
Garbage overflow keeps recurring,Garbage,Low
Water shortage keeps recurring,Water,Low
Drain blockage keeps recurring,Drainage,Low
Streetlight failure keeps recurring,Streetlight,Low
Air pollution keeps recurring,Pollution,Low
Road pothole happens every day,Road/Pothole,Low
Garbage overflow happens every day,Garbage,Low
Water shortage happens every day,Water,Low
Drain blockage happens every day,Drainage,Low
Streetlight failure happens every day,Streetlight,Low
Air pollution happens every day,Pollution,Low
Road pothole is still unresolved,Road/Pothole,Low
Garbage overflow is still unresolved,Garbage,Low
Water shortage is still unresolved,Water,Low
Drain blockage is still unresolved,Drainage,Low
Streetlight failure is still unresolved,Streetlight,Low
Air pollution is still unresolved,Pollution,Low
Road pothole needs urgent action,Road/Pothole,Low
Garbage overflow needs urgent action,Garbage,Low
Water shortage needs urgent action,Water,Low
Drain blockage needs urgent action,Drainage,Low
Streetlight failure needs urgent action,Streetlight,Low
Air pollution needs urgent action,Pollution,Low
Road pothole needs immediate action,Road/Pothole,Low
Garbage overflow needs immediate action,Garbage,Low
Water shortage needs immediate action,Water,Low
Drain blockage needs immediate action,Drainage,Low
Streetlight failure needs immediate action,Streetlight,Low
Air pollution needs immediate action,Pollution,Low
Road pothole needs priority,Road/Pothole,Low
Garbage overflow needs priority,Garbage,Low
Water shortage needs priority,Water,Low
Drain blockage needs priority,Drainage,Low
Streetlight failure needs priority,Streetlight,Low
Air pollution needs priority,Pollution,Low
Road pothole priority,Road/Pothole,Low
Garbage overflow priority,Garbage,Low
Water shortage priority,Water,Low
Drain blockage priority,Drainage,Low
Streetlight failure priority,Streetlight,Low
Air pollution priority,Pollution,Low
Road pothole severity,Road/Pothole,Low
Garbage overflow severity,Garbage,Low
Water shortage severity,Water,Low
Drain blockage severity,Drainage,Low
Streetlight failure severity,Streetlight,Low
Air pollution severity,Pollution,Low
Road pothole urgency,Road/Pothole,Low
Garbage overflow urgency,Garbage,Low
Water shortage urgency,Water,Low
Drain blockage urgency,Drainage,Low
Streetlight failure urgency,Streetlight,Low
Air pollution urgency,Pollution,Low
Road pothole category,Road/Pothole,Low
Garbage overflow category,Garbage,Low
Water shortage category,Water,Low
Drain blockage category,Drainage,Low
Streetlight failure category,Streetlight,Low
Air pollution category,Pollution,Low
Road pothole classification,Road/Pothole,Low
Garbage overflow classification,Garbage,Low
Water shortage classification,Water,Low
Drain blockage classification,Drainage,Low
Streetlight failure classification,Streetlight,Low
Air pollution classification,Pollution,Low
Road pothole,Road/Pothole,Low
Garbage overflow,Garbage,Low
Water shortage,Water,Low
Drain blockage,Drainage,Low
Streetlight failure,Streetlight,Low
Air pollution,Pollution,Low
Road repair,Road/Pothole,Low
Garbage removal,Garbage,Low
Water supply,Water,Low
Drainage cleaning,Drainage,Low
Streetlight repair,Streetlight,Low
Pollution control,Pollution,Low
Road maintenance,Road/Pothole,Low
Garbage collection,Garbage,Low
Water supply,Water,Low
Drainage maintenance,Drainage,Low
Streetlight maintenance,Streetlight,Low
Pollution monitoring,Pollution,Low
Road problem,Road/Pothole,Low
Garbage problem,Garbage,Low
Water problem,Water,Low
Drainage problem,Drainage,Low
Streetlight problem,Streetlight,Low
Pollution problem,Pollution,Low
Road issue,Road/Pothole,Low
Garbage issue,Garbage,Low
Water issue,Water,Low
Drainage issue,Drainage,Low
Streetlight issue,Streetlight,Low
Pollution issue,Pollution,Low
Road complaint,Road/Pothole,Low
Garbage complaint,Garbage,Low
Water complaint,Water,Low
Drainage complaint,Drainage,Low
Streetlight complaint,Streetlight,Low
Pollution complaint,Pollution,Low
Road issue,Road/Pothole,Low
Garbage issue,Garbage,Low
Water issue,Water,Low
Drainage issue,Drainage,Low
Streetlight issue,Streetlight,Low
Pollution issue,Pollution,Low
Road problem,Road/Pothole,Low
Garbage problem,Garbage,Low
Water problem,Water,Low
Drainage problem,Drainage,Low
Streetlight problem,Streetlight,Low
Pollution problem,Pollution,Low
Road pothole,Road/Pothole,Low
Garbage overflow,Garbage,Low
Water shortage,Water,Low
Drain blockage,Drainage,Low
Streetlight failure,Streetlight,Low
Air pollution,Pollution,Low
Road pothole,Road/Pothole,Low
Garbage overflow,Garbage,Low
Water shortage,Water,Low
Drain blockage,Drainage,Low
Streetlight failure,Streetlight,Low
Air pollution,Pollution,Low
Road pothole,Road/Pothole,Low
Garbage overflow,Garbage,Low
Water shortage,Water,Low
Drain blockage,Drainage,Low
Streetlight failure,Streetlight,Low
Air pollution,Pollution,Low
Road pothole,Road/Pothole,Low
Garbage overflow,Garbage,Low
Water shortage,Water,Low
Drain blockage,Drainage,Low
Streetlight failure,Streetlight,Low
Air pollution,Pollution,Low
Road pothole,Road/Pothole,Low
Garbage overflow,Garbage,Low
Water shortage,Water,Low
Drain blockage,Drainage,Low
Streetlight failure,Streetlight,Low
Air pollution,Pollution,Low
Road pothole,Road/Pothole,Low
Garbage overflow,Garbage,Low
Water shortage,Water,Low
Drain blockage,Drainage,Low
Streetlight failure,Streetlight,Low
Air pollution,Pollution,Low
Road pothole,Road/Pothole,Low
Garbage overflow,Garbage,Low
Water shortage,Water,Low
Drain blockage,Drainage,Low
Streetlight failure,Streetlight,Low
Air pollution,Pollution,Low
Road pothole,Road/Pothole,Low
Garbage overflow,Garbage,Low
Water shortage,Water,Low
Drain blockage,Drainage,Low
Streetlight failure,Streetlight,Low
Air pollution,Pollution,Low
Road pothole,Road/Pothole,Low
Garbage overflow,Garbage,Low
Water shortage,Water,Low
Drain blockage,Drainage,Low
Streetlight failure,Streetlight,Low
Air pollution,Pollution,Low
Road pothole,Road/Pothole,Low
Garbage overflow,Garbage,Low
Water shortage,Water,Low
Drain blockage,Drainage,Low
Streetlight failure,Streetlight,Low
Air pollution,Pollution,Low
Road pothole,Road/Pothole,Low
Garbage overflow,Garbage,Low
Water shortage,Water,Low
Drain blockage,Drainage,Low
Streetlight failure,Streetlight,Low
Air pollution,Pollution,Low
Road pothole,Road/Pothole,Low
Garbage overflow,Garbage,Low
Water shortage,Water,Low
Drain blockage,Drainage,Low
Streetlight failure,Streetlight,Low
Air pollution,Pollution,Low
Road pothole,Road/Pothole,Low
Garbage overflow,Garbage,Low
Water shortage,Water,Low
Drain blockage,Drainage,Low
Streetlight failure,Streetlight,Low
Air pollution,Pollution,Low
Road pothole,Road/Pothole,Low
Garbage overflow,Garbage,Low
Water shortage,Water,Low
Drain blockage,Drainage,Low
Streetlight failure,Streetlight,Low
Air pollution,Pollution,Low
Road pothole,Road/Pothole,Low
Garbage overflow,Garbage,Low
Water shortage,Water,Low
Drain blockage,Drainage,Low
Streetlight failure,Streetlight,Low
Air pollution,Pollution,Low
Road pothole,Road/Pothole,Low
Garbage overflow,Garbage,Low
Water shortage,Water,Low
Drain blockage,Drainage,Low
Streetlight failure,Streetlight,Low
Air pollution,Pollution,Low
Road pothole,Road/Pothole,Low
Garbage overflow,Garbage,Low
Water shortage,Water,Low
Drain blockage,Drainage,Low
Streetlight failure,Streetlight,Low
Air pollution,Pollution,Low
Road pothole,Road/Pothole,Low
Garbage overflow,Garbage,Low
Water shortage,Water,Low
Drain blockage,Drainage,Low
Streetlight failure,Streetlight,Low
Air pollution,Pollution,Low
Road pothole,Road/Pothole,Low
Garbage overflow,Garbage,Low
Water shortage,Water,Low
Drain blockage,Drainage,Low
Streetlight failure,Streetlight,Low
Air pollution,Pollution,Low
Road pothole,Road/Pothole,Low
Garbage overflow,Garbage,Low
Water shortage,Water,Low
Drain blockage,Drainage,Low
Streetlight failure,Streetlight,Low
Air pollution,Pollution,Low
Road pothole,Road/Pothole,Low
Garbage overflow,Garbage,Low
Water shortage,Water,Low
Drain blockage,Drainage,Low
Streetlight failure,Streetlight,Low
Air pollution,Pollution,Low
Road pothole,Road/Pothole,Low
Garbage overflow,Garbage,Low
Water shortage,Water,Low
Drain blockage,Drainage,Low
Streetlight failure,Streetlight,Low
Air pollution,Pollution,Low
Road pothole,Road/Pothole,Low
Garbage overflow,Garbage,Low
Water shortage,Water,Low
Drain blockage,Drainage,Low
Streetlight failure,Streetlight,Low
Air pollution,Pollution,Low
Road pothole,Road/Pothole,Low
Garbage overflow,Garbage,Low
Water shortage,Water,Low
Drain blockage,Drainage,Low
Streetlight failure,Streetlight,Low
Air pollution,Pollution,Low
Road pothole,Road/Pothole,Low
Garbage overflow,Garbage,Low
Water shortage,Water,Low
Drain blockage,Drainage,Low
Streetlight failure,Streetlight,Low
Air pollution,Pollution,Low
Road pothole,Road/Pothole,Low
Garbage overflow,Garbage,Low
Water shortage,Water,Low
Drain blockage,Drainage,Low
Streetlight failure,Streetlight,Low
Air pollution,Pollution,Low
Road pothole,Road/Pothole,Low
Garbage overflow,Garbage,Low
Water shortage,Water,Low
Drain blockage,Drainage,Low
Streetlight failure,Streetlight,Low
Air pollution,Pollution,Low
Road pothole,Road/Pothole,Low
Garbage overflow,Garbage,Low
Water shortage,Water,Low
Drain blockage,Drainage,Low
Streetlight failure,Streetlight,Low
Air pollution,Pollution,Low
Road pothole,Road/Pothole,Low
Garbage overflow,Garbage,Low
Water shortage,Water,Low
Drain blockage,Drainage,Low
Streetlight failure,Streetlight,Low
Air pollution,Pollution,Low
Road pothole,Road/Pothole,Low
Garbage overflow,Garbage,Low
Water shortage,Water,Low
Drain blockage,Drainage,Low
Streetlight failure,Streetlight,Low
Air pollution,Pollution,Low
Road pothole,Road/Pothole,Low
Garbage overflow,Garbage,Low
Water shortage,Water,Low
Drain blockage,Drainage,Low
Streetlight failure,Streetlight,Low
Air pollution,Pollution,Low
Road pothole,Road/Pothole,Low
Garbage overflow,Garbage,Low
Water shortage,Water,Low
Drain blockage,Drainage,Low
Streetlight failure,Streetlight,Low
Air pollution,Pollution,Low
Road pothole,Road/Pothole,Low
Garbage overflow,Garbage,Low
Water shortage,Water,Low
Drain blockage,Drainage,Low
Streetlight failure,Streetlight,Low
Air pollution,Pollution,Low
Road pothole,Road/Pothole,Low
Garbage overflow,Garbage,Low
Water shortage,Water,Low
Drain blockage,Drainage,Low
Streetlight failure,Streetlight,Low
Air pollution,Pollution,Low
Road pothole,Road/Pothole,Low
Garbage overflow,Garbage,Low
Water shortage,Water,Low
Drain blockage,Drainage,Low
Streetlight failure,Streetlight,Low
Air pollution,Pollution,Low
Road pothole,Road/Pothole,Low
Garbage overflow,Garbage,Low
Water shortage,Water,Low
Drain blockage,Drainage,Low
Streetlight failure,Streetlight,Low
Air pollution,Pollution,Low
Road pothole,Road/Pothole,Low
Garbage overflow,Garbage,Low
Water shortage,Water,Low
Drain blockage,Drainage,Low
Streetlight failure,Streetlight,Low
Air pollution,Pollution,Low
Road pothole,Road/Pothole,Low
Garbage overflow,Garbage,Low
Water shortage,Water,Low
Drain blockage,Drainage,Low
Streetlight failure,Streetlight,Low
Air pollution,Pollution,Low
Road pothole,Road/Pothole,Low
Garbage overflow,Garbage,Low
Water shortage,Water,Low
Drain blockage,Drainage,Low
Streetlight failure,Streetlight,Low
Air pollution,Pollution,Low
Road pothole,Road/Pothole,Low
Garbage overflow,Garbage,Low
Water shortage,Water,Low
Drain blockage,Drainage,Low
Streetlight failure,Streetlight,Low
Air pollution,Pollution,Low
Road pothole,Road/Pothole,Low
Garbage overflow,Garbage,Low
Water shortage,Water,Low
Drain blockage,Drainage,Low
Streetlight failure,Streetlight,Low
Air pollution,Pollution,Low
Road pothole,Road/Pothole,Low
Garbage overflow,Garbage,Low
Water shortage,Water,Low
Drain blockage,Drainage,Low
Streetlight failure,Streetlight,Low
Air pollution,Pollution,Low
Road pothole,Road/Pothole,Low
Garbage overflow,Garbage,Low
Water shortage,Water,Low
Drain blockage,Drainage,Low
Streetlight failure,Streetlight,Low
Air pollution,Pollution,Low
Road pothole,Road/Pothole,Low
Garbage overflow,Garbage,Low
Water shortage,Water,Low
Drain blockage,Drainage,Low
Streetlight failure,Streetlight,Low
Air pollution,Pollution,Low
Road pothole,Road/Pothole,Low
Garbage overflow,Garbage,Low
Water shortage,Water,Low
Drain blockage,Drainage,Low
Streetlight failure,Streetlight,Low
Air pollution,Pollution,Low
Road pothole,Road/Pothole,Low
Garbage overflow,Garbage,Low
Water shortage,Water,Low
Drain blockage,Drainage,Low
Streetlight failure,Streetlight,Low
Air pollution,Pollution,Low
Road pothole,Road/Pothole,Low
Garbage overflow,Garbage,Low
Water shortage,Water,Low
Drain blockage,Drainage,Low
Streetlight failure,Streetlight,Low
Air pollution,Pollution,Low
Road pothole,Road/Pothole,Low
Garbage overflow,Garbage,Low
Water shortage,Water,Low
Drain blockage,Drainage,Low
Streetlight failure,Streetlight,Low
Air pollution,Pollution,Low
Road pothole,Road/Pothole,Low
Garbage overflow,Garbage,Low
Water shortage,Water,Low
Drain blockage,Drainage,Low
Streetlight failure,Streetlight,Low
Air pollution,Pollution,Low
Road pothole,Road/Pothole,Low
Garbage overflow,Garbage,Low
Water shortage,Water,Low
Drain blockage,Drainage,Low
Streetlight failure,Streetlight,Low
Air pollution,Pollution,Low
Road pothole,Road/Pothole,Low
Garbage overflow,Garbage,Low
Water shortage,Water,Low
Drain blockage,Drainage,Low
Streetlight failure,Streetlight,Low
Air pollution,Pollution,Low
Road pothole,Road/Pothole,Low
Garbage overflow,Garbage,Low
Water shortage,Water,Low
Drain blockage,Drainage,Low
Streetlight failure,Streetlight,Low
Air pollution,Pollution,Low
Road pothole,Road/Pothole,Low
Garbage overflow,Garbage,Low
Water shortage,Water,Low
Drain blockage,Drainage,Low
Streetlight failure,Streetlight,Low
Air pollution,Pollution,Low
Road pothole,Road/Pothole,Low
Garbage overflow,Garbage,Low
Water shortage,Water,Low
Drain blockage,Drainage,Low
Streetlight failure,Streetlight,Low
Air pollution,Pollution,Low
Road pothole,Road/Pothole,Low
Garbage overflow,Garbage,Low
Water shortage,Water,Low
Drain blockage,Drainage,Low
Streetlight failure,Streetlight,Low
Air pollution,Pollution,Low
Road pothole,Road/Pothole,Low
Garbage overflow,Garbage,Low
Water shortage,Water,Low
Drain blockage,Drainage,Low
Streetlight failure,Streetlight,Low
Air pollution,Pollution,Low
Road pothole,Road/Pothole,Low
Garbage overflow,Garbage,Low
Water shortage,Water,Low
Drain blockage,Drainage,Low
Streetlight failure,Streetlight,Low
Air pollution,Pollution,Low
Road pothole,Road/Pothole,Low
Garbage overflow,Garbage,Low
Water shortage,Water,Low
Drain blockage,Drainage,Low
Streetlight failure,Streetlight,Low
Air pollution,Pollution,Low
Road pothole,Road/Pothole,Low
Garbage overflow,Garbage,Low
Water shortage,Water,Low
Drain blockage,Drainage,Low
Streetlight failure,Streetlight,Low
Air pollution,Pollution,Low
Road pothole,Road/Pothole,Low
Garbage overflow,Garbage,Low
Water shortage,Water,Low
Drain blockage,Drainage,Low
Streetlight failure,Streetlight,Low
Air pollution,Pollution,Low
Road pothole,Road/Pothole,Low
Garbage overflow,Garbage,Low
Water shortage,Water,Low
Drain blockage,Drainage,Low
Streetlight failure,Streetlight,Low
Air pollution,Pollution,Low
Road pothole,Road/Pothole,Low
Garbage overflow,Garbage,Low
Water shortage,Water,Low
Drain blockage,Drainage,Low
Streetlight failure,Streetlight,Low
Air pollution,Pollution,Low
Road pothole,Road/Pothole,Low
Garbage overflow,Garbage,Low
Water shortage,Water,Low
Drain blockage,Drainage,Low
Streetlight failure,Streetlight,Low
Air pollution,Pollution,Low
Road pothole,Road/Pothole,Low
Garbage overflow,Garbage,Low
Water shortage,Water,Low
Drain blockage,Drainage,Low
Streetlight failure,Streetlight,Low
Air pollution,Pollution,Low
Road pothole,Road/Pothole,Low
Garbage overflow,Garbage,Low
Water shortage,Water,Low
Drain blockage,Drainage,Low
Streetlight failure,Streetlight,Low
Air pollution,Pollution,Low
Road pothole,Road/Pothole,Low
Garbage overflow,Garbage,Low
Water shortage,Water,Low
Drain blockage,Drainage,Low
Streetlight failure,Streetlight,Low
Air pollution,Pollution,Low
Road pothole,Road/Pothole,Low
Garbage overflow,Garbage,Low
Water shortage,Water,Low
Drain blockage,Drainage,Low
Streetlight failure,Streetlight,Low
Air pollution,Pollution,Low
Road pothole,Road/Pothole,Low
Garbage overflow,Garbage,Low
Water shortage,Water,Low
Drain blockage,Drainage,Low
Streetlight failure,Streetlight,Low
Air pollution,Pollution,Low
Road pothole,Road/Pothole,Low
Garbage overflow,Garbage,Low
Water shortage,Water,Low
Drain blockage,Drainage,Low
Streetlight failure,Streetlight,Low
Air pollution,Pollution,Low
Road pothole,Road/Pothole,Low
Garbage overflow,Garbage,Low
Water shortage,Water,Low
Drain blockage,Drainage,Low
Streetlight failure,Streetlight,Low
Air pollution,Pollution,Low
Road pothole,Road/Pothole,Low
Garbage overflow,Garbage,Low
Water shortage,Water,Low
Drain blockage,Drainage,Low
Streetlight failure,Streetlight,Low
Air pollution,Pollution,Low
Road pothole,Road/Pothole,Low
Garbage overflow,Garbage,Low
Water shortage,Water,Low
Drain blockage,Drainage,Low
Streetlight failure,Streetlight,Low
Air pollution,Pollution,Low
Road pothole,Road/Pothole,Low
Garbage overflow,Garbage,Low
Water shortage,Water,Low
Drain blockage,Drainage,Low
Streetlight failure,Streetlight,Low
Air pollution,Pollution,Low
Road pothole,Road/Pothole,Low
Garbage overflow,Garbage,Low
Water shortage,Water,Low
Drain blockage,Drainage,Low
Streetlight failure,Streetlight,Low
Air pollution,Pollution,Low
Road pothole,Road/Pothole,Low
Garbage overflow,Garbage,Low
Water shortage,Water,Low
Drain blockage,Drainage,Low
Streetlight failure,Streetlight,Low
Air pollution,Pollution,Low
Road pothole,Road/Pothole,Low
Garbage overflow,Garbage,Low
Water shortage,Water,Low
Drain blockage,Drainage,Low
Streetlight failure,Streetlight,Low
Air pollution,Pollution,Low
Road pothole,Road/Pothole,Low
Garbage overflow,Garbage,Low
Water shortage,Water,Low
Drain blockage,Drainage,Low
Streetlight failure,Streetlight,Low
Air pollution,Pollution,Low
Road pothole,Road/Pothole,Low
Garbage overflow,Garbage,Low
Water shortage,Water,Low
Drain blockage,Drainage,Low
Streetlight failure,Streetlight,Low
Air pollution,Pollution,Low
Road pothole,Road/Pothole,Low
Garbage overflow,Garbage,Low
Water shortage,Water,Low
Drain blockage,Drainage,Low
Streetlight failure,Streetlight,Low
Air pollution,Pollution,Low
Road pothole,Road/Pothole,Low
Garbage overflow,Garbage,Low
Water shortage,Water,Low
Drain blockage,Drainage,Low
Streetlight failure,Streetlight,Low
Air pollution,Pollution,Low
Road pothole,Road/Pothole,Low
Garbage overflow,Garbage,Low
Water shortage,Water,Low
Drain blockage,Drainage,Low
Streetlight failure,Streetlight,Low
Air pollution,Pollution,Low
Road pothole,Road/Pothole,Low
Garbage overflow,Garbage,Low
Water shortage,Water,Low
Drain blockage,Drainage,Low
Streetlight failure,Streetlight,Low
Air pollution,Pollution,Low
Road pothole,Road/Pothole,Low
Garbage overflow,Garbage,Low
Water shortage,Water,Low
Drain blockage,Drainage,Low
Streetlight failure,Streetlight,Low
Air pollution,Pollution,Low
Road pothole,Road/Pothole,Low
Garbage overflow,Garbage,Low
Water shortage,Water,Low
Drain blockage,Drainage,Low
Streetlight failure,Streetlight,Low
Air pollution,Pollution,Low
Road pothole,Road/Pothole,Low
Garbage overflow,Garbage,Low
Water shortage,Water,Low
Drain blockage,Drainage,Low
Streetlight failure,Streetlight,Low
Air pollution,Pollution,Low
Road pothole,Road/Pothole,Low
Garbage overflow,Garbage,Low
Water shortage,Water,Low
Drain blockage,Drainage,Low
Streetlight failure,Streetlight,Low
Air pollution,Pollution,Low
Road pothole,Road/Pothole,Low
Garbage overflow,Garbage,Low
Water shortage,Water,Low
Drain blockage,Drainage,Low
Streetlight failure,Streetlight,Low
Air pollution,Pollution,Low
Road pothole,Road/Pothole,Low
Garbage overflow,Garbage,Low
Water shortage,Water,Low
Drain blockage,Drainage,Low
Streetlight failure,Streetlight,Low
Air pollution,Pollution,Low
Road pothole,Road/Pothole,Low
Garbage overflow,Garbage,Low
Water shortage,Water,Low
Drain blockage,Drainage,Low
Streetlight failure,Streetlight,Low
Air pollution,Pollution,Low
Road pothole,Road/Pothole,Low
Garbage overflow,Garbage,Low
Water shortage,Water,Low
Drain blockage,Drainage,Low
Streetlight failure,Streetlight,Low
Air pollution,Pollution,Low
Road pothole,Road/Pothole,Low
Garbage overflow,Garbage,Low
Water shortage,Water,Low
Drain blockage,Drainage,Low
Streetlight failure,Streetlight,Low
Air pollution,Pollution,Low
Road pothole,Road/Pothole,Low
Garbage overflow,Garbage,Low
Water shortage,Water,Low
Drain blockage,Drainage,Low
Streetlight failure,Streetlight,Low
Air pollution,Pollution,Low
Road pothole,Road/Pothole,Low
Garbage overflow,Garbage,Low
Water shortage,Water,Low
Drain blockage,Drainage,Low
Streetlight failure,Streetlight,Low
Air pollution,Pollution,Low
Road pothole,Road/Pothole,Low
Garbage overflow,Garbage,Low
Water shortage,Water,Low
Drain blockage,Drainage,Low
Streetlight failure,Streetlight,Low
Air pollution,Pollution,Low
Road pothole,Road/Pothole,Low
Garbage overflow,Garbage,Low
Water shortage,Water,Low
Drain blockage,Drainage,Low
Streetlight failure,Streetlight,Low
Air pollution,Pollution,Low
Road pothole,Road/Pothole,Low
Garbage overflow,Garbage,Low
Water shortage,Water,Low
Drain blockage,Drainage,Low
Streetlight failure,Streetlight,Low
Air pollution,Pollution,Low
Road pothole,Road/Pothole,Low
Garbage overflow,Garbage,Low
Water shortage,Water,Low
Drain blockage,Drainage,Low
Streetlight failure,Streetlight,Low
Air pollution,Pollution,Low
Road pothole,Road/Pothole,Low
Garbage overflow,Garbage,Low
Water shortage,Water,Low
Drain blockage,Drainage,Low
Streetlight failure,Streetlight,Low
Air pollution,Pollution,Low
Road pothole,Road/Pothole,Low
Garbage overflow,Garbage,Low
Water shortage,Water,Low
Drain blockage,Drainage,Low
Streetlight failure,Streetlight,Low
Air pollution,Pollution,Low
Road pothole,Road/Pothole,Low
Garbage overflow,Garbage,Low
Water shortage,Water,Low
Drain blockage,Drainage,Low
Streetlight failure,Streetlight,Low
Air pollution,Pollution,Low
Road pothole,Road/Pothole,Low
Garbage overflow,Garbage,Low
Water shortage,Water,Low
Drain blockage,Drainage,Low
Streetlight failure,Streetlight,Low
Air pollution,Pollution,Low
Road pothole,Road/Pothole,Low
Garbage overflow,Garbage,Low
Water shortage,Water,Low
Drain blockage,Drainage,Low
Streetlight failure,Streetlight,Low
Air pollution,Pollution,Low
Road pothole,Road/Pothole,Low
Garbage overflow,Garbage,Low
Water shortage,Water,Low
Drain blockage,Drainage,Low
Streetlight failure,Streetlight,Low
Air pollution,Pollution,Low
Road pothole,Road/Pothole,Low
Garbage overflow,Garbage,Low
Water shortage,Water,Low
Drain blockage,Drainage,Low
Streetlight failure,Streetlight,Low
Air pollution,Pollution,Low
Road pothole,Road/Pothole,Low
Garbage overflow,Garbage,Low
Water shortage,Water,Low
Drain blockage,Drainage,Low
Streetlight failure,Streetlight,Low
Air pollution,Pollution,Low
Road pothole,Road/Pothole,Low
Garbage overflow,Garbage,Low
Water shortage,Water,Low
Drain blockage,Drainage,Low
Streetlight failure,Streetlight,Low
Air pollution,Pollution,Low
Road pothole,Road/Pothole,Low
Garbage overflow,Garbage,Low
Water shortage,Water,Low
Drain blockage,Drainage,Low
Streetlight failure,Streetlight,Low
Air pollution,Pollution,Low
Road pothole,Road/Pothole,Low
Garbage overflow,Garbage,Low
Water shortage,Water,Low
Drain blockage,Drainage,Low
Streetlight failure,Streetlight,Low
Air pollution,Pollution,Low
Road pothole,Road/Pothole,Low
Garbage overflow,Garbage,Low
Water shortage,Water,Low
Drain blockage,Drainage,Low
Streetlight failure,Streetlight,Low
Air pollution,Pollution,Low
Road pothole,Road/Pothole,Low
Garbage overflow,Garbage,Low
Water shortage,Water,Low
Drain blockage,Drainage,Low
Streetlight failure,Streetlight,Low
Air pollution,Pollution,Low
Road pothole,Road/Pothole,Low
Garbage overflow,Garbage,Low
Water shortage,Water,Low
Drain blockage,Drainage,Low
Streetlight failure,Streetlight,Low
Air pollution,Pollution,Low
Road pothole,Road/Pothole,Low
Garbage overflow,Garbage,Low
Water shortage,Water,Low
Drain blockage,Drainage,Low
Streetlight failure,Streetlight,Low
Air pollution,Pollution,Low
Road pothole,Road/Pothole,Low
Garbage overflow,Garbage,Low
Water shortage,Water,Low
Drain blockage,Drainage,Low
Streetlight failure,Streetlight,Low
Air pollution,Pollution,Low
Road pothole,Road/Pothole,Low
Garbage overflow,Garbage,Low
Water shortage,Water,Low
Drain blockage,Drainage,Low
Streetlight failure,Streetlight,Low
Air pollution,Pollution,Low
Road pothole,Road/Pothole,Low
Garbage overflow,Garbage,Low
Water shortage,Water,Low
Drain blockage,Drainage,Low
Streetlight failure,Streetlight,Low
Air pollution,Pollution,Low
Road pothole,Road/Pothole,Low
Garbage overflow,Garbage,Low
Water shortage,Water,Low
Drain blockage,Drainage,Low
Streetlight failure,Streetlight,Low
Air pollution,Pollution,Low
Road pothole,Road/Pothole,Low
Garbage overflow,Garbage,Low
Water shortage,Water,Low
Drain blockage,Drainage,Low
Streetlight failure,Streetlight,Low
Air pollution,Pollution,Low
Road pothole,Road/Pothole,Low
Garbage overflow,Garbage,Low
Water shortage,Water,Low
Drain blockage,Drainage,Low
Streetlight failure,Streetlight,Low
Air pollution,Pollution,Low
Road pothole,Road/Pothole,Low
Garbage overflow,Garbage,Low
Water shortage,Water,Low
Drain blockage,Drainage,Low
Streetlight failure,Streetlight,Low
Air pollution,Pollution,Low
Road pothole,Road/Pothole,Low
Garbage overflow,Garbage,Low
Water shortage,Water,Low
Drain blockage,Drainage,Low
Streetlight failure,Streetlight,Low
Air pollution,Pollution,Low
Road pothole,Road/Pothole,Low
Garbage overflow,Garbage,Low
Water shortage,Water,Low
Drain blockage,Drainage,Low
Streetlight failure,Streetlight,Low
Air pollution,Pollution,Low
Road pothole,Road/Pothole,Low
Garbage overflow,Garbage,Low
Water shortage,Water,Low
Drain blockage,Drainage,Low
Streetlight failure,Streetlight,Low
Air pollution,Pollution,Low
Road pothole,Road/Pothole,Low
Garbage overflow,Garbage,Low
Water shortage,Water,Low
Drain blockage,Drainage,Low
Streetlight failure,Streetlight,Low
Air pollution,Pollution,Low
Road pothole,Road/Pothole,Low
Garbage overflow,Garbage,Low
Water shortage,Water,Low
Drain blockage,Drainage,Low
Streetlight failure,Streetlight,Low
Air pollution,Pollution,Low
Road pothole,Road/Pothole,Low
Garbage overflow,Garbage,Low
Water shortage,Water,Low
Drain blockage,Drainage,Low
Streetlight failure,Streetlight,Low
Air pollution,Pollution,Low
Road pothole,Road/Pothole,Low
Garbage overflow,Garbage,Low
Water shortage,Water,Low
Drain blockage,Drainage,Low
Streetlight failure,Streetlight,Low
Air pollution,Pollution,Low
Road pothole,Road/Pothole,Low
Garbage overflow,Garbage,Low
Water shortage,Water,Low
Drain blockage,Drainage,Low
Streetlight failure,Streetlight,Low
Air pollution,Pollution,Low
Road pothole,Road/Pothole,Low
Garbage overflow,Garbage,Low
Water shortage,Water,Low
Drain blockage,Drainage,Low
Streetlight failure,Streetlight,Low
Air pollution,Pollution,Low
Road pothole,Road/Pothole,Low
Garbage overflow,Garbage,Low
Water shortage,Water,Low
Drain blockage,Drainage,Low
Streetlight failure,Streetlight,Low
Air pollution,Pollution,Low
Road pothole,Road/Pothole,Low
Garbage overflow,Garbage,Low
Water shortage,Water,Low
Drain blockage,Drainage,Low
Streetlight failure,Streetlight,Low
Air pollution,Pollution,Low
Road pothole,Road/Pothole,Low
Garbage overflow,Garbage,Low
Water shortage,Water,Low
Drain blockage,Drainage,Low
Streetlight failure,Streetlight,Low
Air pollution,Pollution,Low
Road pothole,Road/Pothole,Low
Garbage overflow,Garbage,Low
Water shortage,Water,Low
Drain blockage,Drainage,Low
Streetlight failure,Streetlight,Low
Air pollution,Pollution,Low
Road pothole,Road/Pothole,Low
Garbage overflow,Garbage,Low
Water shortage,Water,Low
Drain blockage,Drainage,Low
Streetlight failure,Streetlight,Low
Air pollution,Pollution,Low
Road pothole,Road/Pothole,Low
Garbage overflow,Garbage,Low
Water shortage,Water,Low
Drain blockage,Drainage,Low
Streetlight failure,Streetlight,Low
Air pollution,Pollution,Low
Road pothole,Road/Pothole,Low
Garbage overflow,Garbage,Low
Water shortage,Water,Low
Drain blockage,Drainage,Low
Streetlight failure,Streetlight,Low
Air pollution,Pollution,Low
Road pothole,Road/Pothole,Low
Garbage overflow,Garbage,Low
Water shortage,Water,Low
Drain blockage,Drainage,Low
Streetlight failure,Streetlight,Low
Air pollution,Pollution,Low
Road pothole,Road/Pothole,Low
Garbage overflow,Garbage,Low
Water shortage,Water,Low
Drain blockage,Drainage,Low
Streetlight failure,Streetlight,Low
Air pollution,Pollution,Low
Road pothole,Road/Pothole,Low
Garbage overflow,Garbage,Low
Water shortage,Water,Low
Drain blockage,Drainage,Low
Streetlight failure,Streetlight,Low
Air pollution,Pollution,Low
Road pothole,Road/Pothole,Low
Garbage overflow,Garbage,Low
Water shortage,Water,Low
Drain blockage,Drainage,Low
Streetlight failure,Streetlight,Low
Air pollution,Pollution,Low
Road pothole,Road/Pothole,Low
Garbage overflow,Garbage,Low
Water shortage,Water,Low
Drain blockage,Drainage,Low
Streetlight failure,Streetlight,Low
Air pollution,Pollution,Low
Road pothole,Road/Pothole,Low
Garbage overflow,Garbage,Low
Water shortage,Water,Low
Drain blockage,Drainage,Low
Streetlight failure,Streetlight,Low
Air pollution,Pollution,Low
Road pothole,Road/Pothole,Low
Garbage overflow,Garbage,Low
Water shortage,Water,Low
Drain blockage,Drainage,Low
Streetlight failure,Streetlight,Low
Air pollution,Pollution,Low
Road pothole,Road/Pothole,Low
Garbage overflow,Garbage,Low
Water shortage,Water,Low
Drain blockage,Drainage,Low
Streetlight failure,Streetlight,Low
Air pollution,Pollution,Low
Road pothole,Road/Pothole,Low
Garbage overflow,Garbage,Low
Water shortage,Water,Low
Drain blockage,Drainage,Low
Streetlight failure,Streetlight,Low
Air pollution,Pollution,Low
Road pothole,Road/Pothole,Low
Garbage overflow,Garbage,Low
Water shortage,Water,Low
Drain blockage,Drainage,Low
Streetlight failure,Streetlight,Low
Air pollution,Pollution,Low
Road pothole,Road/Pothole,Low
Garbage overflow,Garbage,Low
Water shortage,Water,Low
Drain blockage,Drainage,Low
Streetlight failure,Streetlight,Low
Air pollution,Pollution,Low
Road pothole,Road/Pothole,Low
Garbage overflow,Garbage,Low
Water shortage,Water,Low
Drain blockage,Drainage,Low
Streetlight failure,Streetlight,Low
Air pollution,Pollution,Low
Road pothole,Road/Pothole,Low
Garbage overflow,Garbage,Low
Water shortage,Water,Low
Drain blockage,Drainage,Low
Streetlight failure,Streetlight,Low
Air pollution,Pollution,Low
Road pothole,Road/Pothole,Low
Garbage overflow,Garbage,Low
Water shortage,Water,Low
Drain blockage,Drainage,Low
Streetlight failure,Streetlight,Low
Air pollution,Pollution,Low
Road pothole,Road/Pothole,Low
Garbage overflow,Garbage,Low
Water shortage,Water,Low
Drain blockage,Drainage,Low
Streetlight failure,Streetlight,Low
Air pollution,Pollution,Low
Road pothole,Road/Pothole,Low
Garbage overflow,Garbage,Low
Water shortage,Water,Low
Drain blockage,Drainage,Low
Streetlight failure,Streetlight,Low
Air pollution,Pollution,Low
Road pothole,Road/Pothole,Low
Garbage overflow,Garbage,Low
Water shortage,Water,Low
Drain blockage,Drainage,Low
Streetlight failure,Streetlight,Low
Air pollution,Pollution,Low
Road pothole,Road/Pothole,Low
Garbage overflow,Garbage,Low
Water shortage,Water,Low
Drain blockage,Drainage,Low
Streetlight failure,Streetlight,Low
Air pollution,Pollution,Low
Road pothole,Road/Pothole,Low
Garbage overflow,Garbage,Low
Water shortage,Water,Low
Drain blockage,Drainage,Low
Streetlight failure,Streetlight,Low
Air pollution,Pollution,Low
Road pothole,Road/Pothole,Low
Garbage overflow,Garbage,Low
Water shortage,Water,Low
Drain blockage,Drainage,Low
Streetlight failure,Streetlight,Low
Air pollution,Pollution,Low
Road pothole,Road/Pothole,Low
Garbage overflow,Garbage,Low
Water shortage,Water,Low
Drain blockage,Drainage,Low
Streetlight failure,Streetlight,Low
Air pollution,Pollution,Low
Road pothole,Road/Pothole,Low
Garbage overflow,Garbage,Low
Water shortage,Water,Low
Drain blockage,Drainage,Low
Streetlight failure,Streetlight,Low
Air pollution,Pollution,Low
Road pothole,Road/Pothole,Low
Garbage overflow,Garbage,Low
Water shortage,Water,Low
Drain blockage,Drainage,Low
Streetlight failure,Streetlight,Low
Air pollution,Pollution,Low
Road pothole,Road/Pothole,Low
Garbage overflow,Garbage,Low
Water shortage,Water,Low
Drain blockage,Drainage,Low
Streetlight failure,Streetlight,Low
Air pollution,Pollution,Low
Road pothole,Road/Pothole,Low
Garbage overflow,Garbage,Low
Water shortage,Water,Low
Drain blockage,Drainage,Low
Streetlight failure,Streetlight,Low
Air pollution,Pollution,Low
Road pothole,Road/Pothole,Low
Garbage overflow,Garbage,Low
Water shortage,Water,Low
Drain blockage,Drainage,Low
Streetlight failure,Streetlight,Low
Air pollution,Pollution,Low
Road pothole,Road/Pothole,Low
Garbage overflow,Garbage,Low
Water shortage,Water,Low
Drain blockage,Drainage,Low
Streetlight failure,Streetlight,Low
Air pollution,Pollution,Low
Road pothole,Road/Pothole,Low
Garbage overflow,Garbage,Low
Water shortage,Water,Low
Drain blockage,Drainage,Low
Streetlight failure,Streetlight,Low
Air pollution,Pollution,Low
Road pothole,Road/Pothole,Low
Garbage overflow,Garbage,Low
Water shortage,Water,Low
Drain blockage,Drainage,Low
Streetlight failure,Streetlight,Low
Air pollution,Pollution,Low
Road pothole,Road/Pothole,Low
Garbage overflow,Garbage,Low
Water shortage,Water,Low
Drain blockage,Drainage,Low
Streetlight failure,Streetlight,Low
Air pollution,Pollution,Low
Road pothole,Road/Pothole,Low
Garbage overflow,Garbage,Low
Water shortage,Water,Low
Drain blockage,Drainage,Low
Streetlight failure,Streetlight,Low
Air pollution,Pollution,Low
Road pothole,Road/Pothole,Low
Garbage overflow,Garbage,Low
Water shortage,Water,Low
Drain blockage,Drainage,Low
Streetlight failure,Streetlight,Low
Air pollution,Pollution,Low
Road pothole,Road/Pothole,Low
Garbage overflow,Garbage,Low
Water shortage,Water,Low
Drain blockage,Drainage,Low
Streetlight failure,Streetlight,Low
Air pollution,Pollution,Low
Road pothole,Road/Pothole,Low
Garbage overflow,Garbage,Low
Water shortage,Water,Low
Drain blockage,Drainage,Low
Streetlight failure,Streetlight,Low
Air pollution,Pollution,Low
Road pothole,Road/Pothole,Low
Garbage overflow,Garbage,Low
Water shortage,Water,Low
Drain blockage,Drainage,Low
Streetlight failure,Streetlight,Low
Air pollution,Pollution,Low
Road pothole,Road/Pothole,Low
Garbage overflow,Garbage,Low
Water shortage,Water,Low
Drain blockage,Drainage,Low
Streetlight failure,Streetlight,Low
Air pollution,Pollution,Low
Road pothole,Road/Pothole,Low
Garbage overflow,Garbage,Low
Water shortage,Water,Low
Drain blockage,Drainage,Low
Streetlight failure,Streetlight,Low
Air pollution,Pollution,Low
Road pothole,Road/Pothole,Low
Garbage overflow,Garbage,Low
Water shortage,Water,Low
Drain blockage,Drainage,Low
Streetlight failure,Streetlight,Low
Air pollution,Pollution,Low
Road pothole,Road/Pothole,Low
Garbage overflow,Garbage,Low
Water shortage,Water,Low
Drain blockage,Drainage,Low
Streetlight failure,Streetlight,Low
Air pollution,Pollution,Low
Road pothole,Road/Pothole,Low
Garbage overflow,Garbage,Low
Water shortage,Water,Low
Drain blockage,Drainage,Low
Streetlight failure,Streetlight,Low
Air pollution,Pollution,Low
Road pothole,Road/Pothole,Low
Garbage overflow,Garbage,Low
Water shortage,Water,Low
Drain blockage,Drainage,Low
Streetlight failure,Streetlight,Low
Air pollution,Pollution,Low
Road pothole,Road/Pothole,Low
Garbage overflow,Garbage,Low
Water shortage,Water,Low
Drain blockage,Drainage,Low
Streetlight failure,Streetlight,Low
Air pollution,Pollution,Low
Road pothole,Road/Pothole,Low
Garbage overflow,Garbage,Low
Water shortage,Water,Low
Drain blockage,Drainage,Low
Streetlight failure,Streetlight,Low
Air pollution,Pollution,Low
Road pothole,Road/Pothole,Low
Garbage overflow,Garbage,Low
Water shortage,Water,Low
Drain blockage,Drainage,Low
Streetlight failure,Streetlight,Low
Air pollution,Pollution,Low
Road pothole,Road/Pothole,Low
Garbage overflow,Garbage,Low
Water shortage,Water,Low
Drain blockage,Drainage,Low
Streetlight failure,Streetlight,Low
Air pollution,Pollution,Low
Road pothole,Road/Pothole,Low
Garbage overflow,Garbage,Low
Water shortage,Water,Low
Drain blockage,Drainage,Low
Streetlight failure,Streetlight,Low
Air pollution,Pollution,Low
Road pothole,Road/Pothole,Low
Garbage overflow,Garbage,Low
Water shortage,Water,Low
Drain blockage,Drainage,Low
Streetlight failure,Streetlight,Low
Air pollution,Pollution,Low
Road pothole,Road/Pothole,Low
Garbage overflow,Garbage,Low
Water shortage,Water,Low
Drain blockage,Drainage,Low
Streetlight failure,Streetlight,Low
Air pollution,Pollution,Low
Road pothole,Road/Pothole,Low
Garbage overflow,Garbage,Low
Water shortage,Water,Low
Drain blockage,Drainage,Low
Streetlight failure,Streetlight,Low
Air pollution,Pollution,Low
Road pothole,Road/Pothole,Low
Garbage overflow,Garbage,Low
Water shortage,Water,Low
Drain blockage,Drainage,Low
Streetlight failure,Streetlight,Low
Air pollution,Pollution,Low
Road pothole,Road/Pothole,Low
Garbage overflow,Garbage,Low
Water shortage,Water,Low
Drain blockage,Drainage,Low
Streetlight failure,Streetlight,Low
Air pollution,Pollution,Low
Road pothole,Road/Pothole,Low
Garbage overflow,Garbage,Low
Water shortage,Water,Low
Drain blockage,Drainage,Low
Streetlight failure,Streetlight,Low
Air pollution,Pollution,Low
Road pothole,Road/Pothole,Low
Garbage overflow,Garbage,Low
Water shortage,Water,Low
Drain blockage,Drainage,Low
Streetlight failure,Streetlight,Low
Air pollution,Pollution,Low
Road pothole,Road/Pothole,Low
Garbage overflow,Garbage,Low
Water shortage,Water,Low
Drain blockage,Drainage,Low
Streetlight failure,Streetlight,Low
Air pollution,Pollution,Low
Road pothole,Road/Pothole,Low
Garbage overflow,Garbage,Low
Water shortage,Water,Low
Drain blockage,Drainage,Low
Streetlight failure,Streetlight,Low
Air pollution,Pollution,Low
Road pothole,Road/Pothole,Low
Garbage overflow,Garbage,Low
Water shortage,Water,Low
Drain blockage,Drainage,Low
Streetlight failure,Streetlight,Low
Air pollution,Pollution,Low
Road pothole,Road/Pothole,Low
Garbage overflow,Garbage,Low
Water shortage,Water,Low
Drain blockage,Drainage,Low
Streetlight failure,Streetlight,Low
Air pollution,Pollution,Low
Road pothole,Road/Pothole,Low
Garbage overflow,Garbage,Low
Water shortage,Water,Low
Drain blockage,Drainage,Low
Streetlight failure,Streetlight,Low
Air pollution,Pollution,Low
Road pothole,Road/Pothole,Low
Garbage overflow,Garbage,Low
Water shortage,Water,Low
Drain blockage,Drainage,Low
Streetlight failure,Streetlight,Low
Air pollution,Pollution,Low
Road pothole,Road/Pothole,Low
Garbage overflow,Garbage,Low
Water shortage,Water,Low
Drain blockage,Drainage,Low
Streetlight failure,Streetlight,Low
Air pollution,Pollution,Low
Road pothole,Road/Pothole,Low
Garbage overflow,Garbage,Low
Water shortage,Water,Low
Drain blockage,Drainage,Low
Streetlight failure,Streetlight,Low
Air pollution,Pollution,Low
Road pothole,Road/Pothole,Low
Garbage overflow,Garbage,Low
Water shortage,Water,Low
Drain blockage,Drainage,Low
Streetlight failure,Streetlight,Low
Air pollution,Pollution,Low
Road pothole,Road/Pothole,Low
Garbage overflow,Garbage,Low
Water shortage,Water,Low
Drain blockage,Drainage,Low
Streetlight failure,Streetlight,Low
Air pollution,Pollution,Low
Road pothole,Road/Pothole,Low
Garbage overflow,Garbage,Low
Water shortage,Water,Low
Drain blockage,Drainage,Low
Streetlight failure,Streetlight,Low
Air pollution,Pollution,Low
Road pothole,Road/Pothole,Low
Garbage overflow,Garbage,Low
Water shortage,Water,Low
Drain blockage,Drainage,Low
Streetlight failure,Streetlight,Low
Air pollution,Pollution,Low
Road pothole,Road/Pothole,Low
Garbage overflow,Garbage,Low
Water shortage,Water,Low
Drain blockage,Drainage,Low
Streetlight failure,Streetlight,Low
Air pollution,Pollution,Low
Road pothole,Road/Pothole,Low
Garbage overflow,Garbage,Low
Water shortage,Water,Low
Drain blockage,Drainage,Low
Streetlight failure,Streetlight,Low
Air pollution,Pollution,Low
Road pothole,Road/Pothole,Low
Garbage overflow,Garbage,Low
Water shortage,Water,Low
Drain blockage,Drainage,Low
Streetlight failure,Streetlight,Low
Air pollution,Pollution,Low
Road pothole,Road/Pothole,Low
Garbage overflow,Garbage,Low
Water shortage,Water,Low
Drain blockage,Drainage,Low
Streetlight failure,Streetlight,Low
Air pollution,Pollution,Low
Road pothole,Road/Pothole,Low
Garbage overflow,Garbage,Low
Water shortage,Water,Low
Drain blockage,Drainage,Low
Streetlight failure,Streetlight,Low
Air pollution,Pollution,Low
Road pothole,Road/Pothole,Low
Garbage overflow,Garbage,Low
Water shortage,Water,Low
Drain blockage,Drainage,Low
Streetlight failure,Streetlight,Low
Air pollution,Pollution,Low
Road pothole,Road/Pothole,Low
Garbage overflow,Garbage,Low
Water shortage,Water,Low
Drain blockage,Drainage,Low
Streetlight failure,Streetlight,Low
Air pollution,Pollution,Low
Road pothole,Road/Pothole,Low
Garbage overflow,Garbage,Low
Water shortage,Water,Low
Drain blockage,Drainage,Low
Streetlight failure,Streetlight,Low
Air pollution,Pollution,Low
Road pothole,Road/Pothole,Low
Garbage overflow,Garbage,Low
Water shortage,Water,Low
Drain blockage,Drainage,Low
Streetlight failure,Streetlight,Low
Air pollution,Pollution,Low
Road pothole,Road/Pothole,Low
Garbage overflow,Garbage,Low
Water shortage,Water,Low
Drain blockage,Drainage,Low
Streetlight failure,Streetlight,Low
Air pollution,Pollution,Low
Road pothole,Road/Pothole,Low
Garbage overflow,Garbage,Low
Water shortage,Water,Low
Drain blockage,Drainage,Low
Streetlight failure,Streetlight,Low
Air pollution,Pollution,Low
Road pothole,Road/Pothole,Low
Garbage overflow,Garbage,Low
Water shortage,Water,Low
Drain blockage,Drainage,Low
Streetlight failure,Streetlight,Low
Air pollution,Pollution,Low
Road pothole,Road/Pothole,Low
Garbage overflow,Garbage,Low
Water shortage,Water,Low
Drain blockage,Drainage,Low
Streetlight failure,Streetlight,Low
Air pollution,Pollution,Low
Road pothole,Road/Pothole,Low
Garbage overflow,Garbage,Low
Water shortage,Water,Low
Drain blockage,Drainage,Low
Streetlight failure,Streetlight,Low
Air pollution,Pollution,Low
Road pothole,Road/Pothole,Low
Garbage overflow,Garbage,Low
Water shortage,Water,Low
Drain blockage,Drainage,Low
Streetlight failure,Streetlight,Low
Air pollution,Pollution,Low
Road pothole,Road/Pothole,Low
Garbage overflow,Garbage,Low
Water shortage,Water,Low
Drain blockage,Drainage,Low
Streetlight failure,Streetlight,Low
Air pollution,Pollution,Low
Road pothole,Road/Pothole,Low
Garbage overflow,Garbage,Low
Water shortage,Water,Low
Drain blockage,Drainage,Low
Streetlight failure,Streetlight,Low
Air pollution,Pollution,Low
Road pothole,Road/Pothole,Low
Garbage overflow,Garbage,Low
Water shortage,Water,Low
Drain blockage,Drainage,Low
Streetlight failure,Streetlight,Low
Air pollution,Pollution,Low
Road pothole,Road/Pothole,Low
Garbage overflow,Garbage,Low
Water shortage,Water,Low
Drain blockage,Drainage,Low
Streetlight failure,Streetlight,Low
Air pollution,Pollution,Low
Road pothole,Road/Pothole,Low
Garbage overflow,Garbage,Low
Water shortage,Water,Low
Drain blockage,Drainage,Low
Streetlight failure,Streetlight,Low
Air pollution,Pollution,Low
Road pothole,Road/Pothole,Low
Garbage overflow,Garbage,Low
Water shortage,Water,Low
Drain blockage,Drainage,Low
Streetlight failure,Streetlight,Low
Air pollution,Pollution,Low
Road pothole,Road/Pothole,Low
Garbage overflow,Garbage,Low
Water shortage,Water,Low
Drain blockage,Drainage,Low
Streetlight failure,Streetlight,Low
Air pollution,Pollution,Low
Road pothole,Road/Pothole,Low
Garbage overflow,Garbage,Low
Water shortage,Water,Low
Drain blockage,Drainage,Low
Streetlight failure,Streetlight,Low
Air pollution,Pollution,Low
Road pothole,Road/Pothole,Low
Garbage overflow,Garbage,Low
Water shortage,Water,Low
Drain blockage,Drainage,Low
Streetlight failure,Streetlight,Low
Air pollution,Pollution,Low
Road pothole,Road/Pothole,Low
Garbage overflow,Garbage,Low
Water shortage,Water,Low
Drain blockage,Drainage,Low
Streetlight failure,Streetlight,Low
Air pollution,Pollution,Low
Road pothole,Road/Pothole,Low
Garbage overflow,Garbage,Low
Water shortage,Water,Low
Drain blockage,Drainage,Low
Streetlight failure,Streetlight,Low
Air pollution,Pollution,Low
Road pothole,Road/Pothole,Low
Garbage overflow,Garbage,Low
Water shortage,Water,Low
Drain blockage,Drainage,Low
Streetlight failure,Streetlight,Low
Air pollution,Pollution,Low
Road pothole,Road/Pothole,Low
Garbage overflow,Garbage,Low
Water shortage,Water,Low
Drain blockage,Drainage,Low
Streetlight failure,Streetlight,Low
Air pollution,Pollution,Low
Road pothole,Road/Pothole,Low
Garbage overflow,Garbage,Low
Water shortage,Water,Low
Drain blockage,Drainage,Low
Streetlight failure,Streetlight,Low
Air pollution,Pollution,Low
Road pothole,Road/Pothole,Low
Garbage overflow,Garbage,Low
Water shortage,Water,Low
Drain blockage,Drainage,Low
Streetlight failure,Streetlight,Low
Air pollution,Pollution,Low
Road pothole,Road/Pothole,Low
Garbage overflow,Garbage,Low
Water shortage,Water,Low
Drain blockage,Drainage,Low
Streetlight failure,Streetlight,Low
Air pollution,Pollution,Low
Road pothole,Road/Pothole,Low
Garbage overflow,Garbage,Low
Water shortage,Water,Low
Drain blockage,Drainage,Low
Streetlight failure,Streetlight,Low
Air pollution,Pollution,Low
Road pothole,Road/Pothole,Low
Garbage overflow,Garbage,Low
Water shortage,Water,Low
Drain blockage,Drainage,Low
Streetlight failure,Streetlight,Low
Air pollution,Pollution,Low
Road pothole,Road/Pothole,Low
Garbage overflow,Garbage,Low
Water shortage,Water,Low
Drain blockage,Drainage,Low
Streetlight failure,Streetlight,Low
Air pollution,Pollution,Low
Road pothole,Road/Pothole,Low
Garbage overflow,Garbage,Low
Water shortage,Water,Low
Drain blockage,Drainage,Low
Streetlight failure,Streetlight,Low
Air pollution,Pollution,Low
Road pothole,Road/Pothole,Low
Garbage overflow,Garbage,Low
Water shortage,Water,Low
Drain blockage,Drainage,Low
Streetlight failure,Streetlight,Low
Air pollution,Pollution,Low
Road pothole,Road/Pothole,Low
Garbage overflow,Garbage,Low
Water shortage,Water,Low
Drain blockage,Drainage,Low
Streetlight failure,Streetlight,Low
Air pollution,Pollution,Low
Road pothole,Road/Pothole,Low
Garbage overflow,Garbage,Low
Water shortage,Water,Low
Drain blockage,Drainage,Low
Streetlight failure,Streetlight,Low
Air pollution,Pollution,Low
Road pothole,Road/Pothole,Low
Garbage overflow,Garbage,Low
Water shortage,Water,Low
Drain blockage,Drainage,Low
Streetlight failure,Streetlight,Low
Air pollution,Pollution,Low
Road pothole,Road/Pothole,Low
Garbage overflow,Garbage,Low
Water shortage,Water,Low
Drain blockage,Drainage,Low
Streetlight failure,Streetlight,Low
Air pollution,Pollution,Low
Road pothole,Road/Pothole,Low
Garbage overflow,Garbage,Low
Water shortage,Water,Low
Drain blockage,Drainage,Low
Streetlight failure,Streetlight,Low
Air pollution,Pollution,Low
Road pothole,Road/Pothole,Low
Garbage overflow,Garbage,Low
Water shortage,Water,Low
Drain blockage,Drainage,Low
Streetlight failure,Streetlight,Low
Air pollution,Pollution,Low
Road pothole,Road/Pothole,Low
Garbage overflow,Garbage,Low
Water shortage,Water,Low
Drain blockage,Drainage,Low
Streetlight failure,Streetlight,Low
Air pollution,Pollution,Low
Road pothole,Road/Pothole,Low
Garbage overflow,Garbage,Low
Water shortage,Water,Low
Drain blockage,Drainage,Low
Streetlight failure,Streetlight,Low
Air pollution,Pollution,Low
Road pothole,Road/Pothole,Low
Garbage overflow,Garbage,Low
Water shortage,Water,Low
Drain blockage,Drainage,Low
Streetlight failure,Streetlight,Low
Air pollution,Pollution,Low
Road pothole,Road/Pothole,Low
Garbage overflow,Garbage,Low
Water shortage,Water,Low
Drain blockage,Drainage,Low
Streetlight failure,Streetlight,Low
Air pollution,Pollution,Low
Road pothole,Road/Pothole,Low
Garbage overflow,Garbage,Low
Water shortage,Water,Low
Drain blockage,Drainage,Low
Streetlight failure,Streetlight,Low
Air pollution,Pollution,Low
Road pothole,Road/Pothole,Low
Garbage overflow,Garbage,Low
Water shortage,Water,Low
Drain blockage,Drainage,Low
Streetlight failure,Streetlight,Low
Air pollution,Pollution,Low
Road pothole,Road/Pothole,Low
Garbage overflow,Garbage,Low
Water shortage,Water,Low
Drain blockage,Drainage,Low
Streetlight failure,Streetlight,Low
Air pollution,Pollution,Low
Road pothole,Road/Pothole,Low
Garbage overflow,Garbage,Low
Water shortage,Water,Low
Drain blockage,Drainage,Low
Streetlight failure,Streetlight,Low
Air pollution,Pollution,Low
Road pothole,Road/Pothole,Low
Garbage overflow,Garbage,Low
Water shortage,Water,Low
Drain blockage,Drainage,Low
Streetlight failure,Streetlight,Low
Air pollution,Pollution,Low
Road pothole,Road/Pothole,Low
Garbage overflow,Garbage,Low
Water shortage,Water,Low
Drain blockage,Drainage,Low
Streetlight failure,Streetlight,Low
Air pollution,Pollution,Low
Road pothole,Road/Pothole,Low
Garbage overflow,Garbage,Low
Water shortage,Water,Low
Drain blockage,Drainage,Low
Streetlight failure,Streetlight,Low
Air pollution,Pollution,Low
Road pothole,Road/Pothole,Low
Garbage overflow,Garbage,Low
Water shortage,Water,Low
Drain blockage,Drainage,Low
Streetlight failure,Streetlight,Low
Air pollution,Pollution,Low
Road pothole,Road/Pothole,Low
Garbage overflow,Garbage,Low
Water shortage,Water,Low
Drain blockage,Drainage,Low
Streetlight failure,Streetlight,Low
Air pollution,Pollution,Low
Road pothole,Road/Pothole,Low
Garbage overflow,Garbage,Low
Water shortage,Water,Low
Drain blockage,Drainage,Low
Streetlight failure,Streetlight,Low
Air pollution,Pollution,Low
Road pothole,Road/Pothole,Low
Garbage overflow,Garbage,Low
Water shortage,Water,Low
Drain blockage,Drainage,Low
Streetlight failure,Streetlight,Low
Air pollution,Pollution,Low
Road pothole,Road/Pothole,Low
Garbage overflow,Garbage,Low
Water shortage,Water,Low
Drain blockage,Drainage,Low
Streetlight failure,Streetlight,Low
Air pollution,Pollution,Low
Road pothole,Road/Pothole,Low
Garbage overflow,Garbage,Low
Water shortage,Water,Low
Drain blockage,Drainage,Low
Streetlight failure,Streetlight,Low
Air pollution,Pollution,Low
Road pothole,Road/Pothole,Low
Garbage overflow,Garbage,Low
Water shortage,Water,Low
Drain blockage,Drainage,Low
Streetlight failure,Streetlight,Low
Air pollution,Pollution,Low
Road pothole,Road/Pothole,Low
Garbage overflow,Garbage,Low
Water shortage,Water,Low
Drain blockage,Drainage,Low
Streetlight failure,Streetlight,Low
Air pollution,Pollution,Low
Road pothole,Road/Pothole,Low
Garbage overflow,Garbage,Low
Water shortage,Water,Low
Drain blockage,Drainage,Low
Streetlight failure,Streetlight,Low
Air pollution,Pollution,Low
Road pothole,Road/Pothole,Low
Garbage overflow,Garbage,Low
Water shortage,Water,Low
Drain blockage,Drainage,Low
Streetlight failure,Streetlight,Low
Air pollution,Pollution,Low
Road pothole,Road/Pothole,Low
Garbage overflow,Garbage,Low
Water shortage,Water,Low
Drain blockage,Drainage,Low
Streetlight failure,Streetlight,Low
Air pollution,Pollution,Low
Road pothole,Road/Pothole,Low
Garbage overflow,Garbage,Low
Water shortage,Water,Low
Drain blockage,Drainage,Low
Streetlight failure,Streetlight,Low
Air pollution,Pollution,Low
Road pothole,Road/Pothole,Low
Garbage overflow,Garbage,Low
Water shortage,Water,Low
Drain blockage,Drainage,Low
Streetlight failure,Streetlight,Low
Air pollution,Pollution,Low
Road pothole,Road/Pothole,Low
Garbage overflow,Garbage,Low
Water shortage,Water,Low
Drain blockage,Drainage,Low
Streetlight failure,Streetlight,Low
Air pollution,Pollution,Low
Road pothole,Road/Pothole,Low
Garbage overflow,Garbage,Low
Water shortage,Water,Low
Drain blockage,Drainage,Low
Streetlight failure,Streetlight,Low
Air pollution,Pollution,Low
Road pothole,Road/Pothole,Low
Garbage overflow,Garbage,Low
Water shortage,Water,Low
Drain blockage,Drainage,Low
Streetlight failure,Streetlight,Low
Air pollution,Pollution,Low
Road pothole,Road/Pothole,Low
Garbage overflow,Garbage,Low
Water shortage,Water,Low
Drain blockage,Drainage,Low
Streetlight failure,Streetlight,Low
Air pollution,Pollution,Low
Road pothole,Road/Pothole,Low
Garbage overflow,Garbage,Low
Water shortage,Water,Low
Drain blockage,Drainage,Low
Streetlight failure,Streetlight,Low
Air pollution,Pollution,Low
Road pothole,Road/Pothole,Low
Garbage overflow,Garbage,Low
Water shortage,Water,Low
Drain blockage,Drainage,Low
Streetlight failure,Streetlight,Low
Air pollution,Pollution,Low
Road pothole,Road/Pothole,Low
Garbage overflow,Garbage,Low
Water shortage,Water,Low
Drain blockage,Drainage,Low
Streetlight failure,Streetlight,Low
Air pollution,Pollution,Low
Road pothole,Road/Pothole,Low
Garbage overflow,Garbage,Low
Water shortage,Water,Low
Drain blockage,Drainage,Low
Streetlight failure,Streetlight,Low
Air pollution,Pollution,Low
Road pothole,Road/Pothole,Low
Garbage overflow,Garbage,Low
Water shortage,Water,Low
Drain blockage,Drainage,Low
Streetlight failure,Streetlight,Low
Air pollution,Pollution,Low
Road pothole,Road/Pothole,Low
Garbage overflow,Garbage,Low
Water shortage,Water,Low
Drain blockage,Drainage,Low
Streetlight failure,Streetlight,Low
Air pollution,Pollution,Low
Road pothole,Road/Pothole,Low
Garbage overflow,Garbage,Low
Water shortage,Water,Low
Drain blockage,Drainage,Low
Streetlight failure,Streetlight,Low
Air pollution,Pollution,Low
Road pothole,Road/Pothole,Low
Garbage overflow,Garbage,Low
Water shortage,Water,Low
Drain blockage,Drainage,Low
Streetlight failure,Streetlight,Low
Air pollution,Pollution,Low
Road pothole,Road/Pothole,Low
Garbage overflow,Garbage,Low
Water shortage,Water,Low
Drain blockage,Drainage,Low
Streetlight failure,Streetlight,Low
Air pollution,Pollution,Low
Road pothole,Road/Pothole,Low
Garbage overflow,Garbage,Low
Water shortage,Water,Low
Drain blockage,Drainage,Low
Streetlight failure,Streetlight,Low
Air pollution,Pollution,Low
Road pothole,Road/Pothole,Low
Garbage overflow,Garbage,Low
Water shortage,Water,Low
Drain blockage,Drainage,Low
Streetlight failure,Streetlight,Low
Air pollution,Pollution,Low
Road pothole,Road/Pothole,Low
Garbage overflow,Garbage,Low
Water shortage,Water,Low
Drain blockage,Drainage,Low
Streetlight failure,Streetlight,Low
Air pollution,Pollution,Low
Road pothole,Road/Pothole,Low
Garbage overflow,Garbage,Low
Water shortage,Water,Low
Drain blockage,Drainage,Low
Streetlight failure,Streetlight,Low
Air pollution,Pollution,Low
Road pothole,Road/Pothole,Low
Garbage overflow,Garbage,Low
Water shortage,Water,Low
Drain blockage,Drainage,Low
Streetlight failure,Streetlight,Low
Air pollution,Pollution,Low
Road pothole,Road/Pothole,Low
Garbage overflow,Garbage,Low
Water shortage,Water,Low
Drain blockage,Drainage,Low
Streetlight failure,Streetlight,Low
Air pollution,Pollution,Low
Road pothole,Road/Pothole,Low
Garbage overflow,Garbage,Low
Water shortage,Water,Low
Drain blockage,Drainage,Low
Streetlight failure,Streetlight,Low
Air pollution,Pollution,Low
Road pothole,Road/Pothole,Low
Garbage overflow,Garbage,Low
Water shortage,Water,Low
Drain blockage,Drainage,Low
Streetlight failure,Streetlight,Low
Air pollution,Pollution,Low
Road pothole,Road/Pothole,Low
Garbage overflow,Garbage,Low
Water shortage,Water,Low
Drain blockage,Drainage,Low
Streetlight failure,Streetlight,Low
Air pollution,Pollution,Low
Road pothole,Road/Pothole,Low
Garbage overflow,Garbage,Low
Water shortage,Water,Low
Drain blockage,Drainage,Low
Streetlight failure,Streetlight,Low
Air pollution,Pollution,Low
Road pothole,Road/Pothole,Low
Garbage overflow,Garbage,Low
Water shortage,Water,Low
Drain blockage,Drainage,Low
Streetlight failure,Streetlight,Low
Air pollution,Pollution,Low
Road pothole,Road/Pothole,Low
Garbage overflow,Garbage,Low
Water shortage,Water,Low
Drain blockage,Drainage,Low
Streetlight failure,Streetlight,Low
Air pollution,Pollution,Low
Road pothole,Road/Pothole,Low
Garbage overflow,Garbage,Low
Water shortage,Water,Low
Drain blockage,Drainage,Low
Streetlight failure,Streetlight,Low
Air pollution,Pollution,Low
Road pothole,Road/Pothole,Low
Garbage overflow,Garbage,Low
Water shortage,Water,Low
Drain blockage,Drainage,Low
Streetlight failure,Streetlight,Low
Air pollution,Pollution,Low
Road pothole,Road/Pothole,Low
Garbage overflow,Garbage,Low
Water shortage,Water,Low
Drain blockage,Drainage,Low
Streetlight failure,Streetlight,Low
Air pollution,Pollution,Low
Road pothole,Road/Pothole,Low
Garbage overflow,Garbage,Low
Water shortage,Water,Low
Drain blockage,Drainage,Low
Streetlight failure,Streetlight,Low
Air pollution,Pollution,Low
Road pothole,Road/Pothole,Low
Garbage overflow,Garbage,Low
Water shortage,Water,Low
Drain blockage,Drainage,Low
Streetlight failure,Streetlight,Low
Air pollution,Pollution,Low
Road pothole,Road/Pothole,Low
Garbage overflow,Garbage,Low
Water shortage,Water,Low
Drain blockage,Drainage,Low
Streetlight failure,Streetlight,Low
Air pollution,Pollution,Low
Road pothole,Road/Pothole,Low
Garbage overflow,Garbage,Low
Water shortage,Water,Low
Drain blockage,Drainage,Low
Streetlight failure,Streetlight,Low
Air pollution,Pollution,Low
Road pothole,Road/Pothole,Low
Garbage overflow,Garbage,Low
Water shortage,Water,Low
Drain blockage,Drainage,Low
Streetlight failure,Streetlight,Low
Air pollution,Pollution,Low
Road pothole,Road/Pothole,Low
Garbage overflow,Garbage,Low
Water shortage,Water,Low
Drain blockage,Drainage,Low
Streetlight failure,Streetlight,Low
Air pollution,Pollution,Low
Road pothole,Road/Pothole,Low
Garbage overflow,Garbage,Low
Water shortage,Water,Low
Drain blockage,Drainage,Low
Streetlight failure,Streetlight,Low
Air pollution,Pollution,Low
Road pothole,Road/Pothole,Low
Garbage overflow,Garbage,Low
Water shortage,Water,Low
Drain blockage,Drainage,Low
Streetlight failure,Streetlight,Low
Air pollution,Pollution,Low
Road pothole,Road/Pothole,Low
Garbage overflow,Garbage,Low
Water shortage,Water,Low
Drain blockage,Drainage,Low
Streetlight failure,Streetlight,Low
Air pollution,Pollution,Low
Road pothole,Road/Pothole,Low
Garbage overflow,Garbage,Low
Water shortage,Water,Low
Drain blockage,Drainage,Low
Streetlight failure,Streetlight,Low
Air pollution,Pollution,Low
Road pothole,Road/Pothole,Low
Garbage overflow,Garbage,Low
Water shortage,Water,Low
Drain blockage,Drainage,Low
Streetlight failure,Streetlight,Low
Air pollution,Pollution,Low
Road pothole,Road/Pothole,Low
Garbage overflow,Garbage,Low
Water shortage,Water,Low
Drain blockage,Drainage,Low
Streetlight failure,Streetlight,Low
Air pollution,Pollution,Low
Road pothole,Road/Pothole,Low
Garbage overflow,Garbage,Low
Water shortage,Water,Low
Drain blockage,Drainage,Low
Streetlight failure,Streetlight,Low
Air pollution,Pollution,Low
Road pothole,Road/Pothole,Low
Garbage overflow,Garbage,Low
Water shortage,Water,Low
Drain blockage,Drainage,Low
Streetlight failure,Streetlight,Low
Air pollution,Pollution,Low
Road pothole,Road/Pothole,Low
Garbage overflow,Garbage,Low
Water shortage,Water,Low
Drain blockage,Drainage,Low
Streetlight failure,Streetlight,Low
Air pollution,Pollution,Low
Road pothole,Road/Pothole,Low
Garbage overflow,Garbage,Low
Water shortage,Water,Low
Drain blockage,Drainage,Low
Streetlight failure,Streetlight,Low
Air pollution,Pollution,Low
Road pothole,Road/Pothole,Low
Garbage overflow,Garbage,Low
Water shortage,Water,Low
Drain blockage,Drainage,Low
Streetlight failure,Streetlight,Low
Air pollution,Pollution,Low
Road pothole,Road/Pothole,Low
Garbage overflow,Garbage,Low
Water shortage,Water,Low
Drain blockage,Drainage,Low
Streetlight failure,Streetlight,Low
Air pollution,Pollution,Low
Road pothole,Road/Pothole,Low
Garbage overflow,Garbage,Low
Water shortage,Water,Low
Drain blockage,Drainage,Low
Streetlight failure,Streetlight,Low
Air pollution,Pollution,Low
Road pothole,Road/Pothole,Low
Garbage overflow,Garbage,Low
Water shortage,Water,Low
Drain blockage,Drainage,Low
Streetlight failure,Streetlight,Low
Air pollution,Pollution,Low
Road pothole,Road/Pothole,Low
Garbage overflow,Garbage,Low
Water shortage,Water,Low
Drain blockage,Drainage,Low
Streetlight failure,Streetlight,Low
Air pollution,Pollution,Low
Road pothole,Road/Pothole,Low
Garbage overflow,Garbage,Low
Water shortage,Water,Low
Drain blockage,Drainage,Low
Streetlight failure,Streetlight,Low
Air pollution,Pollution,Low
Road pothole,Road/Pothole,Low
Garbage overflow,Garbage,Low
Water shortage,Water,Low
Drain blockage,Drainage,Low
Streetlight failure,Streetlight,Low
Air pollution,Pollution,Low
Road pothole,Road/Pothole,Low
Garbage overflow,Garbage,Low
Water shortage,Water,Low
Drain blockage,Drainage,Low
Streetlight failure,Streetlight,Low
Air pollution,Pollution,Low
Road pothole,Road/Pothole,Low
Garbage overflow,Garbage,Low
Water shortage,Water,Low
Drain blockage,Drainage,Low
Streetlight failure,Streetlight,Low
Air pollution,Pollution,Low
Road pothole,Road/Pothole,Low
Garbage overflow,Garbage,Low
Water shortage,Water,Low
Drain blockage,Drainage,Low
Streetlight failure,Streetlight,Low
Air pollution,Pollution,Low
Road pothole,Road/Pothole,Low
Garbage overflow,Garbage,Low
Water shortage,Water,Low
Drain blockage,Drainage,Low
Streetlight failure,Streetlight,Low
Air pollution,Pollution,Low
Road pothole,Road/Pothole,Low
Garbage overflow,Garbage,Low
Water shortage,Water,Low
Drain blockage,Drainage,Low
Streetlight failure,Streetlight,Low
Air pollution,Pollution,Low
Road pothole,Road/Pothole,Low
Garbage overflow,Garbage,Low
Water shortage,Water,Low
Drain blockage,Drainage,Low
Streetlight failure,Streetlight,Low
Air pollution,Pollution,Low
Road pothole,Road/Pothole,Low
Garbage overflow,Garbage,Low
Water shortage,Water,Low
Drain blockage,Drainage,Low
Streetlight failure,Streetlight,Low
Air pollution,Pollution,Low
Road pothole,Road/Pothole,Low
Garbage overflow,Garbage,Low
Water shortage,Water,Low
Drain blockage,Drainage,Low
Streetlight failure,Streetlight,Low
Air pollution,Pollution,Low
Road pothole,Road/Pothole,Low
Garbage overflow,Garbage,Low
Water shortage,Water,Low
Drain blockage,Drainage,Low
Streetlight failure,Streetlight,Low
Air pollution,Pollution,Low
Road pothole,Road/Pothole,Low
Garbage overflow,Garbage,Low
Water shortage,Water,Low
Drain blockage,Drainage,Low
Streetlight failure,Streetlight,Low
Air pollution,Pollution,Low
Road pothole,Road/Pothole,Low
Garbage overflow,Garbage,Low
Water shortage,Water,Low
Drain blockage,Drainage,Low
Streetlight failure,Streetlight,Low
Air pollution,Pollution,Low
Road pothole,Road/Pothole,Low
Garbage overflow,Garbage,Low
Water shortage,Water,Low
Drain blockage,Drainage,Low
Streetlight failure,Streetlight,Low
Air pollution,Pollution,Low
Road pothole,Road/Pothole,Low
Garbage overflow,Garbage,Low
Water shortage,Water,Low
Drain blockage,Drainage,Low
Streetlight failure,Streetlight,Low
Air pollution,Pollution,Low
Road pothole,Road/Pothole,Low
Garbage overflow,Garbage,Low
Water shortage,Water,Low
Drain blockage,Drainage,Low
Streetlight failure,Streetlight,Low
Air pollution,Pollution,Low
Road pothole,Road/Pothole,Low
Garbage overflow,Garbage,Low
Water shortage,Water,Low
Drain blockage,Drainage,Low
Streetlight failure,Streetlight,Low
Air pollution,Pollution,Low
Road pothole,Road/Pothole,Low
Garbage overflow,Garbage,Low
Water shortage,Water,Low
Drain blockage,Drainage,Low
Streetlight failure,Streetlight,Low
Air pollution,Pollution,Low
Road pothole,Road/Pothole,Low
Garbage overflow,Garbage,Low
Water shortage,Water,Low
Drain blockage,Drainage,Low
Streetlight failure,Streetlight,Low
Air pollution,Pollution,Low
Road pothole,Road/Pothole,Low
Garbage overflow,Garbage,Low
Water shortage,Water,Low
Drain blockage,Drainage,Low
Streetlight failure,Streetlight,Low
Air pollution,Pollution,Low
Road pothole,Road/Pothole,Low
Garbage overflow,Garbage,Low
Water shortage,Water,Low
Drain blockage,Drainage,Low
Streetlight failure,Streetlight,Low
Air pollution,Pollution,Low
Road pothole,Road/Pothole,Low
Garbage overflow,Garbage,Low
Water shortage,Water,Low
Drain blockage,Drainage,Low
Streetlight failure,Streetlight,Low
Air pollution,Pollution,Low
Road pothole,Road/Pothole,Low
Garbage overflow,Garbage,Low
Water shortage,Water,Low
Drain blockage,Drainage,Low
Streetlight failure,Streetlight,Low
Air pollution,Pollution,Low
Road pothole,Road/Pothole,Low
Garbage overflow,Garbage,Low
Water shortage,Water,Low
Drain blockage,Drainage,Low
Streetlight failure,Streetlight,Low
Air pollution,Pollution,Low
Road pothole,Road/Pothole,Low
Garbage overflow,Garbage,Low
Water shortage,Water,Low
Drain blockage,Drainage,Low
Streetlight failure,Streetlight,Low
Air pollution,Pollution,Low
Road pothole,Road/Pothole,Low
Garbage overflow,Garbage,Low
Water shortage,Water,Low
Drain blockage,Drainage,Low
Streetlight failure,Streetlight,Low
Air pollution,Pollution,Low
Road pothole,Road/Pothole,Low
Garbage overflow,Garbage,Low
Water shortage,Water,Low
Drain blockage,Drainage,Low
Streetlight failure,Streetlight,Low
Air pollution,Pollution,Low
Road pothole,Road/Pothole,Low
Garbage overflow,Garbage,Low
Water shortage,Water,Low
Drain blockage,Drainage,Low
Streetlight failure,Streetlight,Low
Air pollution,Pollution,Low
Road pothole,Road/Pothole,Low
Garbage overflow,Garbage,Low
Water shortage,Water,Low
Drain blockage,Drainage,Low
Streetlight failure,Streetlight,Low
Air pollution,Pollution,Low
Road pothole,Road/Pothole,Low
Garbage overflow,Garbage,Low
Water shortage,Water,Low
Drain blockage,Drainage,Low
Streetlight failure,Streetlight,Low
Air pollution,Pollution,Low
Road pothole,Road/Pothole,Low
Garbage overflow,Garbage,Low
Water shortage,Water,Low
Drain blockage,Drainage,Low
Streetlight failure,Streetlight,Low
Air pollution,Pollution,Low
Road pothole,Road/Pothole,Low
Garbage overflow,Garbage,Low
Water shortage,Water,Low
Drain blockage,Drainage,Low
Streetlight failure,Streetlight,Low
Air pollution,Pollution,Low
Road pothole,Road/Pothole,Low
Garbage overflow,Garbage,Low
Water shortage,Water,Low
Drain blockage,Drainage,Low
Streetlight failure,Streetlight,Low
Air pollution,Pollution,Low
